2025-11-21 11:42:19,049 [INFO] Activator:176 - 


2025-11-21 11:42:19,052 [INFO] Activator:177 - !SESSION log4j initialized
2025-11-21 11:42:24,335 [INFO] LogOutputStream:77 - [STDOUT_REDIRECT] 
2025-11-21 11:42:27,954 [INFO] ApplicationProperties:184 - Using Application install path: C:\ST\STM32CubeIDE_1.19.0\STM32CubeIDE\plugins\com.st.stm32cube.common.mx_6.15.0.202507011659
2025-11-21 11:42:27,977 [INFO] DbMcusXml:78 - Set database path to: C:\ST\STM32CubeIDE_1.19.0\STM32CubeIDE\plugins\com.st.stm32cube.common.mx_6.15.0.202507011659\\db\/mcu/
2025-11-21 11:42:27,979 [INFO] ApiDb:274 - Set plugin database path to: C:\ST\STM32CubeIDE_1.19.0\STM32CubeIDE\plugins\com.st.stm32cube.common.mx_6.15.0.202507011659\\db\/plugins/boardmanager/
2025-11-21 11:42:27,980 [WARN] ApiDb:259 - Overriding images path with different value:  => C:\ST\STM32CubeIDE_1.19.0\STM32CubeIDE\plugins\com.st.stm32cube.common.mx_6.15.0.202507011659\\db\/plugins/mcufinder/images/
2025-11-21 11:42:27,988 [INFO] ApiDb:250 - Set database path to: C:\Users\augus\.stmcufinder\plugins\mcufinder//mcu/
2025-11-21 11:42:27,989 [INFO] DbMcusAds:125 - Set database path to: C:\Users\augus\.stmcufinder\plugins\mcufinder//mcu/
2025-11-21 11:42:27,992 [INFO] CrossReferenceDbSqlite:203 - Set database path to: C:\Users\augus\.stmcufinder\plugins\mcufinder//mcu/cs/
2025-11-21 11:42:28,147 [INFO] RulesReader:64 - Compatibility file has been processed (317 Rules)
2025-11-21 11:42:28,297 [INFO] DbMcusXml:78 - Set database path to: C:\ST\STM32CubeIDE_1.19.0\STM32CubeIDE\plugins\com.st.stm32cube.common.mx_6.15.0.202507011659\\db\/mcu/
2025-11-21 11:42:28,297 [INFO] ApiDb:274 - Set plugin database path to: C:\ST\STM32CubeIDE_1.19.0\STM32CubeIDE\plugins\com.st.stm32cube.common.mx_6.15.0.202507011659\\db\/plugins/boardmanager/
2025-11-21 11:42:28,297 [INFO] ApiDb:261 - Set plugin images path to: C:\ST\STM32CubeIDE_1.19.0\STM32CubeIDE\plugins\com.st.stm32cube.common.mx_6.15.0.202507011659\\db\/plugins/mcufinder/images/
2025-11-21 11:42:28,297 [WARN] DbFile:41 - Overriding database path with different value: C:\Users\augus\.stmcufinder\plugins\mcufinder/ => C:\Users\augus\.stmcufinder\plugins\mcufinder
2025-11-21 11:42:28,297 [INFO] ApiDb:250 - Set database path to: C:\Users\augus\.stmcufinder\plugins\mcufinder//mcu/
2025-11-21 11:42:28,298 [WARN] DbFile:41 - Overriding database path with different value: C:\Users\augus\.stmcufinder\plugins\mcufinder/ => C:\Users\augus\.stmcufinder\plugins\mcufinder
2025-11-21 11:42:28,298 [INFO] DbMcusAds:125 - Set database path to: C:\Users\augus\.stmcufinder\plugins\mcufinder//mcu/
2025-11-21 11:42:28,298 [WARN] DbFile:41 - Overriding database path with different value: C:\Users\augus\.stmcufinder\plugins\mcufinder/ => C:\Users\augus\.stmcufinder\plugins\mcufinder
2025-11-21 11:42:28,298 [WARN] DbFile:41 - Overriding database path with different value: C:\Users\augus\.stmcufinder\plugins\mcufinder/ => C:\Users\augus\.stmcufinder\plugins\mcufinder
2025-11-21 11:42:28,298 [INFO] CrossReferenceDbSqlite:203 - Set database path to: C:\Users\augus\.stmcufinder\plugins\mcufinder//mcu/cs/
2025-11-21 11:42:28,416 [INFO] MainPanel:274 - HeapMemory: 268435456
2025-11-21 11:42:28,552 [INFO] DbMcusXml:78 - Set database path to: C:\ST\STM32CubeIDE_1.19.0\STM32CubeIDE\plugins\com.st.stm32cube.common.mx_6.15.0.202507011659\\db\/mcu/
2025-11-21 11:42:28,552 [INFO] ApiDb:274 - Set plugin database path to: C:\ST\STM32CubeIDE_1.19.0\STM32CubeIDE\plugins\com.st.stm32cube.common.mx_6.15.0.202507011659\\db\/plugins/boardmanager/
2025-11-21 11:42:28,552 [INFO] ApiDb:261 - Set plugin images path to: C:\ST\STM32CubeIDE_1.19.0\STM32CubeIDE\plugins\com.st.stm32cube.common.mx_6.15.0.202507011659\\db\/plugins/mcufinder/images/
2025-11-21 11:42:28,552 [WARN] DbFile:41 - Overriding database path with different value: C:\Users\augus\.stmcufinder\plugins\mcufinder/ => C:\Users\augus\.stmcufinder\plugins\mcufinder
2025-11-21 11:42:28,552 [INFO] ApiDb:250 - Set database path to: C:\Users\augus\.stmcufinder\plugins\mcufinder//mcu/
2025-11-21 11:42:28,554 [WARN] DbFile:41 - Overriding database path with different value: C:\Users\augus\.stmcufinder\plugins\mcufinder/ => C:\Users\augus\.stmcufinder\plugins\mcufinder
2025-11-21 11:42:28,554 [INFO] DbMcusAds:125 - Set database path to: C:\Users\augus\.stmcufinder\plugins\mcufinder//mcu/
2025-11-21 11:42:28,554 [WARN] DbFile:41 - Overriding database path with different value: C:\Users\augus\.stmcufinder\plugins\mcufinder/ => C:\Users\augus\.stmcufinder\plugins\mcufinder
2025-11-21 11:42:28,554 [WARN] DbFile:41 - Overriding database path with different value: C:\Users\augus\.stmcufinder\plugins\mcufinder/ => C:\Users\augus\.stmcufinder\plugins\mcufinder
2025-11-21 11:42:28,554 [INFO] CrossReferenceDbSqlite:203 - Set database path to: C:\Users\augus\.stmcufinder\plugins\mcufinder//mcu/cs/
2025-11-21 11:42:28,582 [INFO] ApplicationProperties:184 - Using Application install path: C:\ST\STM32CubeIDE_1.19.0\STM32CubeIDE\plugins\com.st.stm32cube.common.mx_6.15.0.202507011659
2025-11-21 11:42:28,584 [INFO] PluginManage:196 - Search for loadable plugins [exclusion list=, ]
2025-11-21 11:42:28,588 [INFO] PluginManage:310 - Check plugin analytics
2025-11-21 11:42:28,838 [INFO] AnalyticsPlugin:253 - Accepted Software Licenses: STM32CubeMX.6.15.0
2025-11-21 11:42:28,838 [INFO] AnalyticsPlugin:255 - Accepted CMSIS Pack Licenses: 
2025-11-21 11:42:28,838 [INFO] AnalyticsPlugin:257 - Accepted Firmware Licenses: FW.L4.1.18.0
2025-11-21 11:42:28,842 [INFO] PluginManage:359 - Loaded plugin analytics (category:tool,tabindex:-1)
2025-11-21 11:42:28,842 [INFO] PluginManage:310 - Check plugin cadmodel
2025-11-21 11:42:28,849 [INFO] CADModel:105 - Init CAD model plugin
2025-11-21 11:42:28,850 [INFO] PluginManage:359 - Loaded plugin cadmodel (category:power,tabindex:5)
2025-11-21 11:42:28,850 [INFO] PluginManage:310 - Check plugin clock
2025-11-21 11:42:28,859 [INFO] PluginManage:359 - Loaded plugin clock (category:base,tabindex:2)
2025-11-21 11:42:28,859 [INFO] PluginManage:310 - Check plugin ddr
2025-11-21 11:42:28,877 [INFO] PluginManage:359 - Loaded plugin ddr (category:tool,tabindex:6)
2025-11-21 11:42:28,878 [INFO] PluginManage:310 - Check plugin filemanager
2025-11-21 11:42:29,133 [INFO] PluginManage:359 - Loaded plugin filemanager (category:base,tabindex:10)
2025-11-21 11:42:29,133 [INFO] PluginManage:310 - Check plugin ipmanager
2025-11-21 11:42:29,142 [INFO] PluginManage:359 - Loaded plugin ipmanager (category:base,tabindex:5)
2025-11-21 11:42:29,142 [INFO] PluginManage:310 - Check plugin lpbam
2025-11-21 11:42:29,162 [INFO] PluginManage:359 - Loaded plugin lpbam (category:base,tabindex:0)
2025-11-21 11:42:29,162 [INFO] PluginManage:310 - Check plugin memorymap
2025-11-21 11:42:29,178 [INFO] PluginManage:359 - Loaded plugin memorymap (category:base,tabindex:4)
2025-11-21 11:42:29,179 [INFO] PluginManage:310 - Check plugin pinoutandconfiguration
2025-11-21 11:42:29,187 [INFO] PluginManage:359 - Loaded plugin pinoutandconfiguration (category:base,tabindex:1)
2025-11-21 11:42:29,187 [INFO] PluginManage:310 - Check plugin pinoutconfig
2025-11-21 11:42:29,342 [WARN] SupportedApi:132 - Cannot load RTOS API schema: s4s-elt-must-match.1: The content of 'definitions' must match (annotation?, (simpleType | complexType)?, (unique | key | keyref)*)). A problem was found starting at: attribute.
2025-11-21 11:42:29,657 [INFO] PluginManage:359 - Loaded plugin pinoutconfig (category:base,tabindex:0)
2025-11-21 11:42:29,657 [INFO] PluginManage:310 - Check plugin power
2025-11-21 11:42:29,666 [INFO] PluginManage:359 - Loaded plugin power (category:power,tabindex:4)
2025-11-21 11:42:29,666 [INFO] PluginManage:310 - Check plugin projectmanager
2025-11-21 11:42:29,688 [INFO] PluginManage:359 - Loaded plugin projectmanager (category:projectmanager,tabindex:4)
2025-11-21 11:42:29,688 [INFO] PluginManage:310 - Check plugin rif
2025-11-21 11:42:29,699 [INFO] PluginManage:359 - Loaded plugin rif (category:base,tabindex:3)
2025-11-21 11:42:29,699 [INFO] PluginManage:310 - Check plugin thirdparty
2025-11-21 11:42:29,903 [INFO] PluginManage:359 - Loaded plugin thirdparty (category:base,tabindex:-1)
2025-11-21 11:42:29,904 [INFO] PluginManage:310 - Check plugin tools
2025-11-21 11:42:29,903 [WARN] IntegrityCheckThread:84 - waiting for thirdparty lock release [integrity check]
2025-11-21 11:42:29,904 [INFO] IntegrityCheckThread:86 - entering critical section [integrity check]
2025-11-21 11:42:29,905 [INFO] ThirdPartyUpdaterWithRetryManager:70 - Updater plugin not ready yet. [1/15]
2025-11-21 11:42:29,908 [INFO] PluginManage:359 - Loaded plugin tools (category:base,tabindex:7)
2025-11-21 11:42:29,908 [INFO] PluginManage:310 - Check plugin tutovideos
2025-11-21 11:42:30,152 [INFO] PluginManage:359 - Loaded plugin tutovideos (category:base,tabindex:-1)
2025-11-21 11:42:30,152 [INFO] PluginManage:310 - Check plugin updater
2025-11-21 11:42:30,174 [INFO] PluginManage:359 - Loaded plugin updater (category:base,tabindex:12)
2025-11-21 11:42:30,174 [INFO] PluginManage:310 - Check plugin userauth
2025-11-21 11:42:30,178 [INFO] UserAuth:118 - Init User Auth plugin
2025-11-21 11:42:30,180 [INFO] PluginManage:359 - Loaded plugin userauth (category:base,tabindex:14)
2025-11-21 11:42:30,180 [INFO] PluginManage:283 - PluginManage : Loaded plugins [18]
2025-11-21 11:42:30,483 [INFO] PinOutPanel:1589 - setPackage(No Configuration,No Configuration)
2025-11-21 11:42:30,625 [INFO] CADModel:165 - CPN selected for project level
2025-11-21 11:42:30,625 [INFO] CADModel:114 - Register for checkConnection events
2025-11-21 11:42:30,648 [INFO] IPUIPlugin:80 - create IPUIPlugin
2025-11-21 11:42:30,648 [INFO] PluginManager:220 - loadIPPluginJar : add adc
2025-11-21 11:42:30,653 [INFO] IPUIPlugin:80 - create IPUIPlugin
2025-11-21 11:42:30,653 [INFO] PluginManager:220 - loadIPPluginJar : add aes
2025-11-21 11:42:30,657 [INFO] IPUIPlugin:80 - create IPUIPlugin
2025-11-21 11:42:30,657 [INFO] PluginManager:220 - loadIPPluginJar : add can
2025-11-21 11:42:30,660 [INFO] IPUIPlugin:80 - create IPUIPlugin
2025-11-21 11:42:30,660 [INFO] PluginManager:220 - loadIPPluginJar : add comp
2025-11-21 11:42:30,664 [INFO] IPUIPlugin:80 - create IPUIPlugin
2025-11-21 11:42:30,664 [INFO] PluginManager:220 - loadIPPluginJar : add cryp
2025-11-21 11:42:30,670 [INFO] IPUIPlugin:80 - create IPUIPlugin
2025-11-21 11:42:30,670 [INFO] PluginManager:220 - loadIPPluginJar : add ddr_ctrl_phy
2025-11-21 11:42:30,674 [INFO] IPUIPlugin:80 - create IPUIPlugin
2025-11-21 11:42:30,674 [INFO] PluginManager:220 - loadIPPluginJar : add dfsdm
2025-11-21 11:42:30,683 [INFO] IPUIPlugin:80 - create IPUIPlugin
2025-11-21 11:42:30,683 [INFO] PluginManager:220 - loadIPPluginJar : add dma
2025-11-21 11:42:30,687 [INFO] IPUIPlugin:80 - create IPUIPlugin
2025-11-21 11:42:30,687 [INFO] PluginManager:220 - loadIPPluginJar : add dma3
2025-11-21 11:42:30,692 [INFO] IPUIPlugin:80 - create IPUIPlugin
2025-11-21 11:42:30,692 [INFO] PluginManager:220 - loadIPPluginJar : add extmemmanager
2025-11-21 11:42:30,695 [INFO] IPUIPlugin:80 - create IPUIPlugin
2025-11-21 11:42:30,695 [INFO] PluginManager:220 - loadIPPluginJar : add fatfs
2025-11-21 11:42:30,703 [INFO] IPUIPlugin:80 - create IPUIPlugin
2025-11-21 11:42:30,703 [INFO] PluginManager:220 - loadIPPluginJar : add fmc
2025-11-21 11:42:30,710 [INFO] IPUIPlugin:80 - create IPUIPlugin
2025-11-21 11:42:30,710 [INFO] PluginManager:220 - loadIPPluginJar : add freertos
2025-11-21 11:42:30,713 [INFO] IPUIPlugin:80 - create IPUIPlugin
2025-11-21 11:42:30,713 [INFO] PluginManager:220 - loadIPPluginJar : add genericplugin
2025-11-21 11:42:30,716 [INFO] IPUIPlugin:80 - create IPUIPlugin
2025-11-21 11:42:30,716 [INFO] PluginManager:220 - loadIPPluginJar : add gfxmmu
2025-11-21 11:42:30,723 [INFO] IPUIPlugin:80 - create IPUIPlugin
2025-11-21 11:42:30,723 [INFO] PluginManager:220 - loadIPPluginJar : add gic
2025-11-21 11:42:30,728 [INFO] IPUIPlugin:80 - create IPUIPlugin
2025-11-21 11:42:30,729 [INFO] PluginManager:220 - loadIPPluginJar : add gpio
2025-11-21 11:42:30,734 [INFO] IPUIPlugin:80 - create IPUIPlugin
2025-11-21 11:42:30,734 [INFO] PluginManager:220 - loadIPPluginJar : add gtzc
2025-11-21 11:42:30,738 [INFO] IPUIPlugin:80 - create IPUIPlugin
2025-11-21 11:42:30,738 [INFO] PluginManager:220 - loadIPPluginJar : add hash
2025-11-21 11:42:30,741 [INFO] IPUIPlugin:80 - create IPUIPlugin
2025-11-21 11:42:30,741 [INFO] PluginManager:220 - loadIPPluginJar : add i2c
2025-11-21 11:42:30,745 [INFO] IPUIPlugin:80 - create IPUIPlugin
2025-11-21 11:42:30,746 [INFO] PluginManager:220 - loadIPPluginJar : add i2s
2025-11-21 11:42:30,751 [INFO] IPUIPlugin:80 - create IPUIPlugin
2025-11-21 11:42:30,751 [INFO] PluginManager:220 - loadIPPluginJar : add i3c
2025-11-21 11:42:30,755 [INFO] IPUIPlugin:80 - create IPUIPlugin
2025-11-21 11:42:30,755 [INFO] PluginManager:220 - loadIPPluginJar : add ipddr
2025-11-21 11:42:30,763 [INFO] IPUIPlugin:80 - create IPUIPlugin
2025-11-21 11:42:30,763 [INFO] PluginManager:220 - loadIPPluginJar : add linkedlist
2025-11-21 11:42:30,768 [INFO] IPUIPlugin:80 - create IPUIPlugin
2025-11-21 11:42:30,768 [INFO] PluginManager:220 - loadIPPluginJar : add lorawan
2025-11-21 11:42:30,770 [INFO] IPUIPlugin:80 - create IPUIPlugin
2025-11-21 11:42:30,770 [INFO] PluginManager:220 - loadIPPluginJar : add ltdc
2025-11-21 11:42:30,776 [INFO] IPUIPlugin:80 - create IPUIPlugin
2025-11-21 11:42:30,777 [INFO] PluginManager:220 - loadIPPluginJar : add mdma
2025-11-21 11:42:30,782 [INFO] IPUIPlugin:80 - create IPUIPlugin
2025-11-21 11:42:30,782 [INFO] PluginManager:220 - loadIPPluginJar : add nvic
2025-11-21 11:42:30,785 [INFO] IPUIPlugin:80 - create IPUIPlugin
2025-11-21 11:42:30,786 [INFO] PluginManager:220 - loadIPPluginJar : add opamp
2025-11-21 11:42:30,790 [INFO] IPUIPlugin:80 - create IPUIPlugin
2025-11-21 11:42:30,790 [INFO] PluginManager:220 - loadIPPluginJar : add openamp
2025-11-21 11:42:30,794 [INFO] IPUIPlugin:80 - create IPUIPlugin
2025-11-21 11:42:30,794 [INFO] PluginManager:220 - loadIPPluginJar : add pdm2pcm
2025-11-21 11:42:30,805 [INFO] IPUIPlugin:80 - create IPUIPlugin
2025-11-21 11:42:30,809 [INFO] PluginManager:220 - loadIPPluginJar : add plateformsettings
2025-11-21 11:42:30,813 [INFO] IPUIPlugin:80 - create IPUIPlugin
2025-11-21 11:42:30,813 [INFO] PluginManager:220 - loadIPPluginJar : add quadspi
2025-11-21 11:42:30,816 [INFO] IPUIPlugin:80 - create IPUIPlugin
2025-11-21 11:42:30,817 [INFO] PluginManager:220 - loadIPPluginJar : add radio
2025-11-21 11:42:30,822 [INFO] IPUIPlugin:80 - create IPUIPlugin
2025-11-21 11:42:30,823 [INFO] PluginManager:220 - loadIPPluginJar : add resmgrutility
2025-11-21 11:42:30,829 [INFO] IPUIPlugin:80 - create IPUIPlugin
2025-11-21 11:42:30,829 [INFO] PluginManager:220 - loadIPPluginJar : add sai
2025-11-21 11:42:30,833 [INFO] IPUIPlugin:80 - create IPUIPlugin
2025-11-21 11:42:30,833 [INFO] PluginManager:220 - loadIPPluginJar : add spi
2025-11-21 11:42:30,840 [INFO] IPUIPlugin:80 - create IPUIPlugin
2025-11-21 11:42:30,840 [INFO] PluginManager:220 - loadIPPluginJar : add stm32_wpan
2025-11-21 11:42:30,842 [INFO] IPUIPlugin:80 - create IPUIPlugin
2025-11-21 11:42:30,842 [INFO] PluginManager:220 - loadIPPluginJar : add tim
2025-11-21 11:42:30,847 [INFO] IPUIPlugin:80 - create IPUIPlugin
2025-11-21 11:42:30,847 [INFO] PluginManager:220 - loadIPPluginJar : add touchsensing
2025-11-21 11:42:30,850 [INFO] IPUIPlugin:80 - create IPUIPlugin
2025-11-21 11:42:30,850 [INFO] PluginManager:220 - loadIPPluginJar : add tracer_emb
2025-11-21 11:42:30,854 [INFO] IPUIPlugin:80 - create IPUIPlugin
2025-11-21 11:42:30,854 [INFO] PluginManager:220 - loadIPPluginJar : add ts
2025-11-21 11:42:30,856 [INFO] IPUIPlugin:80 - create IPUIPlugin
2025-11-21 11:42:30,856 [INFO] PluginManager:220 - loadIPPluginJar : add tsc
2025-11-21 11:42:30,859 [INFO] IPUIPlugin:80 - create IPUIPlugin
2025-11-21 11:42:30,859 [INFO] PluginManager:220 - loadIPPluginJar : add ucpd
2025-11-21 11:42:30,862 [INFO] IPUIPlugin:80 - create IPUIPlugin
2025-11-21 11:42:30,862 [INFO] PluginManager:220 - loadIPPluginJar : add usart
2025-11-21 11:42:30,867 [INFO] IPUIPlugin:80 - create IPUIPlugin
2025-11-21 11:42:30,867 [INFO] PluginManager:220 - loadIPPluginJar : add usbx
2025-11-21 11:42:31,019 [FATAL] Updater:351 - Updater called before beeing initialized
2025-11-21 11:42:31,050 [INFO] RulesReader:64 - Compatibility file has been processed (317 Rules)
2025-11-21 11:42:31,069 [INFO] RulesReader:64 - Compatibility file has been processed (317 Rules)
2025-11-21 11:42:31,080 [INFO] CADModel:165 - CPN selected for project level
2025-11-21 11:42:31,080 [INFO] CADModel:114 - Register for checkConnection events
2025-11-21 11:42:31,080 [FATAL] Updater:351 - Updater called before beeing initialized
2025-11-21 11:42:31,081 [ERROR] CADModel:125 - Updater not yet initialized, retry later 
2025-11-21 11:42:31,275 [FATAL] Updater:351 - Updater called before beeing initialized
2025-11-21 11:42:31,279 [INFO] CADModel:165 - CPN selected for project level
2025-11-21 11:42:31,279 [INFO] CADModel:114 - Register for checkConnection events
2025-11-21 11:42:31,279 [FATAL] Updater:351 - Updater called before beeing initialized
2025-11-21 11:42:31,279 [ERROR] CADModel:125 - Updater not yet initialized, retry later 
2025-11-21 11:42:31,283 [FATAL] Updater:351 - Updater called before beeing initialized
2025-11-21 11:42:31,436 [FATAL] Updater:351 - Updater called before beeing initialized
2025-11-21 11:42:31,440 [INFO] DbMcusAds:53 - JSON generation date=Mon Nov 10 16:13:01 IST 2025 (1762771381118)
2025-11-21 11:42:31,441 [FATAL] Updater:351 - Updater called before beeing initialized
2025-11-21 11:42:31,486 [WARN] DetailPanel:346 - Failed to get advertising image, set to default
2025-11-21 11:42:31,608 [FATAL] Updater:351 - Updater called before beeing initialized
2025-11-21 11:42:31,610 [FATAL] Updater:351 - Updater called before beeing initialized
2025-11-21 11:42:31,610 [FATAL] Updater:351 - Updater called before beeing initialized
2025-11-21 11:42:31,610 [WARN] DetailPanel:346 - Failed to get advertising image, set to default
2025-11-21 11:42:31,611 [FATAL] Updater:351 - Updater called before beeing initialized
2025-11-21 11:42:31,665 [ERROR] Updater:1198 - MainUpdater not yet initialized. External WinMGr cannot be set.
2025-11-21 11:42:31,668 [INFO] Updater:1134 - Updater Version found : 6.15.0
2025-11-21 11:42:31,682 [INFO] ApplicationProperties:184 - Using Application install path: C:\ST\STM32CubeIDE_1.19.0\STM32CubeIDE\plugins\com.st.stm32cube.common.mx_6.15.0.202507011659
2025-11-21 11:42:32,014 [INFO] MainUpdater:2872 - connection check result : 10
2025-11-21 11:42:32,015 [INFO] MainUpdater:289 - Updater Check For Update Now.
2025-11-21 11:42:32,015 [INFO] MicroXplorer:498 - Change Database Version : DB.6.0.150
2025-11-21 11:42:32,024 [INFO] McuFinderGlobals:63 - Set McuFinder mode to 2 (CubeIDE integrated)
2025-11-21 11:42:32,024 [INFO] UserAuth:171 - activating auth plugin
2025-11-21 11:42:32,027 [INFO] UserAuth:487 - Internet connection configuration mode: 1
2025-11-21 11:42:32,060 [INFO] JxBrowserEngine:152 - Initiate JxBrowser Engine with user profile folder
2025-11-21 11:42:32,243 [INFO] CheckServerUpdateThread:120 - End of CheckServer Thread
2025-11-21 11:42:33,634 [WARN] PackLoader:240 - Cannot read IP mode file for STMicroelectronics.FP-SNS-MOTENVWB1.1.4.0
2025-11-21 11:42:33,657 [WARN] PackLoader:240 - Cannot read IP mode file for STMicroelectronics.FP-ATR-ASTRA1.2.0.2
2025-11-21 11:42:33,688 [WARN] PackLoader:240 - Cannot read IP mode file for STMicroelectronics.X-CUBE-SMBUS.2.1.0
2025-11-21 11:42:33,761 [WARN] PackLoader:240 - Cannot read IP mode file for STMicroelectronics.X-CUBE-AZRTOS-F7.1.1.0
2025-11-21 11:42:33,782 [WARN] PackLoader:240 - Cannot read IP mode file for Cesanta.I-CUBE-Mongoose.7.19.0
2025-11-21 11:42:33,799 [WARN] PackLoader:240 - Cannot read IP mode file for STMicroelectronics.FP-SNS-MOTENV1.5.1.0
2025-11-21 11:42:33,832 [WARN] PackLoader:240 - Cannot read IP mode file for WES.I-CUBE-Cesium.1.4.0
2025-11-21 11:42:33,885 [WARN] PackLoader:240 - Cannot read IP mode file for Infineon.AIROC-Wi-Fi-Bluetooth-STM32.1.7.1
2025-11-21 11:42:33,932 [WARN] PackLoader:240 - Cannot read IP mode file for STMicroelectronics.X-CUBE-AZRTOS-H7.3.4.0
2025-11-21 11:42:33,950 [WARN] PackLoader:240 - Cannot read IP mode file for STMicroelectronics.X-CUBE-DISPLAY.3.0.0
2025-11-21 11:42:33,969 [WARN] PackLoader:240 - Cannot read IP mode file for STMicroelectronics.X-CUBE-NFC10.1.0.0
2025-11-21 11:42:33,981 [WARN] PackLoader:240 - Cannot read IP mode file for STMicroelectronics.X-CUBE-ST60.1.1.0
2025-11-21 11:42:33,992 [WARN] PackLoader:240 - Cannot read IP mode file for emotas.I-CUBE-CANOPEN.1.3.0
2025-11-21 11:42:34,006 [WARN] PackLoader:240 - Cannot read IP mode file for STMicroelectronics.X-CUBE-GNSS1.7.1.0
2025-11-21 11:42:34,020 [WARN] PackLoader:240 - Cannot read IP mode file for STMicroelectronics.FP-SNS-STBOX1.2.1.0
2025-11-21 11:42:34,032 [WARN] PackLoader:240 - Cannot read IP mode file for STMicroelectronics.FP-SNS-SMARTAG2.1.2.0
2025-11-21 11:42:34,041 [WARN] PackLoader:240 - Cannot read IP mode file for STMicroelectronics.FP-SNS-FLIGHT1.5.1.0
2025-11-21 11:42:34,058 [INFO] LogOutputStream:77 - [STDOUT_REDIRECT] 1 : Invalid condition id : UX_CORESTACK_Condition cause : null
2025-11-21 11:42:34,059 [INFO] LogOutputStream:77 - [STDOUT_REDIRECT] 1 : Invalid condition id : UX_CORESTACK_Condition cause : null
2025-11-21 11:42:34,061 [INFO] LogOutputStream:77 - [STDOUT_REDIRECT] 1 : Invalid condition id : UX_CORESTACK_Condition cause : null
2025-11-21 11:42:34,064 [INFO] LogOutputStream:77 - [STDOUT_REDIRECT] 1 : Invalid condition id : UX_CORESTACK_Condition cause : null
2025-11-21 11:42:34,066 [INFO] LogOutputStream:77 - [STDOUT_REDIRECT] 1 : Invalid condition id : UX_CORESTACK_Condition cause : null
2025-11-21 11:42:34,070 [WARN] PackLoader:240 - Cannot read IP mode file for STMicroelectronics.X-CUBE-AZRTOS-WL.2.0.0
2025-11-21 11:42:34,084 [WARN] PackLoader:240 - Cannot read IP mode file for STMicroelectronics.X-CUBE-BLE2.3.3.0
2025-11-21 11:42:34,132 [WARN] PackLoader:240 - Cannot read IP mode file for STMicroelectronics.X-CUBE-NFC9.1.0.0
2025-11-21 11:42:34,132 [INFO] WebApp:169 - Instantiating new browser for Auth
2025-11-21 11:42:34,150 [WARN] PackLoader:240 - Cannot read IP mode file for wolfSSL.I-CUBE-wolfSSL.5.8.2
2025-11-21 11:42:34,186 [WARN] PackLoader:240 - Cannot read IP mode file for STMicroelectronics.X-CUBE-BLE1.7.1.0
2025-11-21 11:42:34,208 [WARN] PackLoader:240 - Cannot read IP mode file for wolfSSL.I-CUBE-wolfMQTT.1.19.2
2025-11-21 11:42:34,250 [WARN] PackLoader:240 - Cannot read IP mode file for STMicroelectronics.X-CUBE-EEPRMA1.5.2.0
2025-11-21 11:42:34,305 [WARN] PackLoader:240 - Cannot read IP mode file for STMicroelectronics.X-CUBE-ST67W61.1.1.0
2025-11-21 11:42:34,405 [WARN] PackLoader:240 - Cannot read IP mode file for STMicroelectronics.X-CUBE-AZRTOS-G0.1.1.0
2025-11-21 11:42:34,436 [WARN] PackLoader:240 - Cannot read IP mode file for STMicroelectronics.X-CUBE-NFC4.3.0.0
2025-11-21 11:42:34,458 [WARN] PackLoader:240 - Cannot read IP mode file for EmbeddedOffice.I-CUBE-FS-RTOS.1.0.1
2025-11-21 11:42:34,472 [WARN] PackLoader:240 - Cannot read IP mode file for STMicroelectronics.X-CUBE-WB05N.2.0.0
2025-11-21 11:42:34,490 [WARN] PackLoader:240 - Cannot read IP mode file for wolfSSL.I-CUBE-wolfTPM.3.8.0
2025-11-21 11:42:34,504 [WARN] PackLoader:240 - Cannot read IP mode file for STMicroelectronics.X-CUBE-TCPP.4.2.0
2025-11-21 11:42:34,524 [WARN] PackLoader:240 - Cannot read IP mode file for RealThread.X-CUBE-RT-Thread_Nano.4.1.1
2025-11-21 11:42:34,536 [WARN] PackLoader:240 - Cannot read IP mode file for STMicroelectronics.FP-ATR-SIGFOX1.3.2.0
2025-11-21 11:42:34,553 [WARN] PackLoader:240 - Cannot read IP mode file for ITTIA_DB.I-CUBE-ITTIADB.8.9.0
2025-11-21 11:42:34,563 [WARN] PackLoader:240 - Cannot read IP mode file for STMicroelectronics.X-CUBE-AI.10.2.0
2025-11-21 11:42:34,624 [WARN] PackLoader:240 - Cannot read IP mode file for SEGGER.I-CUBE-embOS.1.3.1
2025-11-21 11:42:34,686 [WARN] PackLoader:240 - Cannot read IP mode file for STMicroelectronics.X-CUBE-ALGOBUILD.1.4.0
2025-11-21 11:42:34,754 [WARN] PackLoader:240 - Cannot read IP mode file for STMicroelectronics.X-CUBE-MEMS1.11.3.0
2025-11-21 11:42:34,937 [WARN] PackLoader:240 - Cannot read IP mode file for STMicroelectronics.X-CUBE-PM33A1.1.0.0
2025-11-21 11:42:34,966 [WARN] PackLoader:240 - Cannot read IP mode file for STMicroelectronics.X-CUBE-AZRTOS-F4.1.1.0
2025-11-21 11:42:34,982 [WARN] PackLoader:240 - Cannot read IP mode file for STMicroelectronics.X-CUBE-ISPU.2.1.0
2025-11-21 11:42:35,003 [WARN] PackLoader:240 - Cannot read IP mode file for STMicroelectronics.X-CUBE-IPS.3.2.0
2025-11-21 11:42:35,024 [WARN] PackLoader:240 - Cannot read IP mode file for STMicroelectronics.X-CUBE-NFC12.1.0.0
2025-11-21 11:42:35,082 [WARN] PackLoader:240 - Cannot read IP mode file for STMicroelectronics.X-CUBE-AZRTOS-L5.2.0.0
2025-11-21 11:42:35,103 [WARN] PackLoader:240 - Cannot read IP mode file for STMicroelectronics.X-CUBE-NFC6.3.1.0
2025-11-21 11:42:35,115 [WARN] PackLoader:240 - Cannot read IP mode file for STMicroelectronics.X-CUBE-FREERTOS.1.3.1
2025-11-21 11:42:35,123 [WARN] PackLoader:240 - Cannot read IP mode file for STMicroelectronics.X-CUBE-TOUCHGFX.4.26.0
2025-11-21 11:42:35,131 [WARN] PackLoader:240 - Cannot read IP mode file for STMicroelectronics.FP-SNS-STAIOTCFT.1.0.0
2025-11-21 11:42:35,141 [WARN] PackLoader:240 - Cannot read IP mode file for STMicroelectronics.X-CUBE-DPower.1.3.0
2025-11-21 11:42:35,162 [WARN] ConditionMgr:438 - getConditionDescription Invalid condition id : LAN8742 Phy interface Condition cause : null
2025-11-21 11:42:35,165 [WARN] PackLoader:240 - Cannot read IP mode file for STMicroelectronics.X-CUBE-AZRTOS-L4.2.0.0
2025-11-21 11:42:35,167 [WARN] ConditionMgr:1044 - genDependencies : Invalid condition id : LAN8742 Phy interface Condition cause : null
2025-11-21 11:42:35,169 [WARN] ConditionMgr:1044 - genDependencies : Invalid condition id : LAN8742 Phy interface Condition cause : null
2025-11-21 11:42:35,169 [WARN] ConditionMgr:1044 - genDependencies : Invalid condition id : LAN8742 Phy interface Condition cause : null
2025-11-21 11:42:35,185 [WARN] PackLoader:240 - Cannot read IP mode file for STMicroelectronics.X-CUBE-SFXS2LP1.4.0.0
2025-11-21 11:42:35,215 [WARN] PackLoader:240 - Cannot read IP mode file for STMicroelectronics.X-CUBE-BLEMGR.4.1.0
2025-11-21 11:42:35,239 [WARN] ConditionMgr:438 - getConditionDescription Invalid condition id : UX DEVICE CLASS RTOS Condition cause : null
2025-11-21 11:42:35,240 [WARN] ConditionMgr:438 - getConditionDescription Invalid condition id : UX DEVICE CLASS RTOS Condition cause : null
2025-11-21 11:42:35,243 [WARN] PackLoader:240 - Cannot read IP mode file for STMicroelectronics.X-CUBE-AZRTOS-WB.2.0.0
2025-11-21 11:42:35,244 [WARN] ConditionMgr:1044 - genDependencies : Invalid condition id : UX DEVICE CLASS RTOS Condition cause : null
2025-11-21 11:42:35,244 [WARN] ConditionMgr:1044 - genDependencies : Invalid condition id : UX DEVICE CLASS RTOS Condition cause : null
2025-11-21 11:42:35,244 [WARN] ConditionMgr:1044 - genDependencies : Invalid condition id : UX DEVICE CLASS RTOS Condition cause : null
2025-11-21 11:42:35,245 [WARN] ConditionMgr:1044 - genDependencies : Invalid condition id : UX DEVICE CLASS RTOS Condition cause : null
2025-11-21 11:42:35,245 [WARN] ConditionMgr:1044 - genDependencies : Invalid condition id : UX DEVICE CLASS RTOS Condition cause : null
2025-11-21 11:42:35,256 [WARN] ConditionMgr:438 - getConditionDescription Invalid condition id : Cortex-A Device cause : null
2025-11-21 11:42:35,271 [WARN] ConditionMgr:1044 - genDependencies : Invalid condition id : Cortex-A Device cause : null
2025-11-21 11:42:35,272 [WARN] ConditionMgr:1044 - genDependencies : Invalid condition id : Cortex-A Device cause : null
2025-11-21 11:42:35,272 [WARN] ConditionMgr:1044 - genDependencies : Invalid condition id : Cortex-A Device cause : null
2025-11-21 11:42:35,288 [WARN] PackLoader:240 - Cannot read IP mode file for STMicroelectronics.X-CUBE-SUBG2.5.0.0
2025-11-21 11:42:35,327 [WARN] PackLoader:240 - Cannot read IP mode file for STMicroelectronics.X-CUBE-AZRTOS-H7RS.1.1.0
2025-11-21 11:42:35,364 [WARN] PackLoader:240 - Cannot read IP mode file for STMicroelectronics.X-CUBE-AZRTOS-G4.2.0.0
2025-11-21 11:42:35,374 [WARN] PackLoader:240 - Cannot read IP mode file for wolfSSL.I-CUBE-wolfSSH.1.4.20
2025-11-21 11:42:35,383 [WARN] PackLoader:240 - Cannot read IP mode file for STMicroelectronics.X-CUBE-NFC7.2.0.0
2025-11-21 11:42:35,392 [WARN] PackLoader:240 - Cannot read IP mode file for STMicroelectronics.X-CUBE-ALS.1.0.2
2025-11-21 11:42:35,404 [WARN] PackLoader:240 - Cannot read IP mode file for STMicroelectronics.X-CUBE-STSE01.1.0.0
2025-11-21 11:42:35,424 [WARN] PackLoader:240 - Cannot read IP mode file for STMicroelectronics.X-CUBE-TOF1.3.4.3
2025-11-21 11:42:35,441 [INFO] ThirdParty:978 - Integrity check success = true
2025-11-21 11:42:35,442 [INFO] IntegrityCheckThread:100 - exiting critical section [integrity check]
2025-11-21 11:42:35,442 [INFO] IntegrityCheckThread:103 - End integrity checks thread
2025-11-21 11:42:36,374 [INFO] WebApp:463 - Apply proxy settings
2025-11-21 11:42:36,374 [INFO] WebApp:548 - Chromium requires no authentication
2025-11-21 11:42:36,405 [INFO] WebApp:491 - Direct internet connection detected
2025-11-21 11:42:36,474 [INFO] WebApp:900 - Register for checkConnection events
2025-11-21 11:42:36,474 [INFO] WebApp:463 - Apply proxy settings
2025-11-21 11:42:36,474 [INFO] WebApp:548 - Chromium requires no authentication
2025-11-21 11:42:36,475 [INFO] WebApp:491 - Direct internet connection detected
2025-11-21 11:42:36,906 [INFO] WebApp:225 - Starting web application
2025-11-21 11:42:36,906 [INFO] WebApp:593 - Web application path used C:\ST\STM32CubeIDE_1.19.0\STM32CubeIDE\plugins\com.st.stm32cube.common.mx_6.15.0.202507011659\db\plugins\mcufinder\reactClient1\index.html
2025-11-21 11:42:37,705 [INFO] WebApp:191 - Connection restablished
2025-11-21 11:42:43,508 [INFO] McuFinderGlobals:63 - Set McuFinder mode to 2 (CubeIDE integrated)
2025-11-21 11:42:43,513 [INFO] MainUpdater:2872 - connection check result : 10
2025-11-21 11:42:44,041 [INFO] ApiDb:581 - Connected to CubeFinder SQLite database (C:\Users\augus\.stmcufinder\plugins\mcufinder\mcu\cube-finder-db.db)
2025-11-21 11:42:44,235 [INFO] ApiDb:668 - CubeFinder database Data Model version=2.1
2025-11-21 11:42:44,235 [INFO] ApiDb:669 - CubeFinder database Configuration version=3.0.39
2025-11-21 11:42:44,235 [INFO] ApiDb:670 - CubeFinder database generation date=2025-11-05 (1762334721)
2025-11-21 11:42:44,235 [INFO] ApiDb:671 - CubeFinder database FW Pack versions=[FP-ATR-ASTRA1_V2.0.0, FP-SNS-FLIGHT1_V5.1.0, FP-SNS-MOTENV1_V5.1.0, FP-SNS-MOTENVWB1_V1.4.0, FP-SNS-SMARTAG2_V1.2.0, FP-SNS-STBOX1_V2.1.0, STM32Cube_FW_C0_V1.4.0, STM32Cube_FW_F4_V1.28.3, STM32Cube_FW_F7_V1.17.4, STM32Cube_FW_G0_V1.6.2, STM32Cube_FW_G4_V1.6.1, STM32Cube_FW_H5_V1.5.1, STM32Cube_FW_H7RS_V1.3.0, STM32Cube_FW_H7_V1.12.1, STM32Cube_FW_L0_V1.12.2, STM32Cube_FW_L4_V1.18.1, STM32Cube_FW_L5_V1.6.0, STM32Cube_FW_N6_V1.3.0, STM32Cube_FW_U0_V1.3.0, STM32Cube_FW_U3_V1.2.1, STM32Cube_FW_U5_V1.8.0, STM32Cube_FW_WB0_V1.4.0, STM32Cube_FW_WBA_V1.8.0, STM32Cube_FW_WB_V1.24.0, STM32Cube_FW_WL3_V1.3.0, STM32Cube_FW_WL_V1.4.0, X-CUBE-ALGOBUILD_V1.4.0, X-CUBE-ALS_V1.0.2, X-CUBE-AZRTOS-F4_V1.1.0, X-CUBE-AZRTOS-F7_V1.1.0, X-CUBE-AZRTOS-G0_V1.1.0, X-CUBE-AZRTOS-G4_V2.0.0, X-CUBE-AZRTOS-H7RS_V1.1.0, X-CUBE-AZRTOS-H7_V3.4.0, X-CUBE-AZRTOS-L4_V2.0.0, X-CUBE-AZRTOS-L5_V2.0.0, X-CUBE-AZRTOS-WB_V2.0.0, X-CUBE-AZRTOS-WL_V2.0.0, X-CUBE-BLE1_V7.1.0, X-CUBE-BLE2_V3.3.0, X-CUBE-BLEMGR_V4.1.0, X-CUBE-EEPRMA1_V5.2.0, X-CUBE-FREERTOS_V1.3.1, X-CUBE-GNSS1_V6.0.0, X-CUBE-MEMS1_V11.3.0, X-CUBE-NFC4_V3.0.0, X-CUBE-NFC7_V2.0.0, X-CUBE-SFXS2LP1_V4.0.0, X-CUBE-ST67W61_V1.1.0, X-CUBE-SUBG2_V5.0.0, X-CUBE-TOF1_V3.4.3]
2025-11-21 11:42:47,790 [INFO] ApiDb:240 - Found 880 in-development CPN: [B-G473E-ZEST1S, B-WB1M-WPAN1, B-WBA5M-WPAN, B-WL5M-SUBG1, NUCLEO-C031C6, NUCLEO-C051C8, NUCLEO-C071RB, NUCLEO-C092RC, NUCLEO-H503RB, NUCLEO-H533RE, NUCLEO-H563ZI, NUCLEO-H7S3L8, NUCLEO-N657X0-Q, NUCLEO-U031R8, NUCLEO-U083RC, NUCLEO-U385RG-Q, NUCLEO-U545RE-Q, NUCLEO-U5A5ZJ-Q, NUCLEO-WB05KZ, NUCLEO-WB07CC, NUCLEO-WB09KE, NUCLEO-WBA52CG, NUCLEO-WBA55CG, NUCLEO-WL33CC1, NUCLEO-WL33CC2, STEVAL-PROTEUS1, STEVAL-SMARTAG2, STEVAL-STWINBX1, STM320518-EVAL, STM32C0116-DK, STM32C011D6Y3TR, STM32C011D6Y6TR, STM32C011F4P3, STM32C011F4P6, STM32C011F4U3, STM32C011F4U6TR, STM32C011F6P3, STM32C011F6P6, STM32C011F6U3, STM32C011F6U6TR, STM32C011J4M3, STM32C011J4M6, STM32C011J6M3, STM32C011J6M6, STM32C0316-DK, STM32C031C4T3, STM32C031C4T6, STM32C031C4U3, STM32C031C4U6, STM32C031C6T3, STM32C031C6T6, STM32C031C6U3, STM32C031C6U6, STM32C031F4P3, STM32C031F4P6, STM32C031F6P3, STM32C031F6P6, STM32C031G4U3, STM32C031G4U6, STM32C031G6U3, STM32C031G6U6, STM32C031K4T3, STM32C031K4T6, STM32C031K4U3, STM32C031K4U6, STM32C031K6T3, STM32C031K6T6, STM32C031K6U3, STM32C031K6U6, STM32C051C6T6, STM32C051C6U6, STM32C051C8T6, STM32C051C8U6, STM32C051D8Y6TR, STM32C051F6P6, STM32C051F8P6, STM32C051G6U6, STM32C051G8U6, STM32C051K6T6, STM32C051K6U6, STM32C051K8T6, STM32C071C8T6, STM32C071C8T6N, STM32C071C8U6, STM32C071C8U6N, STM32C071CBT6, STM32C071CBT6N, STM32C071CBU6, STM32C071CBU6N, STM32C071F8P6, STM32C071F8P6N, STM32C071FBP6, STM32C071FBP6N, STM32C071FBY6TR, STM32C071G8U6, STM32C071G8U6N, STM32C071GBU6, STM32C071GBU6N, STM32C071K8T6, STM32C071K8T6N, STM32C071K8U6, STM32C071K8U6N, STM32C071KBT6, STM32C071KBT6N, STM32C071KBU6, STM32C071KBU6N, STM32C071R8T6, STM32C071R8T6N, STM32C071RBI6N, STM32C071RBT6, STM32C071RBT6N, STM32C091CBT6, STM32C091CBU6, STM32C091CCT6, STM32C091CCU6, STM32C091ECY6TR, STM32C091FBP6, STM32C091FCP6, STM32C091GBU6, STM32C091GCU6, STM32C091KBT6, STM32C091KBU6, STM32C091KCT6, STM32C091KCU6, STM32C091RBT6, STM32C091RCI6, STM32C091RCT6, STM32C092CBT6, STM32C092CBU6, STM32C092CCT6, STM32C092CCU6, STM32C092ECY6TR, STM32C092FBP6, STM32C092FCP6, STM32C092GBU6, STM32C092GCU6, STM32C092KBT6, STM32C092KBU6, STM32C092KCT6, STM32C092KCU6, STM32C092RBT6, STM32C092RCI6, STM32C092RCT6, STM32G071K8TXN, STM32G071K8UXN, STM32G081GBU6N, STM32G081KBT6N, STM32G081KBUXN, STM32G0B1CCT6N, STM32G0B1KCT6, STM32G0B1NEY6TR, STM32G0B1RCT6N, STM32G0C1CCT6, STM32G0C1CCT6N, STM32G0C1CCU6N, STM32G0C1CET6N, STM32G0C1CEU6N, STM32G0C1KCT6, STM32G0C1NEY6TR, STM32G0C1RCI6N, STM32G0C1RCT6N, STM32G0C1REI6N, STM32G0C1RET6N, STM32G0C1VCI6, STM32G0C1VEI6, STM32G411C6T3, STM32G411C6T6, STM32G411C6U3, STM32G411C6U6, STM32G411C8T3, STM32G411C8T6, STM32G411C8U3, STM32G411C8U6, STM32G411CBT3, STM32G411CBT6, STM32G411CBU3, STM32G411CBU6, STM32G411K6T3, STM32G411K6T6, STM32G411K6U3, STM32G411K6U6, STM32G411K8T3, STM32G411K8T6, STM32G411K8U3, STM32G411K8U6, STM32G411KBT3, STM32G411KBT6, STM32G411KBU3, STM32G411KBU6, STM32G411M6T3, STM32G411M6T6, STM32G411M8T3, STM32G411M8T6, STM32G411MBT3, STM32G411MBT6, STM32G411R6T3, STM32G411R6T6, STM32G411R8T3, STM32G411R8T6, STM32G411RBT3, STM32G411RBT6, STM32G414CBT3, STM32G414CBT6, STM32G414CBU3, STM32G414CBU6, STM32G414CCT3, STM32G414CCT6, STM32G414CCU3, STM32G414CCU6, STM32G414MBT3, STM32G414MBT6, STM32G414MCT3, STM32G414MCT6, STM32G414RBT3, STM32G414RBT6, STM32G414RCT3, STM32G414RCT6, STM32G414VBT3, STM32G414VBT6, STM32G414VCT3, STM32G414VCT6, STM32G431CBT3Z, STM32G431RBT3Z, STM32G471CCT6, STM32G471CCU6, STM32G471CET3, STM32G471CET6, STM32G471CEU3, STM32G471CEU6, STM32G471MCT6, STM32G471MET3, STM32G471MET6, STM32G471MEY6TR, STM32G471QCT6, STM32G471QET3, STM32G471RCT6, STM32G471RET3, STM32G471RET6, STM32G471VCH6, STM32G471VCI6, STM32G471VCT6, STM32G471VEH3, STM32G471VEH6, STM32G471VEI3, STM32G471VEI6, STM32G471VET3, STM32G471VET6, STM32G473QET3Z, STM32G473RET3Z, STM32G474CCT6, STM32G491RET3Z, STM32H503CBT6, STM32H503CBU6, STM32H503EBY6TR, STM32H503KBU6, STM32H503RBT6, STM32H523CCT6, STM32H523CCU6, STM32H523CET6, STM32H523CEU6, STM32H523HEY6TR, STM32H523RCT6, STM32H523RET6, STM32H523VCI6, STM32H523VCT6, STM32H523VEI6, STM32H523VET6, STM32H523ZCJ6, STM32H523ZCT6, STM32H523ZEJ6, STM32H523ZET6, STM32H533CET6, STM32H533CEU6, STM32H533HEY6TR, STM32H533RET6, STM32H533VEI6, STM32H533VET6, STM32H533ZEJ6, STM32H533ZET6, STM32H562AGI6, STM32H562AII6, STM32H562IGK6, STM32H562IGT6, STM32H562IIK6, STM32H562IIT6, STM32H562RGT6, STM32H562RGV6, STM32H562RIT6, STM32H562RIV6, STM32H562VGT6, STM32H562VIT6, STM32H562ZGT6, STM32H562ZIT6, STM32H563AGI6, STM32H563AII3Q, STM32H563AII6, STM32H563IGK6, STM32H563IGT6, STM32H563IIK3Q, STM32H563IIK6, STM32H563IIT3Q, STM32H563IIT6, STM32H563MIY3QTR, STM32H563RGT6, STM32H563RGV6, STM32H563RIT6, STM32H563RIV6, STM32H563VGT6, STM32H563VIT3Q, STM32H563VIT6, STM32H563ZGT6, STM32H563ZIT3Q, STM32H563ZIT6, STM32H573AII3Q, STM32H573AII6, STM32H573I-DK, STM32H573IIK3Q, STM32H573IIK6, STM32H573IIT3Q, STM32H573IIT6, STM32H573MIY3QTR, STM32H573RIT6, STM32H573RIV6, STM32H573VIT3Q, STM32H573VIT6, STM32H573ZIT3Q, STM32H573ZIT6, STM32H7R3A8I6, STM32H7R3I8K6, STM32H7R3I8T6, STM32H7R3L8H6, STM32H7R3L8H6H, STM32H7R3R8V6, STM32H7R3V8H6, STM32H7R3V8T6, STM32H7R3V8Y6TR, STM32H7R3Z8J6, STM32H7R3Z8T6, STM32H7R7A8I6, STM32H7R7I8K6, STM32H7R7I8T6, STM32H7R7L8H6, STM32H7R7L8H6H, STM32H7R7Z8J6, STM32H7S3A8I6, STM32H7S3I8K6, STM32H7S3I8T6, STM32H7S3L8H6, STM32H7S3L8H6H, STM32H7S3R8V6, STM32H7S3V8H6, STM32H7S3V8T6, STM32H7S3V8Y6TR, STM32H7S3Z8J6, STM32H7S3Z8T6, STM32H7S78-DK, STM32H7S7A8I6, STM32H7S7I8K6, STM32H7S7I8T6, STM32H7S7L8H6, STM32H7S7L8H6H, STM32H7S7Z8J6, STM32L4R5QGI6STR, STM32MP131AAE3, STM32MP131AAF3, STM32MP131AAG3, STM32MP131CAE3, STM32MP131CAF3, STM32MP131CAG3, STM32MP131DAE7, STM32MP131DAF7, STM32MP131DAG7, STM32MP131FAE7, STM32MP131FAF7, STM32MP131FAG7, STM32MP133AAE3, STM32MP133AAF3, STM32MP133AAG3, STM32MP133CAE3, STM32MP133CAF3, STM32MP133CAG3, STM32MP133DAE7, STM32MP133DAF7, STM32MP133DAG7, STM32MP133FAE7, STM32MP133FAF7, STM32MP133FAG7, STM32MP135AAE3, STM32MP135AAF3, STM32MP135AAG3, STM32MP135CAE3, STM32MP135CAF3, STM32MP135CAG3, STM32MP135DAE7, STM32MP135DAF7, STM32MP135DAG7, STM32MP135F-DK, STM32MP135FAE7, STM32MP135FAF7, STM32MP135FAF7T, STM32MP135FAF7U, STM32MP135FAG7, STM32MP211AAL3, STM32MP211AAM3, STM32MP211AAN3, STM32MP211AAO3, STM32MP211CAL3, STM32MP211CAM3, STM32MP211CAN3, STM32MP211CAO3, STM32MP211DAL3, STM32MP211DAM3, STM32MP211DAN3, STM32MP211DAO3, STM32MP211FAL3, STM32MP211FAM3, STM32MP211FAN3, STM32MP211FAO3, STM32MP213AAL3, STM32MP213AAM3, STM32MP213AAN3, STM32MP213AAO3, STM32MP213CAL3, STM32MP213CAM3, STM32MP213CAN3, STM32MP213CAO3, STM32MP213DAL3, STM32MP213DAM3, STM32MP213DAN3, STM32MP213DAO3, STM32MP213FAL3, STM32MP213FAM3, STM32MP213FAN3, STM32MP213FAO3, STM32MP215AAL3, STM32MP215AAM3, STM32MP215AAN3, STM32MP215AAO3, STM32MP215CAL3, STM32MP215CAM3, STM32MP215CAN3, STM32MP215CAO3, STM32MP215DAL3, STM32MP215DAM3, STM32MP215DAN3, STM32MP215DAO3, STM32MP215F-DK, STM32MP215FAL3, STM32MP215FAM3, STM32MP215FAN3, STM32MP215FAO3, STM32MP231AAJ3, STM32MP231AAK3, STM32MP231AAL3, STM32MP231CAJ3, STM32MP231CAK3, STM32MP231CAL3, STM32MP231DAJ3, STM32MP231DAK3, STM32MP231DAL3, STM32MP231FAJ3, STM32MP231FAK3, STM32MP231FAL3, STM32MP233AAJ3, STM32MP233AAK3, STM32MP233AAL3, STM32MP233CAJ3, STM32MP233CAK3, STM32MP233CAL3, STM32MP233DAJ3, STM32MP233DAK3, STM32MP233DAL3, STM32MP233FAJ3, STM32MP233FAK3, STM32MP233FAL3, STM32MP235AAJ3, STM32MP235AAK3, STM32MP235AAL3, STM32MP235CAJ3, STM32MP235CAK3, STM32MP235CAL3, STM32MP235DAJ3, STM32MP235DAK3, STM32MP235DAL3, STM32MP235FAJ3, STM32MP235FAK3, STM32MP235FAL3, STM32MP251AAI3, STM32MP251AAK3, STM32MP251AAL3, STM32MP251CAI3, STM32MP251CAK3, STM32MP251CAL3, STM32MP251DAI3, STM32MP251DAK3, STM32MP251DAL3, STM32MP251FAI3, STM32MP251FAK3, STM32MP251FAL3, STM32MP253AAI3, STM32MP253AAK3, STM32MP253AAL3, STM32MP253CAI3, STM32MP253CAK3, STM32MP253CAL3, STM32MP253DAI3, STM32MP253DAK3, STM32MP253DAL3, STM32MP253FAI3, STM32MP253FAK3, STM32MP253FAL3, STM32MP255AAI3, STM32MP255AAK3, STM32MP255AAL3, STM32MP255CAI3, STM32MP255CAK3, STM32MP255CAL3, STM32MP255DAI3, STM32MP255DAK3, STM32MP255DAL3, STM32MP255FAI3, STM32MP255FAK3, STM32MP255FAL3, STM32MP257AAI3, STM32MP257AAK3, STM32MP257AAL3, STM32MP257CAI3, STM32MP257CAK3, STM32MP257CAL3, STM32MP257DAI3, STM32MP257DAK3, STM32MP257DAL3, STM32MP257F-DK, STM32MP257F-EV1, STM32MP257FAI3, STM32MP257FAK3, STM32MP257FAL3, STM32N645A0H3Q, STM32N645B0H3Q, STM32N645I0H3Q, STM32N645L0H3Q, STM32N645X0H3Q, STM32N645Z0H3Q, STM32N647A0H3Q, STM32N647B0H3Q, STM32N647I0H3Q, STM32N647L0H3Q, STM32N647X0H3Q, STM32N647Z0H3Q, STM32N655A0H3Q, STM32N655B0H3Q, STM32N655I0H3Q, STM32N655L0H3Q, STM32N655X0H3Q, STM32N655Z0H3Q, STM32N6570-DK, STM32N657A0H3Q, STM32N657B0H3Q, STM32N657I0H3Q, STM32N657L0H3Q, STM32N657X0H3Q, STM32N657Z0H3Q, STM32U031C6T6, STM32U031C6U6, STM32U031C8T6, STM32U031C8U6, STM32U031F4P6, STM32U031F6P6, STM32U031F8P6, STM32U031G6Y6TR, STM32U031G8Y6TR, STM32U031K4U6, STM32U031K6U6, STM32U031K8U6, STM32U031R6I6, STM32U031R6T6, STM32U031R8I6, STM32U031R8T6, STM32U073C8T6, STM32U073C8U6, STM32U073CBT6, STM32U073CBU6, STM32U073CCT6, STM32U073CCU6, STM32U073H8Y6TR, STM32U073HBY6TR, STM32U073HCY6TR, STM32U073K8U6, STM32U073KBU6, STM32U073KCU6, STM32U073M8I6, STM32U073M8T6, STM32U073MBI6, STM32U073MBT6, STM32U073MCI6, STM32U073MCT6, STM32U073R8I6, STM32U073R8T6, STM32U073RBI6, STM32U073RBT6, STM32U073RCI6, STM32U073RCT6, STM32U083C-DK, STM32U083CCT6, STM32U083CCU6, STM32U083HCY6TR, STM32U083KCU6, STM32U083MCI6, STM32U083MCT6, STM32U083RCI6, STM32U083RCT6, STM32U375CET6, STM32U375CET6Q, STM32U375CEU6, STM32U375CEU6Q, STM32U375CEY6QTR, STM32U375CGT6, STM32U375CGT6Q, STM32U375CGU6, STM32U375CGU6Q, STM32U375CGY6QTR, STM32U375KEU6, STM32U375KGU6, STM32U375REI6, STM32U375REI6Q, STM32U375RET6, STM32U375RET6Q, STM32U375REY6GTR, STM32U375REY6QTR, STM32U375RGI6, STM32U375RGI6Q, STM32U375RGT6, STM32U375RGT6Q, STM32U375RGY6GTR, STM32U375RGY6QTR, STM32U375VEI6, STM32U375VEI6Q, STM32U375VET6, STM32U375VET6Q, STM32U375VGI6, STM32U375VGI6Q, STM32U375VGT6, STM32U375VGT6Q, STM32U385CGT6, STM32U385CGT6Q, STM32U385CGU6, STM32U385CGU6Q, STM32U385CGY6QTR, STM32U385KGU6, STM32U385RGI6, STM32U385RGI6Q, STM32U385RGT6, STM32U385RGT6Q, STM32U385RGY6GTR, STM32U385RGY6QTR, STM32U385VGI6, STM32U385VGI6Q, STM32U385VGT6, STM32U385VGT6Q, STM32U535CBT6, STM32U535CBT6Q, STM32U535CBU6, STM32U535CBU6Q, STM32U535CCT6, STM32U535CCT6Q, STM32U535CCU6, STM32U535CCU6Q, STM32U535CET6, STM32U535CET6Q, STM32U535CEU6, STM32U535CEU6Q, STM32U535JEY6QTR, STM32U535NCY6QTR, STM32U535NEY6QTR, STM32U535RBI6, STM32U535RBI6Q, STM32U535RBT6, STM32U535RBT6Q, STM32U535RCI6, STM32U535RCI6Q, STM32U535RCT6, STM32U535RCT6Q, STM32U535REI6, STM32U535REI6Q, STM32U535RET6, STM32U535RET6Q, STM32U535VCI6, STM32U535VCI6Q, STM32U535VCT6, STM32U535VCT6Q, STM32U535VEI6, STM32U535VEI6Q, STM32U535VET6, STM32U535VET6Q, STM32U545CET6, STM32U545CET6Q, STM32U545CEU6, STM32U545CEU6Q, STM32U545JEY6QTR, STM32U545NEY6QTR, STM32U545REI6, STM32U545REI6Q, STM32U545RET6, STM32U545RET6Q, STM32U545VEI6, STM32U545VEI6Q, STM32U545VET6, STM32U545VET6Q, STM32U595AIH6, STM32U595AIH6Q, STM32U595AJH6, STM32U595AJH6Q, STM32U595QII6, STM32U595QII6Q, STM32U595QJI6, STM32U595QJI6Q, STM32U595RIT6, STM32U595RIT6Q, STM32U595RJT6, STM32U595RJT6Q, STM32U595VIT6, STM32U595VIT6Q, STM32U595VJT6, STM32U595VJT6Q, STM32U595ZIT6, STM32U595ZIT6Q, STM32U595ZIY6QTR, STM32U595ZJT6, STM32U595ZJT6Q, STM32U595ZJY6QTR, STM32U599BJY6QTR, STM32U599NIH6Q, STM32U599NJH6Q, STM32U599VIT6Q, STM32U599VJT6, STM32U599VJT6Q, STM32U599ZIT6Q, STM32U599ZIY6QTR, STM32U599ZJT6Q, STM32U599ZJY6QTR, STM32U5A5AJH6, STM32U5A5AJH6Q, STM32U5A5QII3Q , STM32U5A5QJI6, STM32U5A5QJI6Q, STM32U5A5RJT6, STM32U5A5RJT6Q, STM32U5A5VJT6, STM32U5A5VJT6Q, STM32U5A5ZJT6, STM32U5A5ZJT6Q, STM32U5A5ZJY6QTR, STM32U5A9BJY6QTR, STM32U5A9J-DK, STM32U5A9NJH6Q, STM32U5A9VJT6Q, STM32U5A9ZJT6Q, STM32U5A9ZJY6QTR, STM32U5F7VIT6, STM32U5F7VIT6Q, STM32U5F7VJT6, STM32U5F7VJT6Q, STM32U5F9BJY6QTR, STM32U5F9NJH6Q, STM32U5F9VIT6Q, STM32U5F9VJT6Q, STM32U5F9ZIJ6QTR, STM32U5F9ZIT6Q, STM32U5F9ZJJ6QTR, STM32U5F9ZJT6Q, STM32U5G7VJT6, STM32U5G7VJT6Q, STM32U5G9BJY6QTR, STM32U5G9J-DK1, STM32U5G9J-DK2, STM32U5G9NJH6Q, STM32U5G9VJT6Q, STM32U5G9ZJJ6QTR, STM32U5G9ZJT6Q, STM32WB05KZV6TR, STM32WB05KZV7TR, STM32WB05TZF6TR, STM32WB05TZF7TR, STM32WB06CCF6TR, STM32WB06CCF7TR, STM32WB06CCV6TR, STM32WB06CCV7TR, STM32WB06KCV6TR, STM32WB06KCV7TR, STM32WB07CCF6TR, STM32WB07CCF7TR, STM32WB07CCV6TR, STM32WB07CCV7TR, STM32WB07KCV6TR, STM32WB07KCV7TR, STM32WB09KEV6TR, STM32WB09KEV7TR, STM32WB09TEF6TR, STM32WB09TEF7TR, STM32WB1MMCH6, STM32WBA50KGU6, STM32WBA50KGU6TR, STM32WBA52CEU6, STM32WBA52CEU6TR, STM32WBA52CEU7, STM32WBA52CEU7TR, STM32WBA52CGU6, STM32WBA52CGU6TR, STM32WBA52CGU6U, STM32WBA52CGU7, STM32WBA52CGU7TR, STM32WBA52KEU6, STM32WBA52KEU6TR, STM32WBA52KGU6, STM32WBA52KGU6TR, STM32WBA54CEU6, STM32WBA54CEU6TR, STM32WBA54CEU7, STM32WBA54CEU7TR, STM32WBA54CGU6, STM32WBA54CGU6TR, STM32WBA54CGU7, STM32WBA54CGU7TR, STM32WBA54KEU6, STM32WBA54KEU6TR, STM32WBA54KEU7, STM32WBA54KEU7TR, STM32WBA54KGU6, STM32WBA54KGU6TR, STM32WBA54KGU7, STM32WBA54KGU7TR, STM32WBA55CEU6, STM32WBA55CEU6TR, STM32WBA55CEU7, STM32WBA55CEU7TR, STM32WBA55CGU6, STM32WBA55CGU6TR, STM32WBA55CGU6U, STM32WBA55CGU7, STM32WBA55CGU7TR, STM32WBA55G-DK1, STM32WBA55HEF6, STM32WBA55HEF7, STM32WBA55HGF6, STM32WBA55HGF7, STM32WBA55UEI6, STM32WBA55UEI6TR, STM32WBA55UEI7, STM32WBA55UEI7TR, STM32WBA55UGI6, STM32WBA55UGI6TR, STM32WBA55UGI7, STM32WBA55UGI7TR, STM32WBA5MMGH6TR, STM32WBA62MGF6, STM32WBA62MIF6, STM32WBA65MGF7, STM32WBA65MIF6, STM32WBA65MIF7, STM32WL30K8V6, STM32WL30KBV6, STM32WL31C8V6, STM32WL31CBV6, STM32WL31K8V6, STM32WL31KBV6, STM32WL33C8V6, STM32WL33C8V6X, STM32WL33CBV6, STM32WL33CBV6X, STM32WL33CCV6, STM32WL33CCV6A, STM32WL33CCV6X, STM32WL33K8V7, STM32WL33K8V7X, STM32WL33KBV7 , STM32WL33KBV7X, STM32WL33KCV7, STM32WL33KCV7X, STM32WL5MOCH6, STM32WL5MOCH6TR]
2025-11-21 11:42:47,821 [INFO] DbMcus:218 - Found 4876 MCUs, 4876 are supported
2025-11-21 11:42:47,822 [INFO] ApiDb:423 - Load user favorites file C:\Users\augus/.stm32cubeide/favorites.mcus.txt: 0 item(s)
2025-11-21 11:42:47,822 [INFO] ApiDb:427 - User favorites MCUs=[]
2025-11-21 11:42:47,822 [INFO] DbMcus:224 - Set 0 / 0 favorites MCUs
2025-11-21 11:42:48,365 [INFO] ApiDb:668 - CubeFinder database Data Model version=2.1
2025-11-21 11:42:48,365 [INFO] ApiDb:669 - CubeFinder database Configuration version=3.0.39
2025-11-21 11:42:48,365 [INFO] ApiDb:670 - CubeFinder database generation date=2025-11-05 (1762334721)
2025-11-21 11:42:48,365 [INFO] ApiDb:671 - CubeFinder database FW Pack versions=[FP-ATR-ASTRA1_V2.0.0, FP-SNS-FLIGHT1_V5.1.0, FP-SNS-MOTENV1_V5.1.0, FP-SNS-MOTENVWB1_V1.4.0, FP-SNS-SMARTAG2_V1.2.0, FP-SNS-STBOX1_V2.1.0, STM32Cube_FW_C0_V1.4.0, STM32Cube_FW_F4_V1.28.3, STM32Cube_FW_F7_V1.17.4, STM32Cube_FW_G0_V1.6.2, STM32Cube_FW_G4_V1.6.1, STM32Cube_FW_H5_V1.5.1, STM32Cube_FW_H7RS_V1.3.0, STM32Cube_FW_H7_V1.12.1, STM32Cube_FW_L0_V1.12.2, STM32Cube_FW_L4_V1.18.1, STM32Cube_FW_L5_V1.6.0, STM32Cube_FW_N6_V1.3.0, STM32Cube_FW_U0_V1.3.0, STM32Cube_FW_U3_V1.2.1, STM32Cube_FW_U5_V1.8.0, STM32Cube_FW_WB0_V1.4.0, STM32Cube_FW_WBA_V1.8.0, STM32Cube_FW_WB_V1.24.0, STM32Cube_FW_WL3_V1.3.0, STM32Cube_FW_WL_V1.4.0, X-CUBE-ALGOBUILD_V1.4.0, X-CUBE-ALS_V1.0.2, X-CUBE-AZRTOS-F4_V1.1.0, X-CUBE-AZRTOS-F7_V1.1.0, X-CUBE-AZRTOS-G0_V1.1.0, X-CUBE-AZRTOS-G4_V2.0.0, X-CUBE-AZRTOS-H7RS_V1.1.0, X-CUBE-AZRTOS-H7_V3.4.0, X-CUBE-AZRTOS-L4_V2.0.0, X-CUBE-AZRTOS-L5_V2.0.0, X-CUBE-AZRTOS-WB_V2.0.0, X-CUBE-AZRTOS-WL_V2.0.0, X-CUBE-BLE1_V7.1.0, X-CUBE-BLE2_V3.3.0, X-CUBE-BLEMGR_V4.1.0, X-CUBE-EEPRMA1_V5.2.0, X-CUBE-FREERTOS_V1.3.1, X-CUBE-GNSS1_V6.0.0, X-CUBE-MEMS1_V11.3.0, X-CUBE-NFC4_V3.0.0, X-CUBE-NFC7_V2.0.0, X-CUBE-SFXS2LP1_V4.0.0, X-CUBE-ST67W61_V1.1.0, X-CUBE-SUBG2_V5.0.0, X-CUBE-TOF1_V3.4.3]
2025-11-21 11:42:48,444 [INFO] DbBoardsSqlite:226 - include board P-NUCLEO-WB55-NUCLEO as a kit item of type 'Nucleo-64'
2025-11-21 11:42:48,446 [INFO] DbBoardsSqlite:226 - include board P-NUCLEO-WB55-USBDONGLE as a kit item of type 'Nucleo USB Dongle'
2025-11-21 11:42:48,447 [INFO] DbBoardsSqlite:226 - include board STEVAL-IDP005V1 as a kit item of type 'Evaluation Board'
2025-11-21 11:42:48,447 [INFO] DbBoardsSqlite:226 - include board STEVAL-IDP005V2 as a kit item of type 'Evaluation Board'
2025-11-21 11:42:48,564 [INFO] ApiDb:240 - Found 880 in-development CPN: [B-G473E-ZEST1S, B-WB1M-WPAN1, B-WBA5M-WPAN, B-WL5M-SUBG1, NUCLEO-C031C6, NUCLEO-C051C8, NUCLEO-C071RB, NUCLEO-C092RC, NUCLEO-H503RB, NUCLEO-H533RE, NUCLEO-H563ZI, NUCLEO-H7S3L8, NUCLEO-N657X0-Q, NUCLEO-U031R8, NUCLEO-U083RC, NUCLEO-U385RG-Q, NUCLEO-U545RE-Q, NUCLEO-U5A5ZJ-Q, NUCLEO-WB05KZ, NUCLEO-WB07CC, NUCLEO-WB09KE, NUCLEO-WBA52CG, NUCLEO-WBA55CG, NUCLEO-WL33CC1, NUCLEO-WL33CC2, STEVAL-PROTEUS1, STEVAL-SMARTAG2, STEVAL-STWINBX1, STM320518-EVAL, STM32C0116-DK, STM32C011D6Y3TR, STM32C011D6Y6TR, STM32C011F4P3, STM32C011F4P6, STM32C011F4U3, STM32C011F4U6TR, STM32C011F6P3, STM32C011F6P6, STM32C011F6U3, STM32C011F6U6TR, STM32C011J4M3, STM32C011J4M6, STM32C011J6M3, STM32C011J6M6, STM32C0316-DK, STM32C031C4T3, STM32C031C4T6, STM32C031C4U3, STM32C031C4U6, STM32C031C6T3, STM32C031C6T6, STM32C031C6U3, STM32C031C6U6, STM32C031F4P3, STM32C031F4P6, STM32C031F6P3, STM32C031F6P6, STM32C031G4U3, STM32C031G4U6, STM32C031G6U3, STM32C031G6U6, STM32C031K4T3, STM32C031K4T6, STM32C031K4U3, STM32C031K4U6, STM32C031K6T3, STM32C031K6T6, STM32C031K6U3, STM32C031K6U6, STM32C051C6T6, STM32C051C6U6, STM32C051C8T6, STM32C051C8U6, STM32C051D8Y6TR, STM32C051F6P6, STM32C051F8P6, STM32C051G6U6, STM32C051G8U6, STM32C051K6T6, STM32C051K6U6, STM32C051K8T6, STM32C071C8T6, STM32C071C8T6N, STM32C071C8U6, STM32C071C8U6N, STM32C071CBT6, STM32C071CBT6N, STM32C071CBU6, STM32C071CBU6N, STM32C071F8P6, STM32C071F8P6N, STM32C071FBP6, STM32C071FBP6N, STM32C071FBY6TR, STM32C071G8U6, STM32C071G8U6N, STM32C071GBU6, STM32C071GBU6N, STM32C071K8T6, STM32C071K8T6N, STM32C071K8U6, STM32C071K8U6N, STM32C071KBT6, STM32C071KBT6N, STM32C071KBU6, STM32C071KBU6N, STM32C071R8T6, STM32C071R8T6N, STM32C071RBI6N, STM32C071RBT6, STM32C071RBT6N, STM32C091CBT6, STM32C091CBU6, STM32C091CCT6, STM32C091CCU6, STM32C091ECY6TR, STM32C091FBP6, STM32C091FCP6, STM32C091GBU6, STM32C091GCU6, STM32C091KBT6, STM32C091KBU6, STM32C091KCT6, STM32C091KCU6, STM32C091RBT6, STM32C091RCI6, STM32C091RCT6, STM32C092CBT6, STM32C092CBU6, STM32C092CCT6, STM32C092CCU6, STM32C092ECY6TR, STM32C092FBP6, STM32C092FCP6, STM32C092GBU6, STM32C092GCU6, STM32C092KBT6, STM32C092KBU6, STM32C092KCT6, STM32C092KCU6, STM32C092RBT6, STM32C092RCI6, STM32C092RCT6, STM32G071K8TXN, STM32G071K8UXN, STM32G081GBU6N, STM32G081KBT6N, STM32G081KBUXN, STM32G0B1CCT6N, STM32G0B1KCT6, STM32G0B1NEY6TR, STM32G0B1RCT6N, STM32G0C1CCT6, STM32G0C1CCT6N, STM32G0C1CCU6N, STM32G0C1CET6N, STM32G0C1CEU6N, STM32G0C1KCT6, STM32G0C1NEY6TR, STM32G0C1RCI6N, STM32G0C1RCT6N, STM32G0C1REI6N, STM32G0C1RET6N, STM32G0C1VCI6, STM32G0C1VEI6, STM32G411C6T3, STM32G411C6T6, STM32G411C6U3, STM32G411C6U6, STM32G411C8T3, STM32G411C8T6, STM32G411C8U3, STM32G411C8U6, STM32G411CBT3, STM32G411CBT6, STM32G411CBU3, STM32G411CBU6, STM32G411K6T3, STM32G411K6T6, STM32G411K6U3, STM32G411K6U6, STM32G411K8T3, STM32G411K8T6, STM32G411K8U3, STM32G411K8U6, STM32G411KBT3, STM32G411KBT6, STM32G411KBU3, STM32G411KBU6, STM32G411M6T3, STM32G411M6T6, STM32G411M8T3, STM32G411M8T6, STM32G411MBT3, STM32G411MBT6, STM32G411R6T3, STM32G411R6T6, STM32G411R8T3, STM32G411R8T6, STM32G411RBT3, STM32G411RBT6, STM32G414CBT3, STM32G414CBT6, STM32G414CBU3, STM32G414CBU6, STM32G414CCT3, STM32G414CCT6, STM32G414CCU3, STM32G414CCU6, STM32G414MBT3, STM32G414MBT6, STM32G414MCT3, STM32G414MCT6, STM32G414RBT3, STM32G414RBT6, STM32G414RCT3, STM32G414RCT6, STM32G414VBT3, STM32G414VBT6, STM32G414VCT3, STM32G414VCT6, STM32G431CBT3Z, STM32G431RBT3Z, STM32G471CCT6, STM32G471CCU6, STM32G471CET3, STM32G471CET6, STM32G471CEU3, STM32G471CEU6, STM32G471MCT6, STM32G471MET3, STM32G471MET6, STM32G471MEY6TR, STM32G471QCT6, STM32G471QET3, STM32G471RCT6, STM32G471RET3, STM32G471RET6, STM32G471VCH6, STM32G471VCI6, STM32G471VCT6, STM32G471VEH3, STM32G471VEH6, STM32G471VEI3, STM32G471VEI6, STM32G471VET3, STM32G471VET6, STM32G473QET3Z, STM32G473RET3Z, STM32G474CCT6, STM32G491RET3Z, STM32H503CBT6, STM32H503CBU6, STM32H503EBY6TR, STM32H503KBU6, STM32H503RBT6, STM32H523CCT6, STM32H523CCU6, STM32H523CET6, STM32H523CEU6, STM32H523HEY6TR, STM32H523RCT6, STM32H523RET6, STM32H523VCI6, STM32H523VCT6, STM32H523VEI6, STM32H523VET6, STM32H523ZCJ6, STM32H523ZCT6, STM32H523ZEJ6, STM32H523ZET6, STM32H533CET6, STM32H533CEU6, STM32H533HEY6TR, STM32H533RET6, STM32H533VEI6, STM32H533VET6, STM32H533ZEJ6, STM32H533ZET6, STM32H562AGI6, STM32H562AII6, STM32H562IGK6, STM32H562IGT6, STM32H562IIK6, STM32H562IIT6, STM32H562RGT6, STM32H562RGV6, STM32H562RIT6, STM32H562RIV6, STM32H562VGT6, STM32H562VIT6, STM32H562ZGT6, STM32H562ZIT6, STM32H563AGI6, STM32H563AII3Q, STM32H563AII6, STM32H563IGK6, STM32H563IGT6, STM32H563IIK3Q, STM32H563IIK6, STM32H563IIT3Q, STM32H563IIT6, STM32H563MIY3QTR, STM32H563RGT6, STM32H563RGV6, STM32H563RIT6, STM32H563RIV6, STM32H563VGT6, STM32H563VIT3Q, STM32H563VIT6, STM32H563ZGT6, STM32H563ZIT3Q, STM32H563ZIT6, STM32H573AII3Q, STM32H573AII6, STM32H573I-DK, STM32H573IIK3Q, STM32H573IIK6, STM32H573IIT3Q, STM32H573IIT6, STM32H573MIY3QTR, STM32H573RIT6, STM32H573RIV6, STM32H573VIT3Q, STM32H573VIT6, STM32H573ZIT3Q, STM32H573ZIT6, STM32H7R3A8I6, STM32H7R3I8K6, STM32H7R3I8T6, STM32H7R3L8H6, STM32H7R3L8H6H, STM32H7R3R8V6, STM32H7R3V8H6, STM32H7R3V8T6, STM32H7R3V8Y6TR, STM32H7R3Z8J6, STM32H7R3Z8T6, STM32H7R7A8I6, STM32H7R7I8K6, STM32H7R7I8T6, STM32H7R7L8H6, STM32H7R7L8H6H, STM32H7R7Z8J6, STM32H7S3A8I6, STM32H7S3I8K6, STM32H7S3I8T6, STM32H7S3L8H6, STM32H7S3L8H6H, STM32H7S3R8V6, STM32H7S3V8H6, STM32H7S3V8T6, STM32H7S3V8Y6TR, STM32H7S3Z8J6, STM32H7S3Z8T6, STM32H7S78-DK, STM32H7S7A8I6, STM32H7S7I8K6, STM32H7S7I8T6, STM32H7S7L8H6, STM32H7S7L8H6H, STM32H7S7Z8J6, STM32L4R5QGI6STR, STM32MP131AAE3, STM32MP131AAF3, STM32MP131AAG3, STM32MP131CAE3, STM32MP131CAF3, STM32MP131CAG3, STM32MP131DAE7, STM32MP131DAF7, STM32MP131DAG7, STM32MP131FAE7, STM32MP131FAF7, STM32MP131FAG7, STM32MP133AAE3, STM32MP133AAF3, STM32MP133AAG3, STM32MP133CAE3, STM32MP133CAF3, STM32MP133CAG3, STM32MP133DAE7, STM32MP133DAF7, STM32MP133DAG7, STM32MP133FAE7, STM32MP133FAF7, STM32MP133FAG7, STM32MP135AAE3, STM32MP135AAF3, STM32MP135AAG3, STM32MP135CAE3, STM32MP135CAF3, STM32MP135CAG3, STM32MP135DAE7, STM32MP135DAF7, STM32MP135DAG7, STM32MP135F-DK, STM32MP135FAE7, STM32MP135FAF7, STM32MP135FAF7T, STM32MP135FAF7U, STM32MP135FAG7, STM32MP211AAL3, STM32MP211AAM3, STM32MP211AAN3, STM32MP211AAO3, STM32MP211CAL3, STM32MP211CAM3, STM32MP211CAN3, STM32MP211CAO3, STM32MP211DAL3, STM32MP211DAM3, STM32MP211DAN3, STM32MP211DAO3, STM32MP211FAL3, STM32MP211FAM3, STM32MP211FAN3, STM32MP211FAO3, STM32MP213AAL3, STM32MP213AAM3, STM32MP213AAN3, STM32MP213AAO3, STM32MP213CAL3, STM32MP213CAM3, STM32MP213CAN3, STM32MP213CAO3, STM32MP213DAL3, STM32MP213DAM3, STM32MP213DAN3, STM32MP213DAO3, STM32MP213FAL3, STM32MP213FAM3, STM32MP213FAN3, STM32MP213FAO3, STM32MP215AAL3, STM32MP215AAM3, STM32MP215AAN3, STM32MP215AAO3, STM32MP215CAL3, STM32MP215CAM3, STM32MP215CAN3, STM32MP215CAO3, STM32MP215DAL3, STM32MP215DAM3, STM32MP215DAN3, STM32MP215DAO3, STM32MP215F-DK, STM32MP215FAL3, STM32MP215FAM3, STM32MP215FAN3, STM32MP215FAO3, STM32MP231AAJ3, STM32MP231AAK3, STM32MP231AAL3, STM32MP231CAJ3, STM32MP231CAK3, STM32MP231CAL3, STM32MP231DAJ3, STM32MP231DAK3, STM32MP231DAL3, STM32MP231FAJ3, STM32MP231FAK3, STM32MP231FAL3, STM32MP233AAJ3, STM32MP233AAK3, STM32MP233AAL3, STM32MP233CAJ3, STM32MP233CAK3, STM32MP233CAL3, STM32MP233DAJ3, STM32MP233DAK3, STM32MP233DAL3, STM32MP233FAJ3, STM32MP233FAK3, STM32MP233FAL3, STM32MP235AAJ3, STM32MP235AAK3, STM32MP235AAL3, STM32MP235CAJ3, STM32MP235CAK3, STM32MP235CAL3, STM32MP235DAJ3, STM32MP235DAK3, STM32MP235DAL3, STM32MP235FAJ3, STM32MP235FAK3, STM32MP235FAL3, STM32MP251AAI3, STM32MP251AAK3, STM32MP251AAL3, STM32MP251CAI3, STM32MP251CAK3, STM32MP251CAL3, STM32MP251DAI3, STM32MP251DAK3, STM32MP251DAL3, STM32MP251FAI3, STM32MP251FAK3, STM32MP251FAL3, STM32MP253AAI3, STM32MP253AAK3, STM32MP253AAL3, STM32MP253CAI3, STM32MP253CAK3, STM32MP253CAL3, STM32MP253DAI3, STM32MP253DAK3, STM32MP253DAL3, STM32MP253FAI3, STM32MP253FAK3, STM32MP253FAL3, STM32MP255AAI3, STM32MP255AAK3, STM32MP255AAL3, STM32MP255CAI3, STM32MP255CAK3, STM32MP255CAL3, STM32MP255DAI3, STM32MP255DAK3, STM32MP255DAL3, STM32MP255FAI3, STM32MP255FAK3, STM32MP255FAL3, STM32MP257AAI3, STM32MP257AAK3, STM32MP257AAL3, STM32MP257CAI3, STM32MP257CAK3, STM32MP257CAL3, STM32MP257DAI3, STM32MP257DAK3, STM32MP257DAL3, STM32MP257F-DK, STM32MP257F-EV1, STM32MP257FAI3, STM32MP257FAK3, STM32MP257FAL3, STM32N645A0H3Q, STM32N645B0H3Q, STM32N645I0H3Q, STM32N645L0H3Q, STM32N645X0H3Q, STM32N645Z0H3Q, STM32N647A0H3Q, STM32N647B0H3Q, STM32N647I0H3Q, STM32N647L0H3Q, STM32N647X0H3Q, STM32N647Z0H3Q, STM32N655A0H3Q, STM32N655B0H3Q, STM32N655I0H3Q, STM32N655L0H3Q, STM32N655X0H3Q, STM32N655Z0H3Q, STM32N6570-DK, STM32N657A0H3Q, STM32N657B0H3Q, STM32N657I0H3Q, STM32N657L0H3Q, STM32N657X0H3Q, STM32N657Z0H3Q, STM32U031C6T6, STM32U031C6U6, STM32U031C8T6, STM32U031C8U6, STM32U031F4P6, STM32U031F6P6, STM32U031F8P6, STM32U031G6Y6TR, STM32U031G8Y6TR, STM32U031K4U6, STM32U031K6U6, STM32U031K8U6, STM32U031R6I6, STM32U031R6T6, STM32U031R8I6, STM32U031R8T6, STM32U073C8T6, STM32U073C8U6, STM32U073CBT6, STM32U073CBU6, STM32U073CCT6, STM32U073CCU6, STM32U073H8Y6TR, STM32U073HBY6TR, STM32U073HCY6TR, STM32U073K8U6, STM32U073KBU6, STM32U073KCU6, STM32U073M8I6, STM32U073M8T6, STM32U073MBI6, STM32U073MBT6, STM32U073MCI6, STM32U073MCT6, STM32U073R8I6, STM32U073R8T6, STM32U073RBI6, STM32U073RBT6, STM32U073RCI6, STM32U073RCT6, STM32U083C-DK, STM32U083CCT6, STM32U083CCU6, STM32U083HCY6TR, STM32U083KCU6, STM32U083MCI6, STM32U083MCT6, STM32U083RCI6, STM32U083RCT6, STM32U375CET6, STM32U375CET6Q, STM32U375CEU6, STM32U375CEU6Q, STM32U375CEY6QTR, STM32U375CGT6, STM32U375CGT6Q, STM32U375CGU6, STM32U375CGU6Q, STM32U375CGY6QTR, STM32U375KEU6, STM32U375KGU6, STM32U375REI6, STM32U375REI6Q, STM32U375RET6, STM32U375RET6Q, STM32U375REY6GTR, STM32U375REY6QTR, STM32U375RGI6, STM32U375RGI6Q, STM32U375RGT6, STM32U375RGT6Q, STM32U375RGY6GTR, STM32U375RGY6QTR, STM32U375VEI6, STM32U375VEI6Q, STM32U375VET6, STM32U375VET6Q, STM32U375VGI6, STM32U375VGI6Q, STM32U375VGT6, STM32U375VGT6Q, STM32U385CGT6, STM32U385CGT6Q, STM32U385CGU6, STM32U385CGU6Q, STM32U385CGY6QTR, STM32U385KGU6, STM32U385RGI6, STM32U385RGI6Q, STM32U385RGT6, STM32U385RGT6Q, STM32U385RGY6GTR, STM32U385RGY6QTR, STM32U385VGI6, STM32U385VGI6Q, STM32U385VGT6, STM32U385VGT6Q, STM32U535CBT6, STM32U535CBT6Q, STM32U535CBU6, STM32U535CBU6Q, STM32U535CCT6, STM32U535CCT6Q, STM32U535CCU6, STM32U535CCU6Q, STM32U535CET6, STM32U535CET6Q, STM32U535CEU6, STM32U535CEU6Q, STM32U535JEY6QTR, STM32U535NCY6QTR, STM32U535NEY6QTR, STM32U535RBI6, STM32U535RBI6Q, STM32U535RBT6, STM32U535RBT6Q, STM32U535RCI6, STM32U535RCI6Q, STM32U535RCT6, STM32U535RCT6Q, STM32U535REI6, STM32U535REI6Q, STM32U535RET6, STM32U535RET6Q, STM32U535VCI6, STM32U535VCI6Q, STM32U535VCT6, STM32U535VCT6Q, STM32U535VEI6, STM32U535VEI6Q, STM32U535VET6, STM32U535VET6Q, STM32U545CET6, STM32U545CET6Q, STM32U545CEU6, STM32U545CEU6Q, STM32U545JEY6QTR, STM32U545NEY6QTR, STM32U545REI6, STM32U545REI6Q, STM32U545RET6, STM32U545RET6Q, STM32U545VEI6, STM32U545VEI6Q, STM32U545VET6, STM32U545VET6Q, STM32U595AIH6, STM32U595AIH6Q, STM32U595AJH6, STM32U595AJH6Q, STM32U595QII6, STM32U595QII6Q, STM32U595QJI6, STM32U595QJI6Q, STM32U595RIT6, STM32U595RIT6Q, STM32U595RJT6, STM32U595RJT6Q, STM32U595VIT6, STM32U595VIT6Q, STM32U595VJT6, STM32U595VJT6Q, STM32U595ZIT6, STM32U595ZIT6Q, STM32U595ZIY6QTR, STM32U595ZJT6, STM32U595ZJT6Q, STM32U595ZJY6QTR, STM32U599BJY6QTR, STM32U599NIH6Q, STM32U599NJH6Q, STM32U599VIT6Q, STM32U599VJT6, STM32U599VJT6Q, STM32U599ZIT6Q, STM32U599ZIY6QTR, STM32U599ZJT6Q, STM32U599ZJY6QTR, STM32U5A5AJH6, STM32U5A5AJH6Q, STM32U5A5QII3Q , STM32U5A5QJI6, STM32U5A5QJI6Q, STM32U5A5RJT6, STM32U5A5RJT6Q, STM32U5A5VJT6, STM32U5A5VJT6Q, STM32U5A5ZJT6, STM32U5A5ZJT6Q, STM32U5A5ZJY6QTR, STM32U5A9BJY6QTR, STM32U5A9J-DK, STM32U5A9NJH6Q, STM32U5A9VJT6Q, STM32U5A9ZJT6Q, STM32U5A9ZJY6QTR, STM32U5F7VIT6, STM32U5F7VIT6Q, STM32U5F7VJT6, STM32U5F7VJT6Q, STM32U5F9BJY6QTR, STM32U5F9NJH6Q, STM32U5F9VIT6Q, STM32U5F9VJT6Q, STM32U5F9ZIJ6QTR, STM32U5F9ZIT6Q, STM32U5F9ZJJ6QTR, STM32U5F9ZJT6Q, STM32U5G7VJT6, STM32U5G7VJT6Q, STM32U5G9BJY6QTR, STM32U5G9J-DK1, STM32U5G9J-DK2, STM32U5G9NJH6Q, STM32U5G9VJT6Q, STM32U5G9ZJJ6QTR, STM32U5G9ZJT6Q, STM32WB05KZV6TR, STM32WB05KZV7TR, STM32WB05TZF6TR, STM32WB05TZF7TR, STM32WB06CCF6TR, STM32WB06CCF7TR, STM32WB06CCV6TR, STM32WB06CCV7TR, STM32WB06KCV6TR, STM32WB06KCV7TR, STM32WB07CCF6TR, STM32WB07CCF7TR, STM32WB07CCV6TR, STM32WB07CCV7TR, STM32WB07KCV6TR, STM32WB07KCV7TR, STM32WB09KEV6TR, STM32WB09KEV7TR, STM32WB09TEF6TR, STM32WB09TEF7TR, STM32WB1MMCH6, STM32WBA50KGU6, STM32WBA50KGU6TR, STM32WBA52CEU6, STM32WBA52CEU6TR, STM32WBA52CEU7, STM32WBA52CEU7TR, STM32WBA52CGU6, STM32WBA52CGU6TR, STM32WBA52CGU6U, STM32WBA52CGU7, STM32WBA52CGU7TR, STM32WBA52KEU6, STM32WBA52KEU6TR, STM32WBA52KGU6, STM32WBA52KGU6TR, STM32WBA54CEU6, STM32WBA54CEU6TR, STM32WBA54CEU7, STM32WBA54CEU7TR, STM32WBA54CGU6, STM32WBA54CGU6TR, STM32WBA54CGU7, STM32WBA54CGU7TR, STM32WBA54KEU6, STM32WBA54KEU6TR, STM32WBA54KEU7, STM32WBA54KEU7TR, STM32WBA54KGU6, STM32WBA54KGU6TR, STM32WBA54KGU7, STM32WBA54KGU7TR, STM32WBA55CEU6, STM32WBA55CEU6TR, STM32WBA55CEU7, STM32WBA55CEU7TR, STM32WBA55CGU6, STM32WBA55CGU6TR, STM32WBA55CGU6U, STM32WBA55CGU7, STM32WBA55CGU7TR, STM32WBA55G-DK1, STM32WBA55HEF6, STM32WBA55HEF7, STM32WBA55HGF6, STM32WBA55HGF7, STM32WBA55UEI6, STM32WBA55UEI6TR, STM32WBA55UEI7, STM32WBA55UEI7TR, STM32WBA55UGI6, STM32WBA55UGI6TR, STM32WBA55UGI7, STM32WBA55UGI7TR, STM32WBA5MMGH6TR, STM32WBA62MGF6, STM32WBA62MIF6, STM32WBA65MGF7, STM32WBA65MIF6, STM32WBA65MIF7, STM32WL30K8V6, STM32WL30KBV6, STM32WL31C8V6, STM32WL31CBV6, STM32WL31K8V6, STM32WL31KBV6, STM32WL33C8V6, STM32WL33C8V6X, STM32WL33CBV6, STM32WL33CBV6X, STM32WL33CCV6, STM32WL33CCV6A, STM32WL33CCV6X, STM32WL33K8V7, STM32WL33K8V7X, STM32WL33KBV7 , STM32WL33KBV7X, STM32WL33KCV7, STM32WL33KCV7X, STM32WL5MOCH6, STM32WL5MOCH6TR]
2025-11-21 11:42:48,984 [INFO] BoardInfo:889 - No configuration file found for board P-NUCLEO-WB55
2025-11-21 11:42:48,986 [INFO] DbBoards:161 - Kit is not supported: P-NUCLEO-WB55
2025-11-21 11:42:48,995 [INFO] BoardInfo:889 - No configuration file found for board STEVAL-BFA001V1B
2025-11-21 11:42:48,997 [INFO] DbBoards:161 - Kit is not supported: STEVAL-BFA001V1B
2025-11-21 11:42:48,998 [INFO] BoardInfo:889 - No configuration file found for board STEVAL-BFA001V2B
2025-11-21 11:42:49,000 [INFO] DbBoards:161 - Kit is not supported: STEVAL-BFA001V2B
2025-11-21 11:42:49,399 [INFO] DbBoards:168 - Found 212 boards, 209 are supported
2025-11-21 11:42:49,399 [INFO] DbBoards:169 - Found 212 boards, 43 of them is supported for  Bsp
2025-11-21 11:42:49,410 [INFO] ApiDb:423 - Load user favorites file C:\Users\augus/.stm32cubeide/favorites.boards.txt: 1 item(s)
2025-11-21 11:42:49,410 [INFO] ApiDb:427 - User favorites Boards=[NUCLEO-L476RG]
2025-11-21 11:42:49,410 [INFO] DbBoards:198 - Set 1 / 1 favorites Boards
2025-11-21 11:42:49,410 [INFO] McuFinderGlobals:76 - Set McuFinderConnectedMode to true
2025-11-21 11:42:49,420 [INFO] MultiScanPanel:200 - Auto-refresh data requested => check proxy status ongoing
2025-11-21 11:42:49,420 [INFO] FinderPluginLoader:96 - Searching for filters in installed packs
2025-11-21 11:42:51,302 [INFO] LoadUrlFilesThread:185 - End of LoadServerUrlFiles without Thread
2025-11-21 11:42:51,318 [INFO] DetailPanel:341 - Set advertising image to C:/Users/augus/STM32Cube/Repository/\en.mcu-finder-preevent.jpg
2025-11-21 11:43:42,206 [INFO] MultiScanPanel:200 - Auto-refresh data requested => check proxy status ongoing
2025-11-21 11:43:42,599 [INFO] LoadUrlFilesThread:185 - End of LoadServerUrlFiles without Thread
2025-11-21 11:43:42,600 [INFO] DetailPanel:341 - Set advertising image to C:/Users/augus/STM32Cube/Repository/\en.mcu-finder-preevent.jpg
2025-11-21 11:43:42,630 [INFO] DbBoards:642 - Loading board mini-images...
2025-11-21 11:43:47,386 [ERROR] DbBoards:659 - Image file not found for board STM32MP215F-DK: C:\Users\augus\.stmcufinder\plugins\mcufinder//mcu//boards_images/STM32MP215F-DK.jpg
2025-11-21 11:43:47,823 [INFO] DbBoards:665 - Loaded 211 board mini-images
2025-11-21 11:45:04,023 [INFO] MainUpdater:2872 - connection check result : 10
2025-11-21 11:45:04,023 [INFO] MainUpdater:2872 - connection check result : 10
2025-11-21 11:45:04,052 [INFO] MicroXplorer:468 - Change Database Path : 
2025-11-21 11:45:04,053 [INFO] MicroXplorer:498 - Change Database Version : DB.6.0.150
2025-11-21 11:45:04,068 [WARN] ThirdParty:871 - waiting for thirdparty lock release [close project]
2025-11-21 11:45:04,068 [INFO] ThirdParty:873 - entering critical section [close project]
2025-11-21 11:45:04,070 [INFO] ThirdParty:883 - exiting critical section [close project]
2025-11-21 11:45:04,074 [INFO] PinOutPanel:1589 - setPackage(No Configuration,No Configuration)
2025-11-21 11:45:04,076 [INFO] UtilMem:75 - Begin LoadConfig() Used Memory: 960787968 Bytes (1073741824)
2025-11-21 11:45:04,087 [INFO] OpenFileManager:355 - Change cursor
2025-11-21 11:45:04,141 [INFO] ProjectFactory:514 - No CPN specified for board STM32F407G-DISC1 => set CPN to STM32F407VGT6
2025-11-21 11:45:04,142 [INFO] Mcu:2029 - Initializing MCU STM32F407V(E-G)Tx STM32F407VGTx STM32F407VGT6
2025-11-21 11:45:07,339 [INFO] Context:786 - Trying to add GPIOservice into a context  which must be forbidden
2025-11-21 11:45:08,289 [INFO] Rule:233 - rule 117617 - U5Cobra4M][GTZC] default value MPCBB3 and MPCBB5 - Not Secured memory - MPCBB1 is applicable
2025-11-21 11:45:08,289 [INFO] Rule:233 - rule 117617 - U5Cobra4M][GTZC] default value MPCBB3 and MPCBB5 - Not Secured memory - MPCBB1 is applicable
2025-11-21 11:45:08,289 [INFO] Rule:233 - rule 117617 - U5Cobra4M][GTZC] default value MPCBB3 and MPCBB5 - Not Secured memory - MPCBB2 is applicable
2025-11-21 11:45:08,290 [INFO] Rule:233 - rule 117617 - U5Cobra4M][GTZC] default value MPCBB3 and MPCBB5 - Not Secured memory - MPCBB2 is applicable
2025-11-21 11:45:08,290 [INFO] Rule:233 - rule 117617 - U5Cobra4M][GTZC] default value MPCBB3 and MPCBB5 - Not Secured memory - MPCBB3 is applicable
2025-11-21 11:45:08,290 [INFO] Rule:233 - rule 117617 - U5Cobra4M][GTZC] default value MPCBB3 and MPCBB5 - Not Secured memory - MPCBB3 is applicable
2025-11-21 11:45:08,290 [INFO] Rule:233 - rule 117617 - U5Cobra4M][GTZC] default value MPCBB3 and MPCBB5 - Not Secured memory - MPCBB4 is applicable
2025-11-21 11:45:08,290 [INFO] Rule:233 - rule 117617 - U5Cobra4M][GTZC] default value MPCBB3 and MPCBB5 - Not Secured memory - MPCBB4 is applicable
2025-11-21 11:45:08,291 [INFO] Rule:233 - rule 117617 - U5Cobra4M][GTZC] default value MPCBB3 and MPCBB5 - Secured memory - MPCBB1 is applicable
2025-11-21 11:45:08,291 [INFO] Rule:233 - rule 117617 - U5Cobra4M][GTZC] default value MPCBB3 and MPCBB5 - Secured memory - MPCBB2 is applicable
2025-11-21 11:45:08,291 [INFO] Rule:233 - rule 117617 - U5Cobra4M][GTZC] default value MPCBB3 and MPCBB5 - Secured memory - MPCBB3 is applicable
2025-11-21 11:45:08,291 [INFO] Rule:233 - rule 117617 - U5Cobra4M][GTZC] default value MPCBB3 and MPCBB5 - Secured memory - MPCBB4 is applicable
2025-11-21 11:45:08,291 [INFO] Rule:233 - rule 117617 - U5Cobra4M][GTZC] default value MPCBB3 and MPCBB5 - Privileged memory - MPCBB1 is applicable
2025-11-21 11:45:08,291 [INFO] Rule:233 - rule 117617 - U5Cobra4M][GTZC] default value MPCBB3 and MPCBB5 - Privileged memory - MPCBB2 is applicable
2025-11-21 11:45:08,292 [INFO] Rule:233 - rule 117617 - U5Cobra4M][GTZC] default value MPCBB3 and MPCBB5 - Privileged memory - MPCBB3 is applicable
2025-11-21 11:45:08,292 [INFO] Rule:233 - rule 117617 - U5Cobra4M][GTZC] default value MPCBB3 and MPCBB5 - Privileged memory - MPCBB4 is applicable
2025-11-21 11:45:08,292 [INFO] Rule:233 - rule 117617 - U5Cobra4M][GTZC] default value MPCBB3 and MPCBB5 - Not Privileged memory - MPCBB1 is applicable
2025-11-21 11:45:08,292 [INFO] Rule:233 - rule 117617 - U5Cobra4M][GTZC] default value MPCBB3 and MPCBB5 - Not Privileged memory - MPCBB2 is applicable
2025-11-21 11:45:08,292 [INFO] Rule:233 - rule 117617 - U5Cobra4M][GTZC] default value MPCBB3 and MPCBB5 - Not Privileged memory - MPCBB3 is applicable
2025-11-21 11:45:08,292 [INFO] Rule:233 - rule 117617 - U5Cobra4M][GTZC] default value MPCBB3 and MPCBB5 - Not Privileged memory - MPCBB4 is applicable
2025-11-21 11:45:08,293 [INFO] Rule:233 - rule 117617 - U5Cobra4M][GTZC] default value MPCBB3 and MPCBB5 - Privileged memory - MPCBB1 is applicable
2025-11-21 11:45:08,293 [INFO] Rule:233 - rule 117617 - U5Cobra4M][GTZC] default value MPCBB3 and MPCBB5 - Privileged memory - MPCBB2 is applicable
2025-11-21 11:45:08,293 [INFO] Rule:233 - rule 117617 - U5Cobra4M][GTZC] default value MPCBB3 and MPCBB5 - Privileged memory - MPCBB3 is applicable
2025-11-21 11:45:08,293 [INFO] Rule:233 - rule 117617 - U5Cobra4M][GTZC] default value MPCBB3 and MPCBB5 - Privileged memory - MPCBB4 is applicable
2025-11-21 11:45:08,293 [INFO] Rule:233 - rule 117617 - U5Cobra4M][GTZC] default value MPCBB3 and MPCBB5 - Privileged memory - MPCBB1 is applicable
2025-11-21 11:45:08,294 [INFO] Rule:233 - rule 117617 - U5Cobra4M][GTZC] default value MPCBB3 and MPCBB5 - Privileged memory - MPCBB2 is applicable
2025-11-21 11:45:08,294 [INFO] Rule:233 - rule 117617 - U5Cobra4M][GTZC] default value MPCBB3 and MPCBB5 - Privileged memory - MPCBB3 is applicable
2025-11-21 11:45:08,294 [INFO] Rule:233 - rule 117617 - U5Cobra4M][GTZC] default value MPCBB3 and MPCBB5 - Privileged memory - MPCBB4 is applicable
2025-11-21 11:45:08,294 [INFO] Rule:233 - rule 117617 - U5Cobra4M][GTZC] default value MPCBB3 and MPCBB5 - Not Privileged memory - MPCBB1 is applicable
2025-11-21 11:45:08,296 [INFO] Rule:233 - rule 117617 - U5Cobra4M][GTZC] default value MPCBB3 and MPCBB5 - Not Privileged memory - MPCBB2 is applicable
2025-11-21 11:45:08,296 [INFO] Rule:233 - rule 117617 - U5Cobra4M][GTZC] default value MPCBB3 and MPCBB5 - Not Privileged memory - MPCBB3 is applicable
2025-11-21 11:45:08,299 [INFO] Rule:233 - rule 117617 - U5Cobra4M][GTZC] default value MPCBB3 and MPCBB5 - Not Privileged memory - MPCBB4 is applicable
2025-11-21 11:45:08,299 [INFO] Rule:233 - rule 117617 - U5Cobra4M][GTZC] default value MPCBB3 and MPCBB5 - Privileged memory - MPCBB1 is applicable
2025-11-21 11:45:08,300 [INFO] Rule:233 - rule 117617 - U5Cobra4M][GTZC] default value MPCBB3 and MPCBB5 - Privileged memory - MPCBB2 is applicable
2025-11-21 11:45:08,300 [INFO] Rule:233 - rule 117617 - U5Cobra4M][GTZC] default value MPCBB3 and MPCBB5 - Privileged memory - MPCBB3 is applicable
2025-11-21 11:45:08,300 [INFO] Rule:233 - rule 117617 - U5Cobra4M][GTZC] default value MPCBB3 and MPCBB5 - Privileged memory - MPCBB4 is applicable
2025-11-21 11:45:08,300 [INFO] Rule:233 - rule Rename SubGHz_Phy SUBGHZ_APPLICATION SUBGHZ_PINGPONG to SUBGHZ_ADV_APPLICATION is applicable
2025-11-21 11:45:08,300 [INFO] Rule:233 - rule Rename Enabled to IBEACON is applicable
2025-11-21 11:45:08,301 [INFO] Rule:233 - rule GTZC_S instance for project manager is applicable
2025-11-21 11:45:08,301 [INFO] Rule:233 - rule GTZC_S instance for context M33S is applicable
2025-11-21 11:45:08,301 [INFO] Rule:233 - rule GTZC_S instance value for IP GTZC is applicable
2025-11-21 11:45:08,301 [INFO] Rule:233 - rule GTZC_S instance for mcu.IP is applicable
2025-11-21 11:45:08,302 [INFO] Rule:233 - rule GTZC_S instance for VP is applicable
2025-11-21 11:45:08,302 [INFO] Rule:233 - rule GTZC_S instance for signal is applicable
2025-11-21 11:45:08,302 [INFO] Rule:233 - rule GTZC_S instance for mcu.Pin is applicable
2025-11-21 11:45:08,302 [INFO] Rule:233 - rule GTZC_S instance for VP is applicable
2025-11-21 11:45:08,302 [INFO] Rule:233 - rule GTZC_S instance for signal is applicable
2025-11-21 11:45:08,302 [INFO] Rule:233 - rule GTZC_S instance for mcu is applicable
2025-11-21 11:45:08,303 [INFO] Rule:233 - rule GTZC_S instance for mcu.Pin is applicable
2025-11-21 11:45:08,304 [INFO] Rule:233 - rule GTZC_S instance value for IP GTZC is applicable
2025-11-21 11:45:08,304 [INFO] Rule:233 - rule GTZC_S instance for project manager is applicable
2025-11-21 11:45:08,304 [INFO] Rule:233 - rule GTZC_S instance for context M33S is applicable
2025-11-21 11:45:08,304 [INFO] Rule:233 - rule GTZC_S instance for VP is applicable
2025-11-21 11:45:08,304 [INFO] Rule:233 - rule GTZC_S instance for signal is applicable
2025-11-21 11:45:08,304 [INFO] Rule:233 - rule SPDIFRX instance for mcu is applicable
2025-11-21 11:45:08,304 [INFO] Rule:233 - rule Rename Tracer Mode is applicable
2025-11-21 11:45:08,305 [INFO] Rule:233 - rule SPDIFRX instance value for IP SPDIFRX is applicable
2025-11-21 11:45:08,305 [INFO] Rule:233 - rule SPDIFRX instance for signal is applicable
2025-11-21 11:45:08,305 [INFO] Rule:233 - rule SPDIFRX instance for project manager is applicable
2025-11-21 11:45:08,305 [INFO] Rule:233 - rule SPDIFRX instance for project manager is applicable
2025-11-21 11:45:08,305 [INFO] Rule:233 - rule ADC Scan  fix with FW F7 is applicable
2025-11-21 11:45:08,305 [INFO] Rule:233 - rule ADC Scan  fix with FW F7 is applicable
2025-11-21 11:45:08,305 [INFO] Rule:233 - rule WakeUp0 Mode is applicable
2025-11-21 11:45:08,306 [INFO] Rule:233 - rule WakeUp0 SIGNAL is applicable
2025-11-21 11:45:08,306 [INFO] Rule:233 - rule WakeUp1 Mode is applicable
2025-11-21 11:45:08,306 [INFO] Rule:233 - rule WakeUp1 SIGNAL is applicable
2025-11-21 11:45:08,306 [INFO] Rule:233 - rule WakeUp2 Mode is applicable
2025-11-21 11:45:08,306 [INFO] Rule:233 - rule WakeUp2 SIGNAL is applicable
2025-11-21 11:45:08,306 [INFO] Rule:233 - rule WakeUp4 Mode is applicable
2025-11-21 11:45:08,306 [INFO] Rule:233 - rule WakeUp4 SIGNAL is applicable
2025-11-21 11:45:08,306 [INFO] Rule:233 - rule WakeUp5 Mode is applicable
2025-11-21 11:45:08,307 [INFO] Rule:233 - rule WakeUp5 SIGNAL is applicable
2025-11-21 11:45:08,307 [INFO] Rule:233 - rule Add RTC Activate Clock Source is applicable
2025-11-21 11:45:08,307 [INFO] Rule:233 - rule Add RTC Activate Calendar 1 is applicable
2025-11-21 11:45:08,307 [INFO] Rule:233 - rule Add RTC Activate Calendar 2 is applicable
2025-11-21 11:45:08,307 [INFO] Rule:233 - rule Add RTC Activate Calendar 3 is applicable
2025-11-21 11:45:08,307 [INFO] Rule:233 - rule UART/USART TX Mode is applicable
2025-11-21 11:45:08,308 [INFO] Rule:233 - rule UART/USART RX Mode is applicable
2025-11-21 11:45:08,308 [INFO] Rule:233 - rule UART/USART RX TX Mode is applicable
2025-11-21 11:45:08,308 [INFO] Rule:233 - rule UART/USART PARITY NONE is applicable
2025-11-21 11:45:08,308 [INFO] Rule:233 - rule UART/USART PARITY EVEN is applicable
2025-11-21 11:45:08,308 [INFO] Rule:233 - rule UART/USART PARITY ODD is applicable
2025-11-21 11:45:08,308 [INFO] Rule:233 - rule USART StopBits 1 is applicable
2025-11-21 11:45:08,309 [INFO] Rule:233 - rule USART StopBits 2 is applicable
2025-11-21 11:45:08,309 [INFO] Rule:233 - rule USART StopBits 1.5 is applicable
2025-11-21 11:45:08,309 [INFO] Rule:233 - rule USART StopBits 0.5 is applicable
2025-11-21 11:45:08,309 [INFO] Rule:233 - rule UART/USART WORD LENGTH 7 is applicable
2025-11-21 11:45:08,309 [INFO] Rule:233 - rule UART/USART WORD LENGTH 8 is applicable
2025-11-21 11:45:08,309 [INFO] Rule:233 - rule UART/USART WORD LENGTH 9 is applicable
2025-11-21 11:45:08,309 [INFO] Rule:233 - rule Rename FMC NAND NCE signal is applicable
2025-11-21 11:45:08,310 [INFO] Rule:233 - rule Rename FMC NAND INT signal is applicable
2025-11-21 11:45:08,310 [INFO] Rule:233 - rule Change Default Value for LSE Drive Capability for WB family is applicable
2025-11-21 11:45:08,310 [INFO] Rule:233 - rule Change Default Value for ADC Clock Prescaler G0 family is applicable
2025-11-21 11:45:08,310 [INFO] Rule:233 - rule Change Default Value for ADC ExternalTrigConv L4 family is applicable
2025-11-21 11:45:08,310 [INFO] Rule:233 - rule Change Default Value for ADC ExternalTrigInjecConv L4 family is applicable
2025-11-21 11:45:08,310 [INFO] Rule:233 - rule Change Default Value for ADC ExternalTrigConv F3 family is applicable
2025-11-21 11:45:08,310 [INFO] Rule:233 - rule Change Default Value for ADC ExternalTrigInjecConv F3 family is applicable
2025-11-21 11:45:08,311 [INFO] Rule:233 - rule Change Default Value for ADC ExternalTrigConv Goldfish serie is applicable
2025-11-21 11:45:08,311 [INFO] Rule:233 - rule Change Default Value for ADC ExternalTrigInjecConv Goldfish serie is applicable
2025-11-21 11:45:08,311 [INFO] Rule:233 - rule Change Default Value for ADC ExternalTrigConv L0 family is applicable
2025-11-21 11:45:08,311 [INFO] Rule:233 - rule Change Default Value for ADC ExternalTrigConv F0 family is applicable
2025-11-21 11:45:08,311 [INFO] Rule:233 - rule Change Default Value for ADC ExternalTrigConvn L1 family is applicable
2025-11-21 11:45:08,311 [INFO] Rule:233 - rule Change Default Value for ADC ExternalTrigInjecConv L1 family is applicable
2025-11-21 11:45:08,311 [INFO] Rule:233 - rule Change Default Value for ADC ExternalTrigConv F1 family is applicable
2025-11-21 11:45:08,311 [INFO] Rule:233 - rule Change Default Value for ADC ExternalTrigInjecConv F1 family is applicable
2025-11-21 11:45:08,312 [INFO] Rule:233 - rule Change Default Value for ADC ExternalTrigConv F7 family is applicable
2025-11-21 11:45:08,312 [INFO] Rule:233 - rule Change Default Value for ADC ExternalTrigInjecConv F7 family is applicable
2025-11-21 11:45:08,312 [INFO] Rule:233 - rule Change Default Value for ADC ExternalTrigConv F4 and F2 family is applicable
2025-11-21 11:45:08,312 [INFO] Rule:233 - rule Change Default Value for ADC ExternalTrigInjecConv F4 and F2 family is applicable
2025-11-21 11:45:08,314 [INFO] Rule:233 - rule ADC SamplingTime fix with FW L0  is applicable
2025-11-21 11:45:08,314 [INFO] Rule:233 - rule ADC SamplingTime fix with FW L0  is applicable
2025-11-21 11:45:08,314 [INFO] Rule:233 - rule ADC SamplingTime fix with FW L0 is applicable
2025-11-21 11:45:08,316 [INFO] Rule:233 - rule ADC SamplingTime fix with FW L0 is applicable
2025-11-21 11:45:08,316 [INFO] Rule:233 - rule ADC SamplingTime fix with FW L0  is applicable
2025-11-21 11:45:08,316 [INFO] Rule:233 - rule ADC SamplingTime fix with FW L0 is applicable
2025-11-21 11:45:08,316 [INFO] Rule:233 - rule Rename USB_OE Signal is applicable
2025-11-21 11:45:08,316 [INFO] Rule:233 - rule Rename Activate_OE Mode is applicable
2025-11-21 11:45:08,316 [INFO] Rule:233 - rule Rename DIE462/DIE415 pin PC14/OSC32_IN -> PC14-OSC32_IN (PC14) is applicable
2025-11-21 11:45:08,316 [INFO] Rule:233 - rule Rename DIE462/DIE415 pin PC15/OSC32_OUT -> PC15-OSC32_OUT (PC15) is applicable
2025-11-21 11:45:08,316 [INFO] Rule:233 - rule Rename DIE462/DIE415 pin PH0/OSC_IN -> PH0-OSC_IN (PH0) is applicable
2025-11-21 11:45:08,317 [INFO] Rule:233 - rule Rename DIE462/DIE415 pin PH1/OSC_OUT -> PH1-OSC_OUT (PH1) is applicable
2025-11-21 11:45:08,317 [INFO] Rule:233 - rule Rename DIE462 pin PA13 -> PA13 (JTMS/SWDIO) is applicable
2025-11-21 11:45:08,317 [INFO] Rule:233 - rule Rename DIE415 pin PA13 -> PA13 (JTMS/SWDIO) is applicable
2025-11-21 11:45:08,317 [INFO] Rule:233 - rule Rename DIE462 pin PA14 -> PA14 (JTCK/SWCLK) is applicable
2025-11-21 11:45:08,317 [INFO] Rule:233 - rule Rename DIE415 pin PA14 -> PA14 (JTCK/SWCLK) is applicable
2025-11-21 11:45:08,317 [INFO] Rule:233 - rule Rename DIE462/DIE415 pin PA15 -> PA15 (JTDI) is applicable
2025-11-21 11:45:08,317 [INFO] Rule:233 - rule Rename DIE462 pin PB3 -> PB3 (JTD0/TRACESWO) is applicable
2025-11-21 11:45:08,317 [INFO] Rule:233 - rule Rename DIE415 pin PB3 -> PB3 (JTD0-TRACESWO) is applicable
2025-11-21 11:45:08,318 [INFO] Rule:233 - rule Rename DIE462/DIE415 pin PB4 -> PB4 (NJTRST) is applicable
2025-11-21 11:45:08,318 [INFO] Rule:233 - rule Rename DIE462 pin PH3/BOOT0 -> PH3-BOOT0 (BOOT0) is applicable
2025-11-21 11:45:08,318 [INFO] Rule:233 - rule Rename CRYP DataEncryptionTypesList to Algorithm is applicable
2025-11-21 11:45:08,318 [INFO] Rule:233 - rule Rename AES DataEncryptionTypesList to Algorithm is applicable
2025-11-21 11:45:08,318 [INFO] Rule:233 - rule Rename TDESECB to CRYP_TDES_ECB is applicable
2025-11-21 11:45:08,318 [INFO] Rule:233 - rule Rename TDESCBC to CRYP_TDES_CBC is applicable
2025-11-21 11:45:08,318 [INFO] Rule:233 - rule Rename DESECB to CRYP_DES_ECB is applicable
2025-11-21 11:45:08,318 [INFO] Rule:233 - rule Rename DESCBC to CRYP_DES_CBC is applicable
2025-11-21 11:45:08,319 [INFO] Rule:233 - rule Rename AESECB to CRYP_AES_ECB is applicable
2025-11-21 11:45:08,319 [INFO] Rule:233 - rule Rename AESCBC to CRYP_AES_CBC is applicable
2025-11-21 11:45:08,319 [INFO] Rule:233 - rule Rename AESCTR to CRYP_AES_CTR is applicable
2025-11-21 11:45:08,319 [INFO] Rule:233 - rule Rename AESGCM to CRYP_AES_GCM is applicable
2025-11-21 11:45:08,319 [INFO] Rule:233 - rule Rename AESCCM to CRYP_AES_CCM is applicable
2025-11-21 11:45:08,319 [INFO] Rule:233 - rule Rename CAN TimeSeg1 to BS1 is applicable
2025-11-21 11:45:08,319 [INFO] Rule:233 - rule Rename CAN TimeSeg2 to BS2 is applicable
2025-11-21 11:45:08,319 [INFO] Rule:233 - rule Rename CAN SyncJumpWidth to SJW is applicable
2025-11-21 11:45:08,320 [INFO] Rule:233 - rule TimeTriggeredMode to TTCM is applicable
2025-11-21 11:45:08,320 [INFO] Rule:233 - rule Rename CAN AutoBusOff to ABOM is applicable
2025-11-21 11:45:08,320 [INFO] Rule:233 - rule Rename CAN AutoWakeUp to AWUM is applicable
2025-11-21 11:45:08,320 [INFO] Rule:233 - rule Rename CAN AutoRetransmission to NART is applicable
2025-11-21 11:45:08,320 [INFO] Rule:233 - rule Rename CAN ReceiveFifoLocked to RFLM is applicable
2025-11-21 11:45:08,320 [INFO] Rule:233 - rule Rename CAN TransmitFifoPriority to TXFP is applicable
2025-11-21 11:45:08,320 [INFO] Rule:233 - rule Rename HRTIMER HRTIM_OUTPUTFAULTLEVEL_HIGH in HRTIMER HRTIM_OUTPUTFAULTLEVEL_HIGHZ is applicable
2025-11-21 11:45:08,320 [INFO] Rule:233 - rule Rename TIMER TIM_CLEARINPUTSOURCE_OCREFCLR in  TIMER TIM_CLEARINPUTSOURCE_NONE for F7 family is applicable
2025-11-21 11:45:08,321 [INFO] Rule:233 - rule FDCAN_R1 - Rename FDCAN mode Master into Classic is applicable
2025-11-21 11:45:08,321 [INFO] Rule:233 - rule FDCAN_R2 - Rename FDCAN mode Slave into Classic is applicable
2025-11-21 11:45:08,321 [INFO] Rule:233 - rule FDCAN1_R3 - if PA10.Mode=FullDuplex, add Pin PA12 is applicable
2025-11-21 11:45:08,321 [INFO] Rule:233 - rule FDCAN1_R3 - if PA9.Mode=FullDuplex, add Pin PA11 is applicable
2025-11-21 11:45:08,321 [INFO] Rule:233 - rule FDCAN1_R3 - Alternatepin_1 - if PE1.Mode=FullDuplex, add Pin PB9 is applicable
2025-11-21 11:45:08,321 [INFO] Rule:233 - rule FDCAN1_R3 - Alternatepin_1 - if PE0.Mode=FullDuplex, add Pin PB8 is applicable
2025-11-21 11:45:08,321 [INFO] Rule:233 - rule FDCAN1_R3 - Alternatepin_2 - if PD5.Mode=FullDuplex, add Pin PD1 is applicable
2025-11-21 11:45:08,321 [INFO] Rule:233 - rule FDCAN1_R3 - Alternatepin_2 - if PD4.Mode=FullDuplex, add Pin PD0 is applicable
2025-11-21 11:45:08,322 [INFO] Rule:233 - rule FDCAN1_R4 - Rename Mode FullDuplex into Enable FDCAN_TXFD for pin PA10 is applicable
2025-11-21 11:45:08,322 [INFO] Rule:233 - rule FDCAN1_R4 - Rename Mode FullDuplex into Enable FDCAN_TXFD for pin PA9 is applicable
2025-11-21 11:45:08,322 [INFO] Rule:233 - rule FDCAN1_R4 - Alternatepin_1 - Rename Mode FullDuplex into Enable FDCAN_TXFD for pin PE1 is applicable
2025-11-21 11:45:08,323 [INFO] Rule:233 - rule FDCAN1_R4 - Alternatepin_1 - Rename Mode FullDuplex into Enable FDCAN_TXFD for pin PE0 is applicable
2025-11-21 11:45:08,323 [INFO] Rule:233 - rule FDCAN1_R4 - Alternatepin_2 - Rename Mode FullDuplex into Enable FDCAN_TXFD for pin PD5 is applicable
2025-11-21 11:45:08,323 [INFO] Rule:233 - rule FDCAN1_R4 - Alternatepin_2 - Rename Mode FullDuplex into Enable FDCAN_TXFD for pin PD4 is applicable
2025-11-21 11:45:08,323 [INFO] Rule:233 - rule FDCAN2_R3 - if PD10.Mode=FullDuplex, add Pin PB13 is applicable
2025-11-21 11:45:08,323 [INFO] Rule:233 - rule FDCAN2_R3 - if PD9.Mode=FullDuplex, add Pin PB12 is applicable
2025-11-21 11:45:08,323 [INFO] Rule:233 - rule FDCAN2_R3 - Alternatepin_1 - if PB7.Mode=FullDuplex, add Pin PB6 is applicable
2025-11-21 11:45:08,323 [INFO] Rule:233 - rule FDCAN2_R3 - Alternatepin_1 - if PD9.Mode=FullDuplex, add Pin PB12 is applicable
2025-11-21 11:45:08,324 [INFO] Rule:233 - rule FDCAN2_R4 - Rename Mode FullDuplex into Enable FDCAN_TXFD for pin PD10 is applicable
2025-11-21 11:45:08,324 [INFO] Rule:233 - rule FDCAN2_R4 - Rename Mode FullDuplex into Enable FDCAN_TXFD for pin PD9 is applicable
2025-11-21 11:45:08,324 [INFO] Rule:233 - rule FDCAN2_R4 - Alternatepin_1 - Rename Mode FullDuplex into Enable FDCAN_TXFD for pin PB7 is applicable
2025-11-21 11:45:08,324 [INFO] Rule:233 - rule FDCAN2_R4 - Alternatepin_1 - Rename Mode FullDuplex into Enable FDCAN_TXFD for pin PD6 is applicable
2025-11-21 11:45:08,324 [INFO] Rule:233 - rule USART TxPinLevelInvertParam Mode is applicable
2025-11-21 11:45:08,324 [INFO] Rule:233 - rule USART RxPinLevelInvertParam Mode is applicable
2025-11-21 11:45:08,324 [INFO] Rule:233 - rule USART DataInvertParam Mode is applicable
2025-11-21 11:45:08,324 [INFO] Rule:233 - rule USART SwapParam Mode is applicable
2025-11-21 11:45:08,325 [INFO] Rule:233 - rule USART OverrunDisableParam Mode is applicable
2025-11-21 11:45:08,325 [INFO] Rule:233 - rule USART DMADisableonRxErrorParam Mode is applicable
2025-11-21 11:45:08,325 [INFO] Rule:233 - rule USART MSBFirstParam Mode is applicable
2025-11-21 11:45:08,325 [INFO] Rule:233 - rule Update MwName for USB_DEVICE is applicable
2025-11-21 11:45:08,325 [INFO] Rule:233 - rule Change PWR_Regulator_Voltage_Scale Default Value for RCC  H7 family is applicable
2025-11-21 11:45:08,325 [INFO] Rule:233 - rule UART/USART IPParameter rename Prescaler parameter to ClockPrescaler is applicable
2025-11-21 11:45:08,325 [INFO] Rule:233 - rule UART/USART Prescaler rename Prescaler parameter to ClockPrescaler is applicable
2025-11-21 11:45:08,325 [INFO] Rule:233 - rule TIM1CLockSelection is applicable
2025-11-21 11:45:08,326 [INFO] Rule:233 - rule TIM15CLockSelection is applicable
2025-11-21 11:45:08,326 [INFO] Rule:233 - rule align RCC SDMMC3CLockSelection default value on MP1 is applicable
2025-11-21 11:45:08,326 [INFO] Rule:233 - rule align RCC SDMMC12CLockSelection default value on MP1 is applicable
2025-11-21 11:45:08,326 [INFO] Rule:233 - rule align RCC QSPICLockSelection default value on MP1 is applicable
2025-11-21 11:45:08,326 [INFO] Rule:233 - rule align RCC QSPICLockSelection default value on MP1 is applicable
2025-11-21 11:45:08,326 [INFO] Rule:233 - rule align RCC SPI6CLockSelection default value on MP1 is applicable
2025-11-21 11:45:08,326 [INFO] Rule:233 - rule align RCC LPTIM23CLockSelection default value on MP1 is applicable
2025-11-21 11:45:08,326 [INFO] Rule:233 - rule align RCC LPTIM1CLockSelection default value on MP1 is applicable
2025-11-21 11:45:08,326 [INFO] Rule:233 - rule align RCC USART1CLockSelection default value on MP1 is applicable
2025-11-21 11:45:08,326 [INFO] Rule:233 - rule align RCC USART24CLockSelection default value on MP1 is applicable
2025-11-21 11:45:08,326 [INFO] Rule:233 - rule align RCC USART6CLockSelection default value on MP1 is applicable
2025-11-21 11:45:08,327 [INFO] Rule:233 - rule align RCC UART78CLockSelection default value on MP1 is applicable
2025-11-21 11:45:08,327 [INFO] Rule:233 - rule align RCC USART35CLockSelection default value on MP1 is applicable
2025-11-21 11:45:08,327 [INFO] Rule:233 - rule align RCC SPI45CLockSelection default value on MP1 is applicable
2025-11-21 11:45:08,327 [INFO] Rule:233 - rule align RCC I2C46CLockSelection BCLK value on MP1 is applicable
2025-11-21 11:45:08,327 [INFO] Rule:233 - rule align RCC SPI45CLockSelection default value on MP1 is applicable
2025-11-21 11:45:08,327 [INFO] Rule:233 - rule align RCC I2C12CLockSelection default value on MP1 is applicable
2025-11-21 11:45:08,327 [INFO] Rule:233 - rule align RCC I2C35CLockSelection default value on MP1 is applicable
2025-11-21 11:45:08,328 [INFO] Rule:233 - rule align RCC LPTIM45CLockSelection default value on MP1 is applicable
2025-11-21 11:45:08,328 [INFO] Rule:233 - rule Rename DCMI PIXCK signal is applicable
2025-11-21 11:45:08,328 [INFO] Rule:233 - rule Change Default Value for I2C46CLockSelection MP1 family is applicable
2025-11-21 11:45:08,328 [INFO] Rule:233 - rule Change Default Value for UART for G4, G0 and WB families is applicable
2025-11-21 11:45:08,328 [INFO] Rule:233 - rule Change Default Value for USART for G4, G0 and WB families is applicable
2025-11-21 11:45:08,328 [INFO] Rule:233 - rule Change Default Value for USART for G4 family is applicable
2025-11-21 11:45:08,328 [INFO] Rule:233 - rule Change USART1CLockSelection refparam name for MP1 is applicable
2025-11-21 11:45:08,329 [INFO] Rule:233 - rule Change USART2CLockSelection refparam name for MP1 is applicable
2025-11-21 11:45:08,329 [INFO] Rule:233 - rule Change USART3CLockSelection refparam name for MP1 is applicable
2025-11-21 11:45:08,331 [INFO] Rule:233 - rule Change UART4CLockSelection refparam name for MP1 is applicable
2025-11-21 11:45:08,332 [INFO] Rule:233 - rule Change UART5CLockSelection refparam name for MP1 is applicable
2025-11-21 11:45:08,332 [INFO] Rule:233 - rule Change LPUART1CLockSelection refparam name for MP1 is applicable
2025-11-21 11:45:08,332 [INFO] Rule:233 - rule Change LPTIM1CLockSelection refparam name for MP1 is applicable
2025-11-21 11:45:08,333 [INFO] Rule:233 - rule Change LPTIM2CLockSelection refparam name for MP1 is applicable
2025-11-21 11:45:08,333 [INFO] Rule:233 - rule Change RCC_MCO1Source refparam name for MP1 is applicable
2025-11-21 11:45:08,333 [INFO] Rule:233 - rule Change LSCOSource1 refparam name for MP1 is applicable
2025-11-21 11:45:08,333 [INFO] Rule:233 - rule Change SMPSCLockSelection refparam name for MP1 is applicable
2025-11-21 11:45:08,333 [INFO] Rule:233 - rule Change LPTIM3CLockSelection refparam name for MP1 is applicable
2025-11-21 11:45:08,333 [INFO] Rule:233 - rule Change MPCBB* Default Template Mode to Parameters is applicable
2025-11-21 11:45:08,333 [INFO] Rule:233 - rule Change MPCWM* or MPCBB* Secure Mode to Parameters is applicable
2025-11-21 11:45:08,333 [INFO] Rule:233 - rule Change MPCWM* or MPCBB* No Secure Mode to Parameters is applicable
2025-11-21 11:45:08,333 [INFO] Rule:233 - rule Change TZSC IP Secure Mode to Parameters is applicable
2025-11-21 11:45:08,334 [INFO] Rule:233 - rule Change TZSC IP No Secure Mode to Parameters is applicable
2025-11-21 11:45:08,334 [INFO] Rule:233 - rule Change TZSC IP Privilege Mode to Parameters is applicable
2025-11-21 11:45:08,334 [INFO] Rule:233 - rule Change TZSC IP No Privilege Mode to Parameters is applicable
2025-11-21 11:45:08,334 [INFO] Rule:233 - rule Change TZIC IT Secure Mode to Parameters is applicable
2025-11-21 11:45:08,334 [INFO] Rule:233 - rule Change TZIC IT No Secure Mode to Parameters is applicable
2025-11-21 11:45:08,334 [INFO] Rule:233 - rule Add MPCBB1_NonSecureArea_Start_Address value with referenced to MPCBB1_NonSecureArea_Start value is applicable
2025-11-21 11:45:08,334 [INFO] Rule:233 - rule Add MPCBB2_NonSecureArea_Start_Address value with referenced to MPCBB2_NonSecureArea_Start value is applicable
2025-11-21 11:45:08,334 [INFO] Rule:233 - rule Add MPCWM1_NonSecureArea*_Start_Address value with referenced to MPCWM1_NonSecureArea*_Start value is applicable
2025-11-21 11:45:08,334 [INFO] Rule:233 - rule Add MPCWM2_NonSecureArea*_Start_Address value with referenced to MPCWM2_NonSecureArea*_Start value is applicable
2025-11-21 11:45:08,334 [INFO] Rule:233 - rule Add MPCWM3_NonSecureArea_Start_Address value with referenced to MPCWM3_NonSecureArea_Start value is applicable
2025-11-21 11:45:08,334 [INFO] Rule:233 - rule Change Default Value for PLL1UserDefinedConfig is applicable
2025-11-21 11:45:08,334 [INFO] Rule:233 - rule Change GPIO_PuPd Default Value for USART in async mode is applicable
2025-11-21 11:45:08,336 [INFO] Rule:233 - rule Change SMPSDivider Default Value is applicable
2025-11-21 11:45:08,336 [INFO] Rule:233 - rule OPAMP is applicable
2025-11-21 11:45:08,336 [INFO] Rule:233 - rule LPUART IPParameter rename Prescaler parameter to ClockPrescaler for STM32H7 is applicable
2025-11-21 11:45:08,336 [INFO] Rule:233 - rule LPUART IPParameter rename Prescaler parameter to ClockPrescaler for STM32H7 is applicable
2025-11-21 11:45:08,336 [INFO] Rule:233 - rule LPUART IPParameter rename Prescaler parameter to ClockPrescaler for STM32WB is applicable
2025-11-21 11:45:08,336 [INFO] Rule:233 - rule LPUART IPParameter rename Prescaler parameter to ClockPrescaler for STM32WB is applicable
2025-11-21 11:45:08,336 [INFO] Rule:233 - rule LPUART IPParameter rename Prescaler parameter to ClockPrescaler for STM32G4 is applicable
2025-11-21 11:45:08,336 [INFO] Rule:233 - rule LPUART IPParameter rename Prescaler parameter to ClockPrescaler for STM32G4 is applicable
2025-11-21 11:45:08,336 [INFO] Rule:233 - rule LPUART IPParameter rename Prescaler parameter to ClockPrescaler for STM32L5 is applicable
2025-11-21 11:45:08,337 [INFO] Rule:233 - rule LPUART IPParameter rename Prescaler parameter to ClockPrescaler for STM32L5 is applicable
2025-11-21 11:45:08,337 [INFO] Rule:233 - rule LPUART IPParameter rename Prescaler parameter to ClockPrescaler for STM32G4 is applicable
2025-11-21 11:45:08,337 [INFO] Rule:233 - rule LPUART IPParameter rename Prescaler parameter to ClockPrescaler for STM32G4 is applicable
2025-11-21 11:45:08,337 [INFO] Rule:233 - rule USB device lib V2.5.3 for L0 rename USBD_SUPPORT_USER_STRING parameter to USBD_SUPPORT_USER_STRING_DESC4 is applicable
2025-11-21 11:45:08,337 [INFO] Rule:233 - rule I2SCLockSelection clock entry align is applicable
2025-11-21 11:45:08,337 [INFO] Rule:233 - rule Assign TIMx context if used as SYS timebase is applicable
2025-11-21 11:45:08,337 [INFO] Rule:233 - rule Change GPIO_Pu Default Value for I2C is applicable
2025-11-21 11:45:08,338 [INFO] Rule:233 - rule Change GPIO_Pu Default Value for SMBus is applicable
2025-11-21 11:45:08,338 [INFO] Rule:233 - rule change FDCAN default value is applicable
2025-11-21 11:45:08,338 [INFO] Rule:233 - rule Change mode sai is applicable
2025-11-21 11:45:08,338 [INFO] Rule:233 - rule **Change sai mode is applicable
2025-11-21 11:45:08,338 [INFO] Rule:233 - rule Rename STM32WPAN CFG_BLE_IRK to CFG_BLE_IR is applicable
2025-11-21 11:45:08,338 [INFO] Rule:233 - rule Rename STM32WPAN CFG_BLE_ERK to CFG_BLE_ER is applicable
2025-11-21 11:45:08,338 [INFO] Rule:233 - rule Rename STM32WPAN CFG_BLE_IRK_HEX to CFG_BLE_IR_HEX is applicable
2025-11-21 11:45:08,338 [INFO] Rule:233 - rule Rename STM32WPAN CFG_BLE_ERK_HEX to CFG_BLE_ER_HEX is applicable
2025-11-21 11:45:08,338 [INFO] Rule:233 - rule Adapt Old IOC before rework replace old CORTEX_M33/CORTEX_M55 attributes by the new one. is applicable
2025-11-21 11:45:08,338 [INFO] Rule:233 - rule Rename parametre of RCC RCC_APBDBG_DIV2 to RCC_TIMPRES_DIV2 is applicable
2025-11-21 11:45:08,339 [INFO] Rule:233 - rule Rename DIE493 pin PA10 [PA12] -> PA10 is applicable
2025-11-21 11:45:08,339 [INFO] Rule:233 - rule Rename DIE493 pin PA9 [PA11] -> PA9 is applicable
2025-11-21 11:45:08,339 [INFO] Rule:233 - rule Rename DIE492 PartNumber CPN STM32WBA5MJGHx -> STM32WBA5MMGHx is applicable
2025-11-21 11:45:08,339 [INFO] Rule:233 - rule Rename DIE492 PartNumber  Name STM32WBA5MJGHx -> STM32WBA5MMGHx is applicable
2025-11-21 11:45:08,339 [INFO] Rule:233 - rule Rename DIE492 PartNumber UserName STM32WBA5MJGHx -> STM32WBA5MMGHx is applicable
2025-11-21 11:45:08,339 [INFO] Rule:233 - rule Rename DIE492 PartNumber DeviceId STM32WBA5MJGHx -> STM32WBA5MMGHx is applicable
2025-11-21 11:45:08,339 [INFO] Rule:233 - rule Adapt Old IOC CSI. is applicable
2025-11-21 11:45:08,339 [INFO] Rule:233 - rule Adapt Old IOC DCMIPP. is applicable
2025-11-21 11:45:08,339 [INFO] Rule:233 - rule Adapt Old IOC DCMIPP Mode Parallel. is applicable
2025-11-21 11:45:08,340 [INFO] Rule:233 - rule Adapt Old IOC LTDC. is applicable
2025-11-21 11:45:08,340 [INFO] Rule:233 - rule Rename STM32MP2 RIF Peripheral LTDC RIF.RISUP.LTDC_L0L1.Privilege -> RIF.RISUP.LTDC_L1L2.Privilege is applicable
2025-11-21 11:45:08,340 [INFO] Rule:233 - rule Rename STM32MP2 RIF Peripheral LTDC RIF.RISUP.LTDC_L0L1.Privilege -> RIF.RISUP.LTDC_L1L2.Privilege is applicable
2025-11-21 11:45:08,340 [INFO] Rule:233 - rule Rename STM32MP2 RIF Peripheral LTDC RIF.RISUP.LTDC_L0L1.Lock -> RIF.RISUP.LTDC_L1L2.Lock is applicable
2025-11-21 11:45:08,341 [INFO] Rule:233 - rule Rename STM32MP2 RIF Peripheral LTDC RIF.RISUP.LTDC_L2.Lock -> RIF.RISUP.LTDC_L3.Lock is applicable
2025-11-21 11:45:08,341 [INFO] Rule:233 - rule Adapt the old IOC example for updating the SYS when it is misconfigured. is applicable
2025-11-21 11:45:08,341 [INFO] Rule:233 - rule Rename STM32C09 Mcu.Package LQFP64 -> LQFP48 is applicable
2025-11-21 11:45:08,341 [INFO] Rule:233 - rule Adapt the old IOC example for updating the SYS when it is misconfigured. is applicable
2025-11-21 11:45:08,341 [INFO] Rule:233 - rule Adapt the old IOC example for updating the SYS when it is misconfigured. is applicable
2025-11-21 11:45:08,437 [INFO] DbConfProperties:307 - Apply Compatibility (54/282 Rules)
2025-11-21 11:45:08,589 [INFO] ImportTextPane:234 - (OptionalMessage_ERROR) Unable to find key (Mcu.ThirdPartyNb) in loaded IOC file
2025-11-21 11:45:08,621 [INFO] ImportTextPane:234 - (OptionalMessage_ERROR) Pin35 (VP_RIF_VS_RIF1) cannot be retrieved for this MCU
2025-11-21 11:45:08,871 [INFO] RtosManager:558 - Registered RTOS mode: class=CMSIS, group=RTOS, mode=CMSIS_V1, owner=FREERTOS
2025-11-21 11:45:08,872 [INFO] RtosManager:558 - Registered RTOS mode: class=CMSIS, group=RTOS2, mode=CMSIS_V2, owner=FREERTOS
2025-11-21 11:45:08,873 [INFO] RtosManager:558 - Registered RTOS mode: class=RTOS, group=Core, mode=CMSIS_V1, owner=FREERTOS
2025-11-21 11:45:08,873 [INFO] RtosManager:558 - Registered RTOS mode: class=RTOS, group=Core, mode=CMSIS_V2, owner=FREERTOS
2025-11-21 11:45:08,873 [WARN] ModelIntegratedComponent:184 - Missing modes for component STMicroelectronics:FreeRTOS:0.0.1:STMicroelectronics:RTOS:FreeRTOS:Core:::10.2.0:
2025-11-21 11:45:08,933 [WARN] ModelIntegratedComponent:63 - No mode defined for component null
2025-11-21 11:45:08,934 [WARN] ModelIntegratedComponent:63 - No mode defined for component null
2025-11-21 11:45:08,934 [WARN] ModelIntegratedComponent:63 - No mode defined for component null
2025-11-21 11:45:08,934 [WARN] ModelIntegratedComponent:63 - No mode defined for component null
2025-11-21 11:45:08,934 [WARN] ModelIntegratedComponent:63 - No mode defined for component null
2025-11-21 11:45:08,934 [WARN] ModelIntegratedComponent:63 - No mode defined for component null
2025-11-21 11:45:08,934 [WARN] ModelIntegratedComponent:63 - No mode defined for component null
2025-11-21 11:45:08,934 [WARN] ModelIntegratedComponent:63 - No mode defined for component null
2025-11-21 11:45:08,934 [WARN] ModelIntegratedComponent:63 - No mode defined for component null
2025-11-21 11:45:08,934 [WARN] ModelIntegratedComponent:63 - No mode defined for component null
2025-11-21 11:45:08,934 [WARN] ModelIntegratedComponent:63 - No mode defined for component null
2025-11-21 11:45:08,934 [WARN] ModelIntegratedComponent:63 - No mode defined for component null
2025-11-21 11:45:08,934 [WARN] ModelIntegratedComponent:63 - No mode defined for component null
2025-11-21 11:45:08,934 [WARN] ModelIntegratedComponent:63 - No mode defined for component null
2025-11-21 11:45:08,934 [WARN] ModelIntegratedComponent:63 - No mode defined for component null
2025-11-21 11:45:08,936 [WARN] ModelIntegratedComponent:63 - No mode defined for component null
2025-11-21 11:45:08,936 [WARN] ModelIntegratedComponent:63 - No mode defined for component null
2025-11-21 11:45:08,936 [WARN] ModelIntegratedComponent:63 - No mode defined for component null
2025-11-21 11:45:08,936 [WARN] ModelIntegratedComponent:63 - No mode defined for component null
2025-11-21 11:45:08,936 [WARN] ModelIntegratedComponent:63 - No mode defined for component null
2025-11-21 11:45:08,936 [WARN] ModelIntegratedComponent:63 - No mode defined for component null
2025-11-21 11:45:08,936 [WARN] ModelIntegratedComponent:63 - No mode defined for component null
2025-11-21 11:45:08,936 [WARN] ModelIntegratedComponent:63 - No mode defined for component null
2025-11-21 11:45:08,936 [WARN] ModelIntegratedComponent:63 - No mode defined for component null
2025-11-21 11:45:08,936 [WARN] ModelIntegratedComponent:63 - No mode defined for component null
2025-11-21 11:45:08,937 [WARN] ModelIntegratedComponent:63 - No mode defined for component null
2025-11-21 11:45:08,937 [WARN] ModelIntegratedComponent:63 - No mode defined for component null
2025-11-21 11:45:08,937 [WARN] ModelIntegratedComponent:63 - No mode defined for component null
2025-11-21 11:45:08,937 [WARN] ModelIntegratedComponent:63 - No mode defined for component null
2025-11-21 11:45:08,937 [WARN] ModelIntegratedComponent:63 - No mode defined for component null
2025-11-21 11:45:08,937 [WARN] ModelIntegratedComponent:63 - No mode defined for component null
2025-11-21 11:45:08,937 [WARN] ModelIntegratedComponent:63 - No mode defined for component null
2025-11-21 11:45:08,937 [WARN] ModelIntegratedComponent:63 - No mode defined for component null
2025-11-21 11:45:08,937 [WARN] ModelIntegratedComponent:63 - No mode defined for component null
2025-11-21 11:45:08,937 [WARN] ModelIntegratedComponent:63 - No mode defined for component null
2025-11-21 11:45:08,938 [WARN] ModelPack:524 - Component already loaded: STMicroelectronics:HAL Drivers:0.0.0:STMicroelectronics:Device:STMicro_Driver:XSPI:HAL::0.0.1:HAL_XSPI
2025-11-21 11:45:09,156 [INFO] ThirdPartyModel:298 - Start build external matchings
2025-11-21 11:45:10,480 [INFO] ThirdPartyModel:316 - End build external matchings
2025-11-21 11:45:10,521 [INFO] ImportTextPane:234 - (OptionalMessage_ERROR) IP (RCC) : Parameter (RTCHSEDivFreq_Value) has invalid value (4000000)
2025-11-21 11:45:11,101 [INFO] UtilMem:75 - End LoadConfig() Used Memory: 918929336 Bytes (1073741824)
2025-11-21 11:45:11,324 [WARN] ThirdParty:833 - waiting for thirdparty lock release [change project]
2025-11-21 11:45:11,324 [INFO] ThirdParty:835 - entering critical section [change project]
2025-11-21 11:45:11,325 [INFO] ThirdParty:1030 - CMSIS Pack Vendor :STMicroelectronics X-CUBE-PM33A1 1.0.0
2025-11-21 11:45:11,325 [INFO] ThirdParty:1030 - CMSIS Pack Vendor :STMicroelectronics USBPD 4.1
2025-11-21 11:45:11,325 [INFO] ThirdParty:1030 - CMSIS Pack Vendor :STMicroelectronics X-CUBE-NFC9 1.0.0
2025-11-21 11:45:11,325 [INFO] ThirdParty:1030 - CMSIS Pack Vendor :STMicroelectronics USB_HOST 2.0.0
2025-11-21 11:45:11,325 [INFO] ThirdParty:1030 - CMSIS Pack Vendor :STMicroelectronics FP-SNS-MOTENVWB1 1.4.0
2025-11-21 11:45:11,325 [INFO] ThirdParty:1030 - CMSIS Pack Vendor :STMicroelectronics X-CUBE-AZRTOS-F4 1.1.0
2025-11-21 11:45:11,325 [INFO] ThirdParty:1030 - CMSIS Pack Vendor :STMicroelectronics LIBJPEG 8.0.0
2025-11-21 11:45:11,325 [INFO] ThirdParty:1030 - CMSIS Pack Vendor :STMicroelectronics FP-ATR-ASTRA1 2.0.2
2025-11-21 11:45:11,325 [INFO] ThirdParty:1030 - CMSIS Pack Vendor :wolfSSL I-CUBE-wolfSSL 5.8.2
2025-11-21 11:45:11,325 [INFO] ThirdParty:1030 - CMSIS Pack Vendor :STMicroelectronics X-CUBE-BLE1 7.1.0
2025-11-21 11:45:11,325 [INFO] ThirdParty:1030 - CMSIS Pack Vendor :STMicroelectronics X-CUBE-SMBUS 2.1.0
2025-11-21 11:45:11,326 [INFO] ThirdParty:1030 - CMSIS Pack Vendor :wolfSSL I-CUBE-wolfMQTT 1.19.2
2025-11-21 11:45:11,326 [INFO] ThirdParty:1030 - CMSIS Pack Vendor :STMicroelectronics USB_DEVICE 3.0.0
2025-11-21 11:45:11,326 [INFO] ThirdParty:1030 - CMSIS Pack Vendor :STMicroelectronics X-CUBE-ISPU 2.1.0
2025-11-21 11:45:11,326 [INFO] ThirdParty:1030 - CMSIS Pack Vendor :STMicroelectronics X-CUBE-EEPRMA1 5.2.0
2025-11-21 11:45:11,326 [INFO] ThirdParty:1030 - CMSIS Pack Vendor :STMicroelectronics X-CUBE-IPS 3.2.0
2025-11-21 11:45:11,326 [INFO] ThirdParty:1030 - CMSIS Pack Vendor :STMicroelectronics X-CUBE-BLEMGR 4.1.0
2025-11-21 11:45:11,326 [INFO] ThirdParty:1030 - CMSIS Pack Vendor :STMicroelectronics X-CUBE-AZRTOS-WB 2.0.0
2025-11-21 11:45:11,326 [INFO] ThirdParty:1030 - CMSIS Pack Vendor :STMicroelectronics X-CUBE-NFC12 1.0.0
2025-11-21 11:45:11,326 [INFO] ThirdParty:1030 - CMSIS Pack Vendor :STMicroelectronics X-CUBE-AZRTOS-F7 1.1.0
2025-11-21 11:45:11,326 [INFO] ThirdParty:1030 - CMSIS Pack Vendor :STMicroelectronics X-CUBE-AZRTOS-L5 2.0.0
2025-11-21 11:45:11,326 [INFO] ThirdParty:1030 - CMSIS Pack Vendor :STMicroelectronics USB_DEVICE 2.0.0
2025-11-21 11:45:11,326 [INFO] ThirdParty:1030 - CMSIS Pack Vendor :STMicroelectronics X-CUBE-NFC6 3.1.0
2025-11-21 11:45:11,326 [INFO] ThirdParty:1030 - CMSIS Pack Vendor :STMicroelectronics X-CUBE-ST67W61 1.1.0
2025-11-21 11:45:11,326 [INFO] ThirdParty:1030 - CMSIS Pack Vendor :Cesanta I-CUBE-Mongoose 7.19.0
2025-11-21 11:45:11,326 [INFO] ThirdParty:1030 - CMSIS Pack Vendor :quantropi X-CUBE-qispace-sdk-base 2.1.0
2025-11-21 11:45:11,326 [INFO] ThirdParty:1030 - CMSIS Pack Vendor :STMicroelectronics FP-SNS-MOTENV1 5.1.0
2025-11-21 11:45:11,326 [INFO] ThirdParty:1030 - CMSIS Pack Vendor :STMicroelectronics FreeRTOS 0.0.1
2025-11-21 11:45:11,326 [INFO] ThirdParty:1030 - CMSIS Pack Vendor :STMicroelectronics X-CUBE-AZRTOS-G0 1.1.0
2025-11-21 11:45:11,326 [INFO] ThirdParty:1030 - CMSIS Pack Vendor :STMicroelectronics X-CUBE-NFC4 3.0.0
2025-11-21 11:45:11,327 [INFO] ThirdParty:1030 - CMSIS Pack Vendor :STMicroelectronics X-CUBE-SUBG2 5.0.0
2025-11-21 11:45:11,327 [INFO] ThirdParty:1030 - CMSIS Pack Vendor :STMicroelectronics X-CUBE-AZRTOS-H7RS 1.1.0
2025-11-21 11:45:11,327 [INFO] ThirdParty:1030 - CMSIS Pack Vendor :STMicroelectronics STM32_WPAN 1.0.0
2025-11-21 11:45:11,327 [INFO] ThirdParty:1030 - CMSIS Pack Vendor :EmbeddedOffice I-CUBE-FS-RTOS 1.0.1
2025-11-21 11:45:11,327 [INFO] ThirdParty:1030 - CMSIS Pack Vendor :STMicroelectronics lwIP 2.0.3
2025-11-21 11:45:11,327 [INFO] ThirdParty:1030 - CMSIS Pack Vendor :WES I-CUBE-Cesium 1.4.0
2025-11-21 11:45:11,327 [INFO] ThirdParty:1030 - CMSIS Pack Vendor :STMicroelectronics USB_HOST 1.0.0
2025-11-21 11:45:11,327 [INFO] ThirdParty:1030 - CMSIS Pack Vendor :Infineon AIROC-Wi-Fi-Bluetooth-STM32 1.7.1
2025-11-21 11:45:11,327 [INFO] ThirdParty:1030 - CMSIS Pack Vendor :STMicroelectronics X-CUBE-AZRTOS-G4 2.0.0
2025-11-21 11:45:11,327 [INFO] ThirdParty:1030 - CMSIS Pack Vendor :STMicroelectronics X-CUBE-WB05N 2.0.0
2025-11-21 11:45:11,327 [INFO] ThirdParty:1030 - CMSIS Pack Vendor :STMicroelectronics PDM2PCM 3.1.0
2025-11-21 11:45:11,327 [INFO] ThirdParty:1030 - CMSIS Pack Vendor :STMicroelectronics PDM2PCM 3.3.0
2025-11-21 11:45:11,327 [INFO] ThirdParty:1030 - CMSIS Pack Vendor :wolfSSL I-CUBE-wolfTPM 3.8.0
2025-11-21 11:45:11,327 [INFO] ThirdParty:1030 - CMSIS Pack Vendor :STMicroelectronics X-CUBE-AZRTOS-H7 3.4.0
2025-11-21 11:45:11,327 [INFO] ThirdParty:1030 - CMSIS Pack Vendor :STMicroelectronics X-CUBE-DISPLAY 3.0.0
2025-11-21 11:45:11,327 [INFO] ThirdParty:1030 - CMSIS Pack Vendor :wolfSSL I-CUBE-wolfSSH 1.4.20
2025-11-21 11:45:11,327 [INFO] ThirdParty:1030 - CMSIS Pack Vendor :STMicroelectronics X-CUBE-NFC7 2.0.0
2025-11-21 11:45:11,328 [INFO] ThirdParty:1030 - CMSIS Pack Vendor :STMicroelectronics X-CUBE-TCPP 4.2.0
2025-11-21 11:45:11,328 [INFO] ThirdParty:1030 - CMSIS Pack Vendor :RealThread X-CUBE-RT-Thread_Nano 4.1.1
2025-11-21 11:45:11,328 [INFO] ThirdParty:1030 - CMSIS Pack Vendor :STMicroelectronics FP-ATR-SIGFOX1 3.2.0
2025-11-21 11:45:11,328 [INFO] ThirdParty:1030 - CMSIS Pack Vendor :STMicroelectronics X-CUBE-NFC10 1.0.0
2025-11-21 11:45:11,328 [INFO] ThirdParty:1030 - CMSIS Pack Vendor :STMicroelectronics X-CUBE-FREERTOS 1.3.1
2025-11-21 11:45:11,328 [INFO] ThirdParty:1030 - CMSIS Pack Vendor :STMicroelectronics HAL Drivers 0.0.0
2025-11-21 11:45:11,328 [INFO] ThirdParty:1030 - CMSIS Pack Vendor :STMicroelectronics MBEDTLS 2.16.2
2025-11-21 11:45:11,328 [INFO] ThirdParty:1030 - CMSIS Pack Vendor :STMicroelectronics X-CUBE-ST60 1.1.0
2025-11-21 11:45:11,328 [INFO] ThirdParty:1030 - CMSIS Pack Vendor :STMicroelectronics X-CUBE-ALS 1.0.2
2025-11-21 11:45:11,328 [INFO] ThirdParty:1030 - CMSIS Pack Vendor :emotas I-CUBE-CANOPEN 1.3.0
2025-11-21 11:45:11,328 [INFO] ThirdParty:1030 - CMSIS Pack Vendor :STMicroelectronics MBEDTLS 2.14.1
2025-11-21 11:45:11,328 [INFO] ThirdParty:1030 - CMSIS Pack Vendor :STMicroelectronics X-CUBE-GNSS1 7.1.0
2025-11-21 11:45:11,328 [INFO] ThirdParty:1030 - CMSIS Pack Vendor :ITTIA_DB I-CUBE-ITTIADB 8.9.0
2025-11-21 11:45:11,328 [INFO] ThirdParty:1030 - CMSIS Pack Vendor :STMicroelectronics X-CUBE-TOUCHGFX 4.26.0
2025-11-21 11:45:11,328 [INFO] ThirdParty:1030 - CMSIS Pack Vendor :STMicroelectronics X-CUBE-STSE01 1.0.0
2025-11-21 11:45:11,328 [INFO] ThirdParty:1030 - CMSIS Pack Vendor :STMicroelectronics FP-SNS-STBOX1 2.1.0
2025-11-21 11:45:11,329 [INFO] ThirdParty:1030 - CMSIS Pack Vendor :STMicroelectronics X-CUBE-AI 10.2.0
2025-11-21 11:45:11,329 [INFO] ThirdParty:1030 - CMSIS Pack Vendor :STMicroelectronics FP-SNS-STAIOTCFT 1.0.0
2025-11-21 11:45:11,329 [INFO] ThirdParty:1030 - CMSIS Pack Vendor :STMicroelectronics ThreadX 1.0.0
2025-11-21 11:45:11,329 [INFO] ThirdParty:1030 - CMSIS Pack Vendor :STMicroelectronics FP-SNS-SMARTAG2 1.2.0
2025-11-21 11:45:11,329 [INFO] ThirdParty:1030 - CMSIS Pack Vendor :STMicroelectronics FP-SNS-FLIGHT1 5.1.0
2025-11-21 11:45:11,329 [INFO] ThirdParty:1030 - CMSIS Pack Vendor :STMicroelectronics X-CUBE-AZRTOS-WL 2.0.0
2025-11-21 11:45:11,329 [INFO] ThirdParty:1030 - CMSIS Pack Vendor :SEGGER I-CUBE-embOS 1.3.1
2025-11-21 11:45:11,329 [INFO] ThirdParty:1030 - CMSIS Pack Vendor :STMicroelectronics X-CUBE-ALGOBUILD 1.4.0
2025-11-21 11:45:11,329 [INFO] ThirdParty:1030 - CMSIS Pack Vendor :STMicroelectronics X-CUBE-DPower 1.3.0
2025-11-21 11:45:11,329 [INFO] ThirdParty:1030 - CMSIS Pack Vendor :STMicroelectronics X-CUBE-MEMS1 11.3.0
2025-11-21 11:45:11,329 [INFO] ThirdParty:1030 - CMSIS Pack Vendor :STMicroelectronics USB_DEVICE 1.0.0
2025-11-21 11:45:11,329 [INFO] ThirdParty:1030 - CMSIS Pack Vendor :STMicroelectronics X-CUBE-AZRTOS-L4 2.0.0
2025-11-21 11:45:11,329 [INFO] ThirdParty:1030 - CMSIS Pack Vendor :STMicroelectronics ThreadX 0.0.2
2025-11-21 11:45:11,330 [INFO] ThirdParty:1030 - CMSIS Pack Vendor :STMicroelectronics lwIP 2.1.2
2025-11-21 11:45:11,330 [INFO] ThirdParty:1030 - CMSIS Pack Vendor :STMicroelectronics X-CUBE-SFXS2LP1 4.0.0
2025-11-21 11:45:11,330 [INFO] ThirdParty:1030 - CMSIS Pack Vendor :STMicroelectronics X-CUBE-BLE2 3.3.0
2025-11-21 11:45:11,330 [INFO] ThirdParty:1030 - CMSIS Pack Vendor :Avnet-IOTCONNECT X-CUBE-iotc-st67-sdk 1.0.0
2025-11-21 11:45:11,330 [INFO] ThirdParty:1030 - CMSIS Pack Vendor :STMicroelectronics X-CUBE-TOF1 3.4.3
2025-11-21 11:45:11,330 [INFO] ThirdParty:1030 - CMSIS Pack Vendor :STMicroelectronics PDM2PCM 3.2.0
2025-11-21 11:45:11,330 [INFO] ThirdParty:841 - exiting critical section [change project]
2025-11-21 11:45:11,914 [INFO] PinOutPanel:1589 - setPackage(No Configuration,No Configuration)
2025-11-21 11:45:11,917 [INFO] PinOutPanel:1589 - setPackage(STM32F407VGTx,LQFP100)
2025-11-21 11:45:12,693 [INFO] UtilMem:75 - Before build in PCC Used Memory: 1009260728 Bytes (1073741824)
2025-11-21 11:45:13,783 [INFO] UtilMem:75 - After build in PCC Used Memory: 944254336 Bytes (1073741824)
2025-11-21 11:45:13,934 [INFO] ApiDbMcu:532 - Load IP Config File for USB_HOST
2025-11-21 11:45:13,937 [WARN] BspModel:444 - BSP dependency skipped because of component: name='IOExpander', api='Unknown'
2025-11-21 11:45:13,974 [INFO] IPUIPlugin:80 - create IPUIPlugin
2025-11-21 11:45:13,976 [INFO] IPUIPlugin:80 - create IPUIPlugin
2025-11-21 11:45:13,976 [INFO] IPUIPlugin:80 - create IPUIPlugin
2025-11-21 11:45:13,976 [INFO] IPUIPlugin:80 - create IPUIPlugin
2025-11-21 11:45:13,976 [INFO] IPUIPlugin:80 - create IPUIPlugin
2025-11-21 11:45:13,976 [INFO] IPUIPlugin:80 - create IPUIPlugin
2025-11-21 11:45:13,976 [INFO] IPUIPlugin:80 - create IPUIPlugin
2025-11-21 11:45:13,977 [INFO] IPUIPlugin:80 - create IPUIPlugin
2025-11-21 11:45:13,977 [INFO] IPUIPlugin:80 - create IPUIPlugin
2025-11-21 11:45:13,977 [INFO] IPUIPlugin:80 - create IPUIPlugin
2025-11-21 11:45:13,977 [INFO] IPUIPlugin:80 - create IPUIPlugin
2025-11-21 11:45:13,977 [INFO] IPUIPlugin:80 - create IPUIPlugin
2025-11-21 11:45:13,977 [INFO] IPUIPlugin:80 - create IPUIPlugin
2025-11-21 11:45:13,977 [INFO] IPUIPlugin:80 - create IPUIPlugin
2025-11-21 11:45:13,978 [INFO] IPUIPlugin:80 - create IPUIPlugin
2025-11-21 11:45:13,978 [INFO] IPUIPlugin:80 - create IPUIPlugin
2025-11-21 11:45:13,978 [INFO] IPUIPlugin:80 - create IPUIPlugin
2025-11-21 11:45:13,978 [INFO] IPUIPlugin:80 - create IPUIPlugin
2025-11-21 11:45:13,978 [INFO] IPUIPlugin:80 - create IPUIPlugin
2025-11-21 11:45:13,979 [INFO] IPUIPlugin:80 - create IPUIPlugin
2025-11-21 11:45:13,979 [INFO] IPUIPlugin:80 - create IPUIPlugin
2025-11-21 11:45:13,980 [INFO] IPUIPlugin:80 - create IPUIPlugin
2025-11-21 11:45:13,980 [INFO] IPUIPlugin:80 - create IPUIPlugin
2025-11-21 11:45:13,981 [INFO] IPUIPlugin:80 - create IPUIPlugin
2025-11-21 11:45:13,981 [INFO] IPUIPlugin:80 - create IPUIPlugin
2025-11-21 11:45:13,981 [INFO] IPUIPlugin:80 - create IPUIPlugin
2025-11-21 11:45:13,982 [INFO] IPUIPlugin:80 - create IPUIPlugin
2025-11-21 11:45:13,982 [INFO] IPUIPlugin:80 - create IPUIPlugin
2025-11-21 11:45:13,982 [INFO] IPUIPlugin:80 - create IPUIPlugin
2025-11-21 11:45:13,983 [INFO] IPUIPlugin:80 - create IPUIPlugin
2025-11-21 11:45:13,983 [INFO] IPUIPlugin:80 - create IPUIPlugin
2025-11-21 11:45:13,983 [INFO] IPUIPlugin:80 - create IPUIPlugin
2025-11-21 11:45:13,983 [INFO] IPUIPlugin:80 - create IPUIPlugin
2025-11-21 11:45:13,984 [INFO] IPUIPlugin:80 - create IPUIPlugin
2025-11-21 11:45:13,984 [INFO] IPUIPlugin:80 - create IPUIPlugin
2025-11-21 11:45:13,984 [INFO] IPUIPlugin:80 - create IPUIPlugin
2025-11-21 11:45:13,984 [INFO] IPUIPlugin:80 - create IPUIPlugin
2025-11-21 11:45:13,985 [INFO] IPUIPlugin:80 - create IPUIPlugin
2025-11-21 11:45:13,985 [INFO] IPUIPlugin:80 - create IPUIPlugin
2025-11-21 11:45:13,985 [INFO] IPUIPlugin:80 - create IPUIPlugin
2025-11-21 11:45:13,985 [INFO] IPUIPlugin:80 - create IPUIPlugin
2025-11-21 11:45:13,986 [INFO] IPUIPlugin:80 - create IPUIPlugin
2025-11-21 11:45:13,986 [INFO] IPUIPlugin:80 - create IPUIPlugin
2025-11-21 11:45:13,987 [INFO] IPUIPlugin:80 - create IPUIPlugin
2025-11-21 11:45:13,987 [INFO] IPUIPlugin:80 - create IPUIPlugin
2025-11-21 11:45:13,987 [INFO] IPUIPlugin:80 - create IPUIPlugin
2025-11-21 11:45:13,988 [INFO] IPUIPlugin:80 - create IPUIPlugin
2025-11-21 11:45:13,988 [INFO] IPUIPlugin:80 - create IPUIPlugin
2025-11-21 11:45:13,988 [INFO] IPUIPlugin:80 - create IPUIPlugin
2025-11-21 11:45:13,989 [INFO] IPUIPlugin:80 - create IPUIPlugin
2025-11-21 11:45:13,989 [INFO] IPUIPlugin:80 - create IPUIPlugin
2025-11-21 11:45:13,989 [INFO] IPUIPlugin:80 - create IPUIPlugin
2025-11-21 11:45:13,990 [INFO] IPUIPlugin:80 - create IPUIPlugin
2025-11-21 11:45:13,990 [INFO] IPUIPlugin:80 - create IPUIPlugin
2025-11-21 11:45:13,991 [INFO] IPUIPlugin:80 - create IPUIPlugin
2025-11-21 11:45:13,991 [INFO] IPUIPlugin:80 - create IPUIPlugin
2025-11-21 11:45:13,992 [INFO] IPUIPlugin:80 - create IPUIPlugin
2025-11-21 11:45:13,992 [INFO] IPUIPlugin:80 - create IPUIPlugin
2025-11-21 11:45:14,006 [INFO] ApiDbMcu:532 - Load IP Config File for PDM2PCM
2025-11-21 11:45:14,020 [WARN] IP:2250 - I2C_Coeff_DF not found: check if there is a RefParameter without a condition.
2025-11-21 11:45:14,020 [WARN] IP:2250 - Analog_Filter not found: check if there is a RefParameter without a condition.
2025-11-21 11:45:14,031 [INFO] I2sManager:658 - 9.6E7
2025-11-21 11:45:14,031 [INFO] I2sManager:195 - I2S Clock Value : 9.6E7
2025-11-21 11:45:14,035 [INFO] I2sManager:553 - AudioClock : 93750Divider : 2Odd : 0
2025-11-21 11:45:14,384 [INFO] CADModel:165 - CPN selected for project levelSTM32F407VGT6
2025-11-21 11:45:14,384 [INFO] CADModel:114 - Register for checkConnection events
2025-11-21 11:45:14,491 [INFO] OpenFileManager:386 - Restore cursor
2025-11-21 11:45:15,093 [WARN] IP:2250 - I2C_Coeff_DF not found: check if there is a RefParameter without a condition.
2025-11-21 11:45:15,093 [WARN] IP:2250 - Analog_Filter not found: check if there is a RefParameter without a condition.
2025-11-21 11:45:15,120 [WARN] IP:2250 - I2C_Coeff_DF not found: check if there is a RefParameter without a condition.
2025-11-21 11:45:15,120 [WARN] IP:2250 - Analog_Filter not found: check if there is a RefParameter without a condition.
2025-11-21 11:45:17,479 [INFO] UtilMem:75 - End SaveConfig() Used Memory: 987984152 Bytes (1073741824)
2025-11-21 11:45:34,111 [INFO] McuFinderGlobals:76 - Set McuFinderConnectedMode to true
2025-11-21 11:45:34,119 [INFO] ApiDb:448 - Save user favorites file C:\Users\augus/.stm32cubeide/favorites.mcus.txt: 0 item(s)
2025-11-21 11:45:34,119 [INFO] ApiDb:452 - User favorites MCUs=[]
2025-11-21 11:45:34,122 [INFO] ApiDb:448 - Save user favorites file C:\Users\augus/.stm32cubeide/favorites.boards.txt: 1 item(s)
2025-11-21 11:45:34,123 [INFO] ApiDb:452 - User favorites Boards=[NUCLEO-L476RG]
2025-11-21 11:47:27,654 [INFO] I2sManager:658 - 9.6E7
2025-11-21 11:47:27,654 [INFO] I2sManager:195 - I2S Clock Value : 9.6E7
2025-11-21 11:47:27,655 [INFO] I2sManager:553 - AudioClock : 93750Divider : 2Odd : 0
2025-11-21 11:49:31,010 [INFO] MainUpdater:2872 - connection check result : 10
2025-11-21 11:49:31,164 [INFO] McuFinderGlobals:76 - Set McuFinderConnectedMode to true
2025-11-21 11:49:31,165 [INFO] MultiScanPanel:200 - Auto-refresh data requested => check proxy status ongoing
2025-11-21 11:49:31,165 [INFO] FinderPluginLoader:96 - Searching for filters in installed packs
2025-11-21 11:49:33,676 [INFO] LoadUrlFilesThread:185 - End of LoadServerUrlFiles without Thread
2025-11-21 11:49:33,676 [INFO] DetailPanel:341 - Set advertising image to C:/Users/augus/STM32Cube/Repository/\en.mcu-finder-preevent.jpg
2025-11-21 11:50:26,091 [INFO] MainUpdater:2872 - connection check result : 10
2025-11-21 11:50:26,093 [INFO] MainUpdater:2872 - connection check result : 10
2025-11-21 11:50:26,500 [INFO] I2sManager:658 - 9.6E7
2025-11-21 11:50:26,500 [INFO] I2sManager:195 - I2S Clock Value : 9.6E7
2025-11-21 11:50:26,501 [INFO] I2sManager:553 - AudioClock : 93750Divider : 2Odd : 0
2025-11-21 11:50:26,503 [INFO] MicroXplorer:468 - Change Database Path : 
2025-11-21 11:50:26,504 [INFO] MicroXplorer:498 - Change Database Version : DB.6.0.150
2025-11-21 11:50:26,519 [ERROR] ProjectManagerView:395 - 
java.lang.NullPointerException: Cannot invoke "javax.swing.JTextField.getText()" because the return value of "java.util.List.get(int)" is null
	at com.st.microxplorer.plugins.projectmanager.gui.ProjectChoiceTab$9.caretUpdate(ProjectChoiceTab.java:2706) ~[filemanager.jar:?]
	at javax.swing.text.JTextComponent.fireCaretUpdate(JTextComponent.java:408) ~[?:?]
	at javax.swing.text.JTextComponent$MutableCaretEvent.fire(JTextComponent.java:4484) ~[?:?]
	at javax.swing.text.JTextComponent$MutableCaretEvent.stateChanged(JTextComponent.java:4506) ~[?:?]
	at javax.swing.text.DefaultCaret.fireStateChanged(DefaultCaret.java:857) ~[?:?]
	at javax.swing.text.DefaultCaret.changeCaretPosition(DefaultCaret.java:1343) ~[?:?]
	at javax.swing.text.DefaultCaret.handleSetDot(DefaultCaret.java:1242) ~[?:?]
	at javax.swing.text.DefaultCaret.setDot(DefaultCaret.java:1223) ~[?:?]
	at javax.swing.text.DefaultCaret$Handler.insertUpdate(DefaultCaret.java:1819) ~[?:?]
	at javax.swing.text.AbstractDocument.fireInsertUpdate(AbstractDocument.java:227) ~[?:?]
	at javax.swing.text.AbstractDocument.handleInsertString(AbstractDocument.java:781) ~[?:?]
	at javax.swing.text.AbstractDocument.insertString(AbstractDocument.java:740) ~[?:?]
	at javax.swing.text.PlainDocument.insertString(PlainDocument.java:131) ~[?:?]
	at javax.swing.text.AbstractDocument.replace(AbstractDocument.java:699) ~[?:?]
	at javax.swing.text.JTextComponent.setText(JTextComponent.java:1725) ~[?:?]
	at com.st.microxplorer.plugins.projectmanager.gui.ProjectChoiceTab.createHeapStackFields(ProjectChoiceTab.java:993) ~[filemanager.jar:?]
	at com.st.microxplorer.plugins.projectmanager.gui.ProjectChoiceTab.buildLinkSettingsPanel(ProjectChoiceTab.java:3813) ~[filemanager.jar:?]
	at com.st.microxplorer.plugins.projectmanager.gui.ProjectChoiceTab.defineWindowsFields(ProjectChoiceTab.java:1987) ~[filemanager.jar:?]
	at com.st.microxplorer.plugins.projectmanager.gui.ProjectChoiceTab.updateSettings(ProjectChoiceTab.java:558) ~[filemanager.jar:?]
	at com.st.microxplorer.plugins.projectmanager.gui.ProjectSettingsPanel.UpdateDialog(ProjectSettingsPanel.java:247) ~[filemanager.jar:?]
	at com.st.microxplorer.plugins.projectmanager.ProjectManagerView.propertyChange(ProjectManagerView.java:392) ~[filemanager.jar:?]
	at java.beans.PropertyChangeSupport.fire(PropertyChangeSupport.java:343) ~[?:?]
	at java.beans.PropertyChangeSupport.firePropertyChange(PropertyChangeSupport.java:335) ~[?:?]
	at java.beans.PropertyChangeSupport.firePropertyChange(PropertyChangeSupport.java:268) ~[?:?]
	at com.st.microxplorer.util.MXPropertyChangeSupport.firePropertyChange(MXPropertyChangeSupport.java:54) ~[STM32CubeMX.jar:?]
	at com.st.microxplorer.mxsystem.MxSystem.closeConfig(MxSystem.java:899) ~[STM32CubeMX.jar:?]
	at com.st.microxplorer.maingui.MainPanel.closeConfig(MainPanel.java:792) ~[STM32CubeMX.jar:?]
	at com.st.microxplorer.plugins.filemanager.engine.OpenFileManager.loadConfigurationFile(OpenFileManager.java:288) ~[filemanager.jar:?]
	at com.st.microxplorer.plugins.filemanager.engine.MainFileManager.userLoadConfig(MainFileManager.java:364) ~[filemanager.jar:?]
	at com.st.microxplorer.plugins.filemanager.engine.MainFileManager.userLoadConfig(MainFileManager.java:342) ~[filemanager.jar:?]
	at com.st.microxplorer.plugins.filemanager.FileManagerView.getSpecificTask(FileManagerView.java:264) ~[filemanager.jar:?]
	at com.st.stm32cube.common.mx.editor.CubeMxEditor.getMxTabbedPaneInstance(CubeMxEditor.java:1198) ~[com.st.stm32cube.common.mx_6.15.0.202507011659/:?]
	at com.st.stm32cube.common.mx.editor.CubeMxEditor$12$1.createSwingComponent(CubeMxEditor.java:1068) ~[com.st.stm32cube.common.mx_6.15.0.202507011659/:?]
	at com.st.stm32cube.common.mx.oss.core.awtswtbridge.EmbeddedSwingComposite.doComponentCreation(EmbeddedSwingComposite.java:492) ~[com.st.stm32cube.common.mx.oss_6.15.0.202507011659/:?]
	at com.st.stm32cube.common.mx.oss.core.awtswtbridge.EmbeddedSwingComposite$4.run(EmbeddedSwingComposite.java:291) ~[com.st.stm32cube.common.mx.oss_6.15.0.202507011659/:?]
	at com.st.stm32cube.common.mx.oss.core.awtswtbridge.AwtEnvironment$2.run(AwtEnvironment.java:166) ~[com.st.stm32cube.common.mx.oss_6.15.0.202507011659/:?]
	at java.awt.event.InvocationEvent.dispatch(InvocationEvent.java:318) ~[?:?]
	at java.awt.EventQueue.dispatchEventImpl(EventQueue.java:773) ~[?:?]
	at java.awt.EventQueue$4.run(EventQueue.java:720) ~[?:?]
	at java.awt.EventQueue$4.run(EventQueue.java:714) ~[?:?]
	at java.security.AccessController.doPrivileged(AccessController.java:400) ~[?:?]
	at java.security.ProtectionDomain$JavaSecurityAccessImpl.doIntersectionPrivilege(ProtectionDomain.java:87) ~[?:?]
	at java.awt.EventQueue.dispatchEvent(EventQueue.java:742) ~[?:?]
	at java.awt.EventDispatchThread.pumpOneEventForFilters(EventDispatchThread.java:203) ~[?:?]
	at java.awt.EventDispatchThread.pumpEventsForFilter(EventDispatchThread.java:124) ~[?:?]
	at java.awt.EventDispatchThread.pumpEventsForHierarchy(EventDispatchThread.java:113) ~[?:?]
	at java.awt.EventDispatchThread.pumpEvents(EventDispatchThread.java:109) ~[?:?]
	at java.awt.EventDispatchThread.pumpEvents(EventDispatchThread.java:101) ~[?:?]
	at java.awt.EventDispatchThread.run(EventDispatchThread.java:90) ~[?:?]
2025-11-21 11:50:26,531 [WARN] ThirdParty:871 - waiting for thirdparty lock release [close project]
2025-11-21 11:50:26,531 [INFO] ThirdParty:873 - entering critical section [close project]
2025-11-21 11:50:26,531 [INFO] ThirdParty:883 - exiting critical section [close project]
2025-11-21 11:50:26,533 [INFO] PinOutPanel:1589 - setPackage(No Configuration,No Configuration)
2025-11-21 11:50:26,589 [WARN] IpParametersView:155 - Warning: This peripheral hasn't parameters
2025-11-21 11:50:26,606 [WARN] MainPanel:289 - <html><b><center>Warning: This peripheral has no parameters to be configured<br></b></html>
2025-11-21 11:50:26,687 [INFO] UtilMem:75 - Begin LoadConfig() Used Memory: 632463496 Bytes (1073741824)
2025-11-21 11:50:26,688 [INFO] MicroXplorer:468 - Change Database Path : 
2025-11-21 11:50:26,688 [INFO] MicroXplorer:498 - Change Database Version : DB.6.0.150
2025-11-21 11:50:26,688 [INFO] OpenFileManager:355 - Change cursor
2025-11-21 11:50:26,718 [INFO] RulesReader:64 - Compatibility file has been processed (317 Rules)
2025-11-21 11:50:26,882 [INFO] Mcu:2029 - Initializing MCU STM32F407VGTx STM32F407VGTx STM32F407VGT6
2025-11-21 11:50:28,658 [INFO] Context:786 - Trying to add GPIOservice into a context  which must be forbidden
2025-11-21 11:50:29,607 [INFO] ImportTextPane:234 - (OptionalMessage_ERROR) Unable to find key (Mcu.ThirdPartyNb) in loaded IOC file
2025-11-21 11:50:29,607 [INFO] ImportTextPane:234 - (OptionalMessage_ERROR) Unable to find key (Mcu.PinsNb) in loaded IOC file
2025-11-21 11:50:29,609 [INFO] ImportTextPane:234 - (OptionalMessage_ERROR) Pin0 (VP_RIF_VS_RIF1) cannot be retrieved for this MCU
2025-11-21 11:50:29,609 [INFO] ImportTextPane:234 - (OptionalMessage_ERROR) Unable to find key (Mcu.IPNb) in loaded IOC file
2025-11-21 11:50:29,767 [INFO] RtosManager:558 - Registered RTOS mode: class=CMSIS, group=RTOS, mode=CMSIS_V1, owner=FREERTOS
2025-11-21 11:50:29,767 [INFO] RtosManager:558 - Registered RTOS mode: class=CMSIS, group=RTOS2, mode=CMSIS_V2, owner=FREERTOS
2025-11-21 11:50:29,767 [INFO] RtosManager:558 - Registered RTOS mode: class=RTOS, group=Core, mode=CMSIS_V1, owner=FREERTOS
2025-11-21 11:50:29,767 [INFO] RtosManager:558 - Registered RTOS mode: class=RTOS, group=Core, mode=CMSIS_V2, owner=FREERTOS
2025-11-21 11:50:29,767 [WARN] ModelIntegratedComponent:184 - Missing modes for component STMicroelectronics:FreeRTOS:0.0.1:STMicroelectronics:RTOS:FreeRTOS:Core:::10.2.0:
2025-11-21 11:50:29,827 [WARN] ModelIntegratedComponent:63 - No mode defined for component null
2025-11-21 11:50:29,827 [WARN] ModelIntegratedComponent:63 - No mode defined for component null
2025-11-21 11:50:29,828 [WARN] ModelIntegratedComponent:63 - No mode defined for component null
2025-11-21 11:50:29,828 [WARN] ModelIntegratedComponent:63 - No mode defined for component null
2025-11-21 11:50:29,828 [WARN] ModelIntegratedComponent:63 - No mode defined for component null
2025-11-21 11:50:29,828 [WARN] ModelIntegratedComponent:63 - No mode defined for component null
2025-11-21 11:50:29,828 [WARN] ModelIntegratedComponent:63 - No mode defined for component null
2025-11-21 11:50:29,829 [WARN] ModelIntegratedComponent:63 - No mode defined for component null
2025-11-21 11:50:29,830 [WARN] ModelIntegratedComponent:63 - No mode defined for component null
2025-11-21 11:50:29,830 [WARN] ModelIntegratedComponent:63 - No mode defined for component null
2025-11-21 11:50:29,830 [WARN] ModelIntegratedComponent:63 - No mode defined for component null
2025-11-21 11:50:29,830 [WARN] ModelIntegratedComponent:63 - No mode defined for component null
2025-11-21 11:50:29,831 [WARN] ModelIntegratedComponent:63 - No mode defined for component null
2025-11-21 11:50:29,831 [WARN] ModelIntegratedComponent:63 - No mode defined for component null
2025-11-21 11:50:29,831 [WARN] ModelIntegratedComponent:63 - No mode defined for component null
2025-11-21 11:50:29,831 [WARN] ModelIntegratedComponent:63 - No mode defined for component null
2025-11-21 11:50:29,831 [WARN] ModelIntegratedComponent:63 - No mode defined for component null
2025-11-21 11:50:29,831 [WARN] ModelIntegratedComponent:63 - No mode defined for component null
2025-11-21 11:50:29,831 [WARN] ModelIntegratedComponent:63 - No mode defined for component null
2025-11-21 11:50:29,831 [WARN] ModelIntegratedComponent:63 - No mode defined for component null
2025-11-21 11:50:29,831 [WARN] ModelIntegratedComponent:63 - No mode defined for component null
2025-11-21 11:50:29,832 [WARN] ModelIntegratedComponent:63 - No mode defined for component null
2025-11-21 11:50:29,832 [WARN] ModelIntegratedComponent:63 - No mode defined for component null
2025-11-21 11:50:29,832 [WARN] ModelIntegratedComponent:63 - No mode defined for component null
2025-11-21 11:50:29,832 [WARN] ModelIntegratedComponent:63 - No mode defined for component null
2025-11-21 11:50:29,832 [WARN] ModelIntegratedComponent:63 - No mode defined for component null
2025-11-21 11:50:29,832 [WARN] ModelIntegratedComponent:63 - No mode defined for component null
2025-11-21 11:50:29,832 [WARN] ModelIntegratedComponent:63 - No mode defined for component null
2025-11-21 11:50:29,832 [WARN] ModelIntegratedComponent:63 - No mode defined for component null
2025-11-21 11:50:29,833 [WARN] ModelIntegratedComponent:63 - No mode defined for component null
2025-11-21 11:50:29,833 [WARN] ModelIntegratedComponent:63 - No mode defined for component null
2025-11-21 11:50:29,833 [WARN] ModelIntegratedComponent:63 - No mode defined for component null
2025-11-21 11:50:29,833 [WARN] ModelIntegratedComponent:63 - No mode defined for component null
2025-11-21 11:50:29,833 [WARN] ModelIntegratedComponent:63 - No mode defined for component null
2025-11-21 11:50:29,833 [WARN] ModelIntegratedComponent:63 - No mode defined for component null
2025-11-21 11:50:29,833 [WARN] ModelPack:524 - Component already loaded: STMicroelectronics:HAL Drivers:0.0.0:STMicroelectronics:Device:STMicro_Driver:XSPI:HAL::0.0.1:HAL_XSPI
2025-11-21 11:50:30,354 [INFO] ThirdPartyModel:298 - Start build external matchings
2025-11-21 11:50:30,969 [INFO] ThirdPartyModel:316 - End build external matchings
2025-11-21 11:50:31,312 [INFO] UtilMem:75 - End LoadConfig() Used Memory: 938889400 Bytes (1073741824)
2025-11-21 11:50:31,337 [WARN] ThirdParty:833 - waiting for thirdparty lock release [change project]
2025-11-21 11:50:31,337 [INFO] ThirdParty:835 - entering critical section [change project]
2025-11-21 11:50:31,337 [INFO] ThirdParty:1030 - CMSIS Pack Vendor :STMicroelectronics X-CUBE-PM33A1 1.0.0
2025-11-21 11:50:31,337 [INFO] ThirdParty:1030 - CMSIS Pack Vendor :STMicroelectronics USBPD 4.1
2025-11-21 11:50:31,337 [INFO] ThirdParty:1030 - CMSIS Pack Vendor :STMicroelectronics X-CUBE-NFC9 1.0.0
2025-11-21 11:50:31,337 [INFO] ThirdParty:1030 - CMSIS Pack Vendor :STMicroelectronics USB_HOST 2.0.0
2025-11-21 11:50:31,338 [INFO] ThirdParty:1030 - CMSIS Pack Vendor :STMicroelectronics FP-SNS-MOTENVWB1 1.4.0
2025-11-21 11:50:31,338 [INFO] ThirdParty:1030 - CMSIS Pack Vendor :STMicroelectronics X-CUBE-AZRTOS-F4 1.1.0
2025-11-21 11:50:31,338 [INFO] ThirdParty:1030 - CMSIS Pack Vendor :STMicroelectronics LIBJPEG 8.0.0
2025-11-21 11:50:31,338 [INFO] ThirdParty:1030 - CMSIS Pack Vendor :STMicroelectronics FP-ATR-ASTRA1 2.0.2
2025-11-21 11:50:31,338 [INFO] ThirdParty:1030 - CMSIS Pack Vendor :wolfSSL I-CUBE-wolfSSL 5.8.2
2025-11-21 11:50:31,338 [INFO] ThirdParty:1030 - CMSIS Pack Vendor :STMicroelectronics X-CUBE-BLE1 7.1.0
2025-11-21 11:50:31,338 [INFO] ThirdParty:1030 - CMSIS Pack Vendor :STMicroelectronics X-CUBE-SMBUS 2.1.0
2025-11-21 11:50:31,338 [INFO] ThirdParty:1030 - CMSIS Pack Vendor :wolfSSL I-CUBE-wolfMQTT 1.19.2
2025-11-21 11:50:31,338 [INFO] ThirdParty:1030 - CMSIS Pack Vendor :STMicroelectronics USB_DEVICE 3.0.0
2025-11-21 11:50:31,338 [INFO] ThirdParty:1030 - CMSIS Pack Vendor :STMicroelectronics X-CUBE-ISPU 2.1.0
2025-11-21 11:50:31,338 [INFO] ThirdParty:1030 - CMSIS Pack Vendor :STMicroelectronics X-CUBE-EEPRMA1 5.2.0
2025-11-21 11:50:31,338 [INFO] ThirdParty:1030 - CMSIS Pack Vendor :STMicroelectronics X-CUBE-IPS 3.2.0
2025-11-21 11:50:31,338 [INFO] ThirdParty:1030 - CMSIS Pack Vendor :STMicroelectronics X-CUBE-BLEMGR 4.1.0
2025-11-21 11:50:31,338 [INFO] ThirdParty:1030 - CMSIS Pack Vendor :STMicroelectronics X-CUBE-AZRTOS-WB 2.0.0
2025-11-21 11:50:31,339 [INFO] ThirdParty:1030 - CMSIS Pack Vendor :STMicroelectronics X-CUBE-NFC12 1.0.0
2025-11-21 11:50:31,339 [INFO] ThirdParty:1030 - CMSIS Pack Vendor :STMicroelectronics X-CUBE-AZRTOS-F7 1.1.0
2025-11-21 11:50:31,339 [INFO] ThirdParty:1030 - CMSIS Pack Vendor :STMicroelectronics X-CUBE-AZRTOS-L5 2.0.0
2025-11-21 11:50:31,339 [INFO] ThirdParty:1030 - CMSIS Pack Vendor :STMicroelectronics USB_DEVICE 2.0.0
2025-11-21 11:50:31,339 [INFO] ThirdParty:1030 - CMSIS Pack Vendor :STMicroelectronics X-CUBE-NFC6 3.1.0
2025-11-21 11:50:31,339 [INFO] ThirdParty:1030 - CMSIS Pack Vendor :STMicroelectronics X-CUBE-ST67W61 1.1.0
2025-11-21 11:50:31,339 [INFO] ThirdParty:1030 - CMSIS Pack Vendor :Cesanta I-CUBE-Mongoose 7.19.0
2025-11-21 11:50:31,339 [INFO] ThirdParty:1030 - CMSIS Pack Vendor :quantropi X-CUBE-qispace-sdk-base 2.1.0
2025-11-21 11:50:31,339 [INFO] ThirdParty:1030 - CMSIS Pack Vendor :STMicroelectronics FP-SNS-MOTENV1 5.1.0
2025-11-21 11:50:31,339 [INFO] ThirdParty:1030 - CMSIS Pack Vendor :STMicroelectronics FreeRTOS 0.0.1
2025-11-21 11:50:31,340 [INFO] ThirdParty:1030 - CMSIS Pack Vendor :STMicroelectronics X-CUBE-AZRTOS-G0 1.1.0
2025-11-21 11:50:31,340 [INFO] ThirdParty:1030 - CMSIS Pack Vendor :STMicroelectronics X-CUBE-NFC4 3.0.0
2025-11-21 11:50:31,340 [INFO] ThirdParty:1030 - CMSIS Pack Vendor :STMicroelectronics X-CUBE-SUBG2 5.0.0
2025-11-21 11:50:31,340 [INFO] ThirdParty:1030 - CMSIS Pack Vendor :STMicroelectronics X-CUBE-AZRTOS-H7RS 1.1.0
2025-11-21 11:50:31,340 [INFO] ThirdParty:1030 - CMSIS Pack Vendor :STMicroelectronics STM32_WPAN 1.0.0
2025-11-21 11:50:31,340 [INFO] ThirdParty:1030 - CMSIS Pack Vendor :EmbeddedOffice I-CUBE-FS-RTOS 1.0.1
2025-11-21 11:50:31,340 [INFO] ThirdParty:1030 - CMSIS Pack Vendor :STMicroelectronics lwIP 2.0.3
2025-11-21 11:50:31,340 [INFO] ThirdParty:1030 - CMSIS Pack Vendor :WES I-CUBE-Cesium 1.4.0
2025-11-21 11:50:31,340 [INFO] ThirdParty:1030 - CMSIS Pack Vendor :STMicroelectronics USB_HOST 1.0.0
2025-11-21 11:50:31,340 [INFO] ThirdParty:1030 - CMSIS Pack Vendor :Infineon AIROC-Wi-Fi-Bluetooth-STM32 1.7.1
2025-11-21 11:50:31,340 [INFO] ThirdParty:1030 - CMSIS Pack Vendor :STMicroelectronics X-CUBE-AZRTOS-G4 2.0.0
2025-11-21 11:50:31,340 [INFO] ThirdParty:1030 - CMSIS Pack Vendor :STMicroelectronics X-CUBE-WB05N 2.0.0
2025-11-21 11:50:31,340 [INFO] ThirdParty:1030 - CMSIS Pack Vendor :STMicroelectronics PDM2PCM 3.1.0
2025-11-21 11:50:31,340 [INFO] ThirdParty:1030 - CMSIS Pack Vendor :STMicroelectronics PDM2PCM 3.3.0
2025-11-21 11:50:31,340 [INFO] ThirdParty:1030 - CMSIS Pack Vendor :wolfSSL I-CUBE-wolfTPM 3.8.0
2025-11-21 11:50:31,340 [INFO] ThirdParty:1030 - CMSIS Pack Vendor :STMicroelectronics X-CUBE-AZRTOS-H7 3.4.0
2025-11-21 11:50:31,340 [INFO] ThirdParty:1030 - CMSIS Pack Vendor :STMicroelectronics X-CUBE-DISPLAY 3.0.0
2025-11-21 11:50:31,340 [INFO] ThirdParty:1030 - CMSIS Pack Vendor :wolfSSL I-CUBE-wolfSSH 1.4.20
2025-11-21 11:50:31,340 [INFO] ThirdParty:1030 - CMSIS Pack Vendor :STMicroelectronics X-CUBE-NFC7 2.0.0
2025-11-21 11:50:31,340 [INFO] ThirdParty:1030 - CMSIS Pack Vendor :STMicroelectronics X-CUBE-TCPP 4.2.0
2025-11-21 11:50:31,342 [INFO] ThirdParty:1030 - CMSIS Pack Vendor :RealThread X-CUBE-RT-Thread_Nano 4.1.1
2025-11-21 11:50:31,342 [INFO] ThirdParty:1030 - CMSIS Pack Vendor :STMicroelectronics FP-ATR-SIGFOX1 3.2.0
2025-11-21 11:50:31,342 [INFO] ThirdParty:1030 - CMSIS Pack Vendor :STMicroelectronics X-CUBE-NFC10 1.0.0
2025-11-21 11:50:31,342 [INFO] ThirdParty:1030 - CMSIS Pack Vendor :STMicroelectronics X-CUBE-FREERTOS 1.3.1
2025-11-21 11:50:31,342 [INFO] ThirdParty:1030 - CMSIS Pack Vendor :STMicroelectronics HAL Drivers 0.0.0
2025-11-21 11:50:31,342 [INFO] ThirdParty:1030 - CMSIS Pack Vendor :STMicroelectronics MBEDTLS 2.16.2
2025-11-21 11:50:31,342 [INFO] ThirdParty:1030 - CMSIS Pack Vendor :STMicroelectronics X-CUBE-ST60 1.1.0
2025-11-21 11:50:31,342 [INFO] ThirdParty:1030 - CMSIS Pack Vendor :STMicroelectronics X-CUBE-ALS 1.0.2
2025-11-21 11:50:31,342 [INFO] ThirdParty:1030 - CMSIS Pack Vendor :emotas I-CUBE-CANOPEN 1.3.0
2025-11-21 11:50:31,342 [INFO] ThirdParty:1030 - CMSIS Pack Vendor :STMicroelectronics MBEDTLS 2.14.1
2025-11-21 11:50:31,342 [INFO] ThirdParty:1030 - CMSIS Pack Vendor :STMicroelectronics X-CUBE-GNSS1 7.1.0
2025-11-21 11:50:31,342 [INFO] ThirdParty:1030 - CMSIS Pack Vendor :ITTIA_DB I-CUBE-ITTIADB 8.9.0
2025-11-21 11:50:31,342 [INFO] ThirdParty:1030 - CMSIS Pack Vendor :STMicroelectronics X-CUBE-TOUCHGFX 4.26.0
2025-11-21 11:50:31,342 [INFO] ThirdParty:1030 - CMSIS Pack Vendor :STMicroelectronics X-CUBE-STSE01 1.0.0
2025-11-21 11:50:31,342 [INFO] ThirdParty:1030 - CMSIS Pack Vendor :STMicroelectronics FP-SNS-STBOX1 2.1.0
2025-11-21 11:50:31,342 [INFO] ThirdParty:1030 - CMSIS Pack Vendor :STMicroelectronics X-CUBE-AI 10.2.0
2025-11-21 11:50:31,342 [INFO] ThirdParty:1030 - CMSIS Pack Vendor :STMicroelectronics FP-SNS-STAIOTCFT 1.0.0
2025-11-21 11:50:31,343 [INFO] ThirdParty:1030 - CMSIS Pack Vendor :STMicroelectronics ThreadX 1.0.0
2025-11-21 11:50:31,343 [INFO] ThirdParty:1030 - CMSIS Pack Vendor :STMicroelectronics FP-SNS-SMARTAG2 1.2.0
2025-11-21 11:50:31,343 [INFO] ThirdParty:1030 - CMSIS Pack Vendor :STMicroelectronics FP-SNS-FLIGHT1 5.1.0
2025-11-21 11:50:31,343 [INFO] ThirdParty:1030 - CMSIS Pack Vendor :STMicroelectronics X-CUBE-AZRTOS-WL 2.0.0
2025-11-21 11:50:31,343 [INFO] ThirdParty:1030 - CMSIS Pack Vendor :SEGGER I-CUBE-embOS 1.3.1
2025-11-21 11:50:31,343 [INFO] ThirdParty:1030 - CMSIS Pack Vendor :STMicroelectronics X-CUBE-ALGOBUILD 1.4.0
2025-11-21 11:50:31,343 [INFO] ThirdParty:1030 - CMSIS Pack Vendor :STMicroelectronics X-CUBE-DPower 1.3.0
2025-11-21 11:50:31,343 [INFO] ThirdParty:1030 - CMSIS Pack Vendor :STMicroelectronics X-CUBE-MEMS1 11.3.0
2025-11-21 11:50:31,343 [INFO] ThirdParty:1030 - CMSIS Pack Vendor :STMicroelectronics USB_DEVICE 1.0.0
2025-11-21 11:50:31,343 [INFO] ThirdParty:1030 - CMSIS Pack Vendor :STMicroelectronics X-CUBE-AZRTOS-L4 2.0.0
2025-11-21 11:50:31,343 [INFO] ThirdParty:1030 - CMSIS Pack Vendor :STMicroelectronics ThreadX 0.0.2
2025-11-21 11:50:31,343 [INFO] ThirdParty:1030 - CMSIS Pack Vendor :STMicroelectronics lwIP 2.1.2
2025-11-21 11:50:31,343 [INFO] ThirdParty:1030 - CMSIS Pack Vendor :STMicroelectronics X-CUBE-SFXS2LP1 4.0.0
2025-11-21 11:50:31,343 [INFO] ThirdParty:1030 - CMSIS Pack Vendor :STMicroelectronics X-CUBE-BLE2 3.3.0
2025-11-21 11:50:31,343 [INFO] ThirdParty:1030 - CMSIS Pack Vendor :Avnet-IOTCONNECT X-CUBE-iotc-st67-sdk 1.0.0
2025-11-21 11:50:31,344 [INFO] ThirdParty:1030 - CMSIS Pack Vendor :STMicroelectronics X-CUBE-TOF1 3.4.3
2025-11-21 11:50:31,344 [INFO] ThirdParty:1030 - CMSIS Pack Vendor :STMicroelectronics PDM2PCM 3.2.0
2025-11-21 11:50:31,346 [INFO] ThirdParty:841 - exiting critical section [change project]
2025-11-21 11:50:31,676 [INFO] PinOutPanel:1589 - setPackage(No Configuration,No Configuration)
2025-11-21 11:50:31,677 [INFO] PinOutPanel:1589 - setPackage(STM32F407VGTx,LQFP100)
2025-11-21 11:50:32,042 [INFO] UtilMem:75 - Before build in PCC Used Memory: 806201728 Bytes (1073741824)
2025-11-21 11:50:32,422 [INFO] UtilMem:75 - After build in PCC Used Memory: 851812736 Bytes (1073741824)
2025-11-21 11:50:32,461 [INFO] IPUIPlugin:80 - create IPUIPlugin
2025-11-21 11:50:32,461 [INFO] IPUIPlugin:80 - create IPUIPlugin
2025-11-21 11:50:32,461 [INFO] IPUIPlugin:80 - create IPUIPlugin
2025-11-21 11:50:32,462 [INFO] IPUIPlugin:80 - create IPUIPlugin
2025-11-21 11:50:32,462 [INFO] IPUIPlugin:80 - create IPUIPlugin
2025-11-21 11:50:32,462 [INFO] IPUIPlugin:80 - create IPUIPlugin
2025-11-21 11:50:32,463 [INFO] IPUIPlugin:80 - create IPUIPlugin
2025-11-21 11:50:32,465 [INFO] IPUIPlugin:80 - create IPUIPlugin
2025-11-21 11:50:32,466 [INFO] IPUIPlugin:80 - create IPUIPlugin
2025-11-21 11:50:32,466 [INFO] IPUIPlugin:80 - create IPUIPlugin
2025-11-21 11:50:32,466 [INFO] IPUIPlugin:80 - create IPUIPlugin
2025-11-21 11:50:32,466 [INFO] IPUIPlugin:80 - create IPUIPlugin
2025-11-21 11:50:32,466 [INFO] IPUIPlugin:80 - create IPUIPlugin
2025-11-21 11:50:32,467 [INFO] IPUIPlugin:80 - create IPUIPlugin
2025-11-21 11:50:32,467 [INFO] IPUIPlugin:80 - create IPUIPlugin
2025-11-21 11:50:32,467 [INFO] IPUIPlugin:80 - create IPUIPlugin
2025-11-21 11:50:32,467 [INFO] IPUIPlugin:80 - create IPUIPlugin
2025-11-21 11:50:32,467 [INFO] IPUIPlugin:80 - create IPUIPlugin
2025-11-21 11:50:32,467 [INFO] IPUIPlugin:80 - create IPUIPlugin
2025-11-21 11:50:32,468 [INFO] IPUIPlugin:80 - create IPUIPlugin
2025-11-21 11:50:32,468 [INFO] IPUIPlugin:80 - create IPUIPlugin
2025-11-21 11:50:32,469 [INFO] IPUIPlugin:80 - create IPUIPlugin
2025-11-21 11:50:32,469 [INFO] IPUIPlugin:80 - create IPUIPlugin
2025-11-21 11:50:32,469 [INFO] IPUIPlugin:80 - create IPUIPlugin
2025-11-21 11:50:32,469 [INFO] IPUIPlugin:80 - create IPUIPlugin
2025-11-21 11:50:32,470 [INFO] IPUIPlugin:80 - create IPUIPlugin
2025-11-21 11:50:32,470 [INFO] IPUIPlugin:80 - create IPUIPlugin
2025-11-21 11:50:32,470 [INFO] IPUIPlugin:80 - create IPUIPlugin
2025-11-21 11:50:32,470 [INFO] IPUIPlugin:80 - create IPUIPlugin
2025-11-21 11:50:32,471 [INFO] IPUIPlugin:80 - create IPUIPlugin
2025-11-21 11:50:32,471 [INFO] IPUIPlugin:80 - create IPUIPlugin
2025-11-21 11:50:32,471 [INFO] IPUIPlugin:80 - create IPUIPlugin
2025-11-21 11:50:32,472 [INFO] IPUIPlugin:80 - create IPUIPlugin
2025-11-21 11:50:32,472 [INFO] IPUIPlugin:80 - create IPUIPlugin
2025-11-21 11:50:32,472 [INFO] IPUIPlugin:80 - create IPUIPlugin
2025-11-21 11:50:32,472 [INFO] IPUIPlugin:80 - create IPUIPlugin
2025-11-21 11:50:32,474 [INFO] IPUIPlugin:80 - create IPUIPlugin
2025-11-21 11:50:32,474 [INFO] IPUIPlugin:80 - create IPUIPlugin
2025-11-21 11:50:32,474 [INFO] IPUIPlugin:80 - create IPUIPlugin
2025-11-21 11:50:32,474 [INFO] IPUIPlugin:80 - create IPUIPlugin
2025-11-21 11:50:32,475 [INFO] IPUIPlugin:80 - create IPUIPlugin
2025-11-21 11:50:32,475 [INFO] IPUIPlugin:80 - create IPUIPlugin
2025-11-21 11:50:32,475 [INFO] IPUIPlugin:80 - create IPUIPlugin
2025-11-21 11:50:32,475 [INFO] IPUIPlugin:80 - create IPUIPlugin
2025-11-21 11:50:32,476 [INFO] IPUIPlugin:80 - create IPUIPlugin
2025-11-21 11:50:32,476 [INFO] IPUIPlugin:80 - create IPUIPlugin
2025-11-21 11:50:32,476 [INFO] IPUIPlugin:80 - create IPUIPlugin
2025-11-21 11:50:32,476 [INFO] IPUIPlugin:80 - create IPUIPlugin
2025-11-21 11:50:32,477 [INFO] IPUIPlugin:80 - create IPUIPlugin
2025-11-21 11:50:32,477 [INFO] IPUIPlugin:80 - create IPUIPlugin
2025-11-21 11:50:32,477 [INFO] IPUIPlugin:80 - create IPUIPlugin
2025-11-21 11:50:32,479 [INFO] IPUIPlugin:80 - create IPUIPlugin
2025-11-21 11:50:32,482 [INFO] IPUIPlugin:80 - create IPUIPlugin
2025-11-21 11:50:32,483 [INFO] IPUIPlugin:80 - create IPUIPlugin
2025-11-21 11:50:32,483 [INFO] IPUIPlugin:80 - create IPUIPlugin
2025-11-21 11:50:32,484 [INFO] IPUIPlugin:80 - create IPUIPlugin
2025-11-21 11:50:32,484 [INFO] IPUIPlugin:80 - create IPUIPlugin
2025-11-21 11:50:32,484 [INFO] IPUIPlugin:80 - create IPUIPlugin
2025-11-21 11:50:32,489 [INFO] ApiDbMcu:532 - Load IP Config File for PDM2PCM
2025-11-21 11:50:32,531 [INFO] CADModel:165 - CPN selected for project levelSTM32F407VGT6
2025-11-21 11:50:32,531 [INFO] CADModel:114 - Register for checkConnection events
2025-11-21 11:50:32,595 [INFO] OpenFileManager:386 - Restore cursor
2025-11-21 11:50:33,372 [INFO] UtilMem:75 - End SaveConfig() Used Memory: 980265344 Bytes (1073741824)
2025-11-21 11:50:43,182 [INFO] McuFinderGlobals:76 - Set McuFinderConnectedMode to true
2025-11-21 11:50:43,189 [INFO] ApiDb:448 - Save user favorites file C:\Users\augus/.stm32cubeide/favorites.mcus.txt: 0 item(s)
2025-11-21 11:50:43,190 [INFO] ApiDb:452 - User favorites MCUs=[]
2025-11-21 11:51:06,482 [INFO] McuFinderGlobals:63 - Set McuFinder mode to 2 (CubeIDE integrated)
2025-11-21 11:51:06,482 [INFO] UserAuth:171 - activating auth plugin
2025-11-21 11:51:06,485 [INFO] UserAuth:487 - Internet connection configuration mode: 1
2025-11-21 11:55:45,132 [INFO] McuFinderGlobals:63 - Set McuFinder mode to 2 (CubeIDE integrated)
2025-11-21 11:55:45,132 [INFO] UserAuth:171 - activating auth plugin
2025-11-21 11:55:45,136 [INFO] UserAuth:487 - Internet connection configuration mode: 1
2025-11-21 11:56:30,394 [INFO] WebApp:650 - userauth.ini created with success
2025-11-21 11:56:43,189 [INFO] McuFinderGlobals:63 - Set McuFinder mode to 2 (CubeIDE integrated)
2025-11-21 11:56:43,191 [INFO] UserAuth:487 - Internet connection configuration mode: 1
2025-11-21 11:56:44,895 [INFO] UserAuth:171 - activating auth plugin
2025-11-21 11:56:44,900 [INFO] UserAuth:487 - Internet connection configuration mode: 1
2025-11-21 11:56:50,219 [INFO] McuFinderGlobals:63 - Set McuFinder mode to 2 (CubeIDE integrated)
2025-11-21 11:56:50,219 [INFO] UserAuth:171 - activating auth plugin
2025-11-21 11:56:50,222 [INFO] UserAuth:487 - Internet connection configuration mode: 1
2025-11-21 11:57:18,995 [INFO] WebApp:650 - userauth.ini created with success
2025-11-21 12:04:42,055 [INFO] McuFinderGlobals:63 - Set McuFinder mode to 2 (CubeIDE integrated)
2025-11-21 12:04:42,092 [INFO] UserAuth:487 - Internet connection configuration mode: 1
2025-11-21 12:04:53,904 [INFO] MainUpdater:2872 - connection check result : 10
2025-11-21 12:04:54,677 [INFO] McuFinderGlobals:76 - Set McuFinderConnectedMode to true
2025-11-21 12:04:54,786 [INFO] MultiScanPanel:200 - Auto-refresh data requested => check proxy status ongoing
2025-11-21 12:04:54,844 [INFO] FinderPluginLoader:96 - Searching for filters in installed packs
2025-11-21 12:04:58,191 [INFO] LoadUrlFilesThread:185 - End of LoadServerUrlFiles without Thread
2025-11-21 12:04:58,193 [INFO] DetailPanel:341 - Set advertising image to C:/Users/augus/STM32Cube/Repository/\en.mcu-finder-preevent.jpg
2025-11-21 12:05:05,964 [INFO] MultiScanPanel:200 - Auto-refresh data requested => check proxy status ongoing
2025-11-21 12:05:06,246 [INFO] LoadUrlFilesThread:185 - End of LoadServerUrlFiles without Thread
2025-11-21 12:05:06,246 [INFO] DetailPanel:341 - Set advertising image to C:/Users/augus/STM32Cube/Repository/\en.mcu-finder-preevent.jpg
2025-11-21 12:05:29,257 [INFO] MainUpdater:2872 - connection check result : 10
2025-11-21 12:05:29,257 [INFO] MainUpdater:2872 - connection check result : 10
2025-11-21 12:05:29,836 [INFO] MicroXplorer:468 - Change Database Path : 
2025-11-21 12:05:29,836 [INFO] MicroXplorer:498 - Change Database Version : DB.6.0.150
2025-11-21 12:05:30,047 [ERROR] ProjectManagerView:395 - 
java.lang.NullPointerException: Cannot invoke "javax.swing.JTextField.getText()" because the return value of "java.util.List.get(int)" is null
	at com.st.microxplorer.plugins.projectmanager.gui.ProjectChoiceTab$9.caretUpdate(ProjectChoiceTab.java:2706) ~[filemanager.jar:?]
	at javax.swing.text.JTextComponent.fireCaretUpdate(JTextComponent.java:408) ~[?:?]
	at javax.swing.text.JTextComponent$MutableCaretEvent.fire(JTextComponent.java:4484) ~[?:?]
	at javax.swing.text.JTextComponent$MutableCaretEvent.stateChanged(JTextComponent.java:4506) ~[?:?]
	at javax.swing.text.DefaultCaret.fireStateChanged(DefaultCaret.java:857) ~[?:?]
	at javax.swing.text.DefaultCaret.changeCaretPosition(DefaultCaret.java:1343) ~[?:?]
	at javax.swing.text.DefaultCaret.handleSetDot(DefaultCaret.java:1242) ~[?:?]
	at javax.swing.text.DefaultCaret.setDot(DefaultCaret.java:1223) ~[?:?]
	at javax.swing.text.DefaultCaret$Handler.insertUpdate(DefaultCaret.java:1819) ~[?:?]
	at javax.swing.text.AbstractDocument.fireInsertUpdate(AbstractDocument.java:227) ~[?:?]
	at javax.swing.text.AbstractDocument.handleInsertString(AbstractDocument.java:781) ~[?:?]
	at javax.swing.text.AbstractDocument.insertString(AbstractDocument.java:740) ~[?:?]
	at javax.swing.text.PlainDocument.insertString(PlainDocument.java:131) ~[?:?]
	at javax.swing.text.AbstractDocument.replace(AbstractDocument.java:699) ~[?:?]
	at javax.swing.text.JTextComponent.setText(JTextComponent.java:1725) ~[?:?]
	at com.st.microxplorer.plugins.projectmanager.gui.ProjectChoiceTab.createHeapStackFields(ProjectChoiceTab.java:993) ~[filemanager.jar:?]
	at com.st.microxplorer.plugins.projectmanager.gui.ProjectChoiceTab.buildLinkSettingsPanel(ProjectChoiceTab.java:3813) ~[filemanager.jar:?]
	at com.st.microxplorer.plugins.projectmanager.gui.ProjectChoiceTab.defineWindowsFields(ProjectChoiceTab.java:1987) ~[filemanager.jar:?]
	at com.st.microxplorer.plugins.projectmanager.gui.ProjectChoiceTab.updateSettings(ProjectChoiceTab.java:558) ~[filemanager.jar:?]
	at com.st.microxplorer.plugins.projectmanager.gui.ProjectSettingsPanel.UpdateDialog(ProjectSettingsPanel.java:247) ~[filemanager.jar:?]
	at com.st.microxplorer.plugins.projectmanager.ProjectManagerView.propertyChange(ProjectManagerView.java:392) ~[filemanager.jar:?]
	at java.beans.PropertyChangeSupport.fire(PropertyChangeSupport.java:343) ~[?:?]
	at java.beans.PropertyChangeSupport.firePropertyChange(PropertyChangeSupport.java:335) ~[?:?]
	at java.beans.PropertyChangeSupport.firePropertyChange(PropertyChangeSupport.java:268) ~[?:?]
	at com.st.microxplorer.util.MXPropertyChangeSupport.firePropertyChange(MXPropertyChangeSupport.java:54) ~[STM32CubeMX.jar:?]
	at com.st.microxplorer.mxsystem.MxSystem.closeConfig(MxSystem.java:899) ~[STM32CubeMX.jar:?]
	at com.st.microxplorer.maingui.MainPanel.closeConfig(MainPanel.java:792) ~[STM32CubeMX.jar:?]
	at com.st.microxplorer.plugins.filemanager.engine.OpenFileManager.loadConfigurationFile(OpenFileManager.java:288) ~[filemanager.jar:?]
	at com.st.microxplorer.plugins.filemanager.engine.MainFileManager.userLoadConfig(MainFileManager.java:364) ~[filemanager.jar:?]
	at com.st.microxplorer.plugins.filemanager.FileManagerView.getSpecificTask(FileManagerView.java:268) ~[filemanager.jar:?]
	at com.st.stm32cube.common.mx.editor.CubeMxEditor.getMxTabbedPaneInstance(CubeMxEditor.java:1191) ~[com.st.stm32cube.common.mx_6.15.0.202507011659/:?]
	at com.st.stm32cube.common.mx.editor.CubeMxEditor$12$1.createSwingComponent(CubeMxEditor.java:1068) ~[com.st.stm32cube.common.mx_6.15.0.202507011659/:?]
	at com.st.stm32cube.common.mx.oss.core.awtswtbridge.EmbeddedSwingComposite.doComponentCreation(EmbeddedSwingComposite.java:492) ~[com.st.stm32cube.common.mx.oss_6.15.0.202507011659/:?]
	at com.st.stm32cube.common.mx.oss.core.awtswtbridge.EmbeddedSwingComposite$4.run(EmbeddedSwingComposite.java:291) ~[com.st.stm32cube.common.mx.oss_6.15.0.202507011659/:?]
	at com.st.stm32cube.common.mx.oss.core.awtswtbridge.AwtEnvironment$2.run(AwtEnvironment.java:166) ~[com.st.stm32cube.common.mx.oss_6.15.0.202507011659/:?]
	at java.awt.event.InvocationEvent.dispatch(InvocationEvent.java:318) ~[?:?]
	at java.awt.EventQueue.dispatchEventImpl(EventQueue.java:773) ~[?:?]
	at java.awt.EventQueue$4.run(EventQueue.java:720) ~[?:?]
	at java.awt.EventQueue$4.run(EventQueue.java:714) ~[?:?]
	at java.security.AccessController.doPrivileged(AccessController.java:400) ~[?:?]
	at java.security.ProtectionDomain$JavaSecurityAccessImpl.doIntersectionPrivilege(ProtectionDomain.java:87) ~[?:?]
	at java.awt.EventQueue.dispatchEvent(EventQueue.java:742) ~[?:?]
	at java.awt.EventDispatchThread.pumpOneEventForFilters(EventDispatchThread.java:203) ~[?:?]
	at java.awt.EventDispatchThread.pumpEventsForFilter(EventDispatchThread.java:124) ~[?:?]
	at java.awt.EventDispatchThread.pumpEventsForHierarchy(EventDispatchThread.java:113) ~[?:?]
	at java.awt.EventDispatchThread.pumpEvents(EventDispatchThread.java:109) ~[?:?]
	at java.awt.EventDispatchThread.pumpEvents(EventDispatchThread.java:101) ~[?:?]
	at java.awt.EventDispatchThread.run(EventDispatchThread.java:90) ~[?:?]
2025-11-21 12:05:30,050 [WARN] ThirdParty:871 - waiting for thirdparty lock release [close project]
2025-11-21 12:05:30,050 [INFO] ThirdParty:873 - entering critical section [close project]
2025-11-21 12:05:30,050 [INFO] ThirdParty:883 - exiting critical section [close project]
2025-11-21 12:05:30,051 [INFO] PinOutPanel:1589 - setPackage(No Configuration,No Configuration)
2025-11-21 12:05:30,089 [WARN] IpParametersView:155 - Warning: This peripheral hasn't parameters
2025-11-21 12:05:30,099 [WARN] MainPanel:289 - <html><b><center>Warning: This peripheral has no parameters to be configured<br></b></html>
2025-11-21 12:05:30,104 [INFO] UtilMem:75 - Begin LoadConfig() Used Memory: 716643088 Bytes (1073741824)
2025-11-21 12:05:30,105 [INFO] OpenFileManager:355 - Change cursor
2025-11-21 12:05:30,146 [INFO] RulesReader:64 - Compatibility file has been processed (317 Rules)
2025-11-21 12:05:30,157 [INFO] ProjectFactory:514 - No CPN specified for board STM32F407G-DISC1 => set CPN to STM32F407VGT6
2025-11-21 12:05:30,157 [INFO] Mcu:2029 - Initializing MCU STM32F407V(E-G)Tx STM32F407VGTx STM32F407VGT6
2025-11-21 12:05:32,455 [INFO] Context:786 - Trying to add GPIOservice into a context  which must be forbidden
2025-11-21 12:05:33,292 [INFO] Rule:233 - rule 117617 - U5Cobra4M][GTZC] default value MPCBB3 and MPCBB5 - Not Secured memory - MPCBB1 is applicable
2025-11-21 12:05:33,292 [INFO] Rule:233 - rule 117617 - U5Cobra4M][GTZC] default value MPCBB3 and MPCBB5 - Not Secured memory - MPCBB1 is applicable
2025-11-21 12:05:33,292 [INFO] Rule:233 - rule 117617 - U5Cobra4M][GTZC] default value MPCBB3 and MPCBB5 - Not Secured memory - MPCBB2 is applicable
2025-11-21 12:05:33,292 [INFO] Rule:233 - rule 117617 - U5Cobra4M][GTZC] default value MPCBB3 and MPCBB5 - Not Secured memory - MPCBB2 is applicable
2025-11-21 12:05:33,292 [INFO] Rule:233 - rule 117617 - U5Cobra4M][GTZC] default value MPCBB3 and MPCBB5 - Not Secured memory - MPCBB3 is applicable
2025-11-21 12:05:33,292 [INFO] Rule:233 - rule 117617 - U5Cobra4M][GTZC] default value MPCBB3 and MPCBB5 - Not Secured memory - MPCBB3 is applicable
2025-11-21 12:05:33,292 [INFO] Rule:233 - rule 117617 - U5Cobra4M][GTZC] default value MPCBB3 and MPCBB5 - Not Secured memory - MPCBB4 is applicable
2025-11-21 12:05:33,292 [INFO] Rule:233 - rule 117617 - U5Cobra4M][GTZC] default value MPCBB3 and MPCBB5 - Not Secured memory - MPCBB4 is applicable
2025-11-21 12:05:33,292 [INFO] Rule:233 - rule 117617 - U5Cobra4M][GTZC] default value MPCBB3 and MPCBB5 - Secured memory - MPCBB1 is applicable
2025-11-21 12:05:33,292 [INFO] Rule:233 - rule 117617 - U5Cobra4M][GTZC] default value MPCBB3 and MPCBB5 - Secured memory - MPCBB2 is applicable
2025-11-21 12:05:33,292 [INFO] Rule:233 - rule 117617 - U5Cobra4M][GTZC] default value MPCBB3 and MPCBB5 - Secured memory - MPCBB3 is applicable
2025-11-21 12:05:33,292 [INFO] Rule:233 - rule 117617 - U5Cobra4M][GTZC] default value MPCBB3 and MPCBB5 - Secured memory - MPCBB4 is applicable
2025-11-21 12:05:33,292 [INFO] Rule:233 - rule 117617 - U5Cobra4M][GTZC] default value MPCBB3 and MPCBB5 - Privileged memory - MPCBB1 is applicable
2025-11-21 12:05:33,292 [INFO] Rule:233 - rule 117617 - U5Cobra4M][GTZC] default value MPCBB3 and MPCBB5 - Privileged memory - MPCBB2 is applicable
2025-11-21 12:05:33,292 [INFO] Rule:233 - rule 117617 - U5Cobra4M][GTZC] default value MPCBB3 and MPCBB5 - Privileged memory - MPCBB3 is applicable
2025-11-21 12:05:33,292 [INFO] Rule:233 - rule 117617 - U5Cobra4M][GTZC] default value MPCBB3 and MPCBB5 - Privileged memory - MPCBB4 is applicable
2025-11-21 12:05:33,292 [INFO] Rule:233 - rule 117617 - U5Cobra4M][GTZC] default value MPCBB3 and MPCBB5 - Not Privileged memory - MPCBB1 is applicable
2025-11-21 12:05:33,292 [INFO] Rule:233 - rule 117617 - U5Cobra4M][GTZC] default value MPCBB3 and MPCBB5 - Not Privileged memory - MPCBB2 is applicable
2025-11-21 12:05:33,292 [INFO] Rule:233 - rule 117617 - U5Cobra4M][GTZC] default value MPCBB3 and MPCBB5 - Not Privileged memory - MPCBB3 is applicable
2025-11-21 12:05:33,293 [INFO] Rule:233 - rule 117617 - U5Cobra4M][GTZC] default value MPCBB3 and MPCBB5 - Not Privileged memory - MPCBB4 is applicable
2025-11-21 12:05:33,293 [INFO] Rule:233 - rule 117617 - U5Cobra4M][GTZC] default value MPCBB3 and MPCBB5 - Privileged memory - MPCBB1 is applicable
2025-11-21 12:05:33,293 [INFO] Rule:233 - rule 117617 - U5Cobra4M][GTZC] default value MPCBB3 and MPCBB5 - Privileged memory - MPCBB2 is applicable
2025-11-21 12:05:33,293 [INFO] Rule:233 - rule 117617 - U5Cobra4M][GTZC] default value MPCBB3 and MPCBB5 - Privileged memory - MPCBB3 is applicable
2025-11-21 12:05:33,293 [INFO] Rule:233 - rule 117617 - U5Cobra4M][GTZC] default value MPCBB3 and MPCBB5 - Privileged memory - MPCBB4 is applicable
2025-11-21 12:05:33,293 [INFO] Rule:233 - rule 117617 - U5Cobra4M][GTZC] default value MPCBB3 and MPCBB5 - Privileged memory - MPCBB1 is applicable
2025-11-21 12:05:33,293 [INFO] Rule:233 - rule 117617 - U5Cobra4M][GTZC] default value MPCBB3 and MPCBB5 - Privileged memory - MPCBB2 is applicable
2025-11-21 12:05:33,293 [INFO] Rule:233 - rule 117617 - U5Cobra4M][GTZC] default value MPCBB3 and MPCBB5 - Privileged memory - MPCBB3 is applicable
2025-11-21 12:05:33,293 [INFO] Rule:233 - rule 117617 - U5Cobra4M][GTZC] default value MPCBB3 and MPCBB5 - Privileged memory - MPCBB4 is applicable
2025-11-21 12:05:33,293 [INFO] Rule:233 - rule 117617 - U5Cobra4M][GTZC] default value MPCBB3 and MPCBB5 - Not Privileged memory - MPCBB1 is applicable
2025-11-21 12:05:33,293 [INFO] Rule:233 - rule 117617 - U5Cobra4M][GTZC] default value MPCBB3 and MPCBB5 - Not Privileged memory - MPCBB2 is applicable
2025-11-21 12:05:33,293 [INFO] Rule:233 - rule 117617 - U5Cobra4M][GTZC] default value MPCBB3 and MPCBB5 - Not Privileged memory - MPCBB3 is applicable
2025-11-21 12:05:33,293 [INFO] Rule:233 - rule 117617 - U5Cobra4M][GTZC] default value MPCBB3 and MPCBB5 - Not Privileged memory - MPCBB4 is applicable
2025-11-21 12:05:33,293 [INFO] Rule:233 - rule 117617 - U5Cobra4M][GTZC] default value MPCBB3 and MPCBB5 - Privileged memory - MPCBB1 is applicable
2025-11-21 12:05:33,293 [INFO] Rule:233 - rule 117617 - U5Cobra4M][GTZC] default value MPCBB3 and MPCBB5 - Privileged memory - MPCBB2 is applicable
2025-11-21 12:05:33,293 [INFO] Rule:233 - rule 117617 - U5Cobra4M][GTZC] default value MPCBB3 and MPCBB5 - Privileged memory - MPCBB3 is applicable
2025-11-21 12:05:33,294 [INFO] Rule:233 - rule 117617 - U5Cobra4M][GTZC] default value MPCBB3 and MPCBB5 - Privileged memory - MPCBB4 is applicable
2025-11-21 12:05:33,294 [INFO] Rule:233 - rule Rename SubGHz_Phy SUBGHZ_APPLICATION SUBGHZ_PINGPONG to SUBGHZ_ADV_APPLICATION is applicable
2025-11-21 12:05:33,294 [INFO] Rule:233 - rule Rename Enabled to IBEACON is applicable
2025-11-21 12:05:33,294 [INFO] Rule:233 - rule GTZC_S instance for project manager is applicable
2025-11-21 12:05:33,294 [INFO] Rule:233 - rule GTZC_S instance for context M33S is applicable
2025-11-21 12:05:33,294 [INFO] Rule:233 - rule GTZC_S instance value for IP GTZC is applicable
2025-11-21 12:05:33,294 [INFO] Rule:233 - rule GTZC_S instance for mcu.IP is applicable
2025-11-21 12:05:33,294 [INFO] Rule:233 - rule GTZC_S instance for VP is applicable
2025-11-21 12:05:33,294 [INFO] Rule:233 - rule GTZC_S instance for signal is applicable
2025-11-21 12:05:33,294 [INFO] Rule:233 - rule GTZC_S instance for mcu.Pin is applicable
2025-11-21 12:05:33,294 [INFO] Rule:233 - rule GTZC_S instance for VP is applicable
2025-11-21 12:05:33,294 [INFO] Rule:233 - rule GTZC_S instance for signal is applicable
2025-11-21 12:05:33,294 [INFO] Rule:233 - rule GTZC_S instance for mcu is applicable
2025-11-21 12:05:33,294 [INFO] Rule:233 - rule GTZC_S instance for mcu.Pin is applicable
2025-11-21 12:05:33,294 [INFO] Rule:233 - rule GTZC_S instance value for IP GTZC is applicable
2025-11-21 12:05:33,295 [INFO] Rule:233 - rule GTZC_S instance for project manager is applicable
2025-11-21 12:05:33,295 [INFO] Rule:233 - rule GTZC_S instance for context M33S is applicable
2025-11-21 12:05:33,295 [INFO] Rule:233 - rule GTZC_S instance for VP is applicable
2025-11-21 12:05:33,295 [INFO] Rule:233 - rule GTZC_S instance for signal is applicable
2025-11-21 12:05:33,295 [INFO] Rule:233 - rule SPDIFRX instance for mcu is applicable
2025-11-21 12:05:33,295 [INFO] Rule:233 - rule Rename Tracer Mode is applicable
2025-11-21 12:05:33,295 [INFO] Rule:233 - rule SPDIFRX instance value for IP SPDIFRX is applicable
2025-11-21 12:05:33,295 [INFO] Rule:233 - rule SPDIFRX instance for signal is applicable
2025-11-21 12:05:33,295 [INFO] Rule:233 - rule SPDIFRX instance for project manager is applicable
2025-11-21 12:05:33,295 [INFO] Rule:233 - rule SPDIFRX instance for project manager is applicable
2025-11-21 12:05:33,295 [INFO] Rule:233 - rule ADC Scan  fix with FW F7 is applicable
2025-11-21 12:05:33,295 [INFO] Rule:233 - rule ADC Scan  fix with FW F7 is applicable
2025-11-21 12:05:33,295 [INFO] Rule:233 - rule WakeUp0 Mode is applicable
2025-11-21 12:05:33,295 [INFO] Rule:233 - rule WakeUp0 SIGNAL is applicable
2025-11-21 12:05:33,295 [INFO] Rule:233 - rule WakeUp1 Mode is applicable
2025-11-21 12:05:33,295 [INFO] Rule:233 - rule WakeUp1 SIGNAL is applicable
2025-11-21 12:05:33,295 [INFO] Rule:233 - rule WakeUp2 Mode is applicable
2025-11-21 12:05:33,295 [INFO] Rule:233 - rule WakeUp2 SIGNAL is applicable
2025-11-21 12:05:33,296 [INFO] Rule:233 - rule WakeUp4 Mode is applicable
2025-11-21 12:05:33,296 [INFO] Rule:233 - rule WakeUp4 SIGNAL is applicable
2025-11-21 12:05:33,296 [INFO] Rule:233 - rule WakeUp5 Mode is applicable
2025-11-21 12:05:33,296 [INFO] Rule:233 - rule WakeUp5 SIGNAL is applicable
2025-11-21 12:05:33,296 [INFO] Rule:233 - rule Add RTC Activate Clock Source is applicable
2025-11-21 12:05:33,296 [INFO] Rule:233 - rule Add RTC Activate Calendar 1 is applicable
2025-11-21 12:05:33,296 [INFO] Rule:233 - rule Add RTC Activate Calendar 2 is applicable
2025-11-21 12:05:33,296 [INFO] Rule:233 - rule Add RTC Activate Calendar 3 is applicable
2025-11-21 12:05:33,296 [INFO] Rule:233 - rule UART/USART TX Mode is applicable
2025-11-21 12:05:33,296 [INFO] Rule:233 - rule UART/USART RX Mode is applicable
2025-11-21 12:05:33,296 [INFO] Rule:233 - rule UART/USART RX TX Mode is applicable
2025-11-21 12:05:33,296 [INFO] Rule:233 - rule UART/USART PARITY NONE is applicable
2025-11-21 12:05:33,296 [INFO] Rule:233 - rule UART/USART PARITY EVEN is applicable
2025-11-21 12:05:33,296 [INFO] Rule:233 - rule UART/USART PARITY ODD is applicable
2025-11-21 12:05:33,296 [INFO] Rule:233 - rule USART StopBits 1 is applicable
2025-11-21 12:05:33,296 [INFO] Rule:233 - rule USART StopBits 2 is applicable
2025-11-21 12:05:33,296 [INFO] Rule:233 - rule USART StopBits 1.5 is applicable
2025-11-21 12:05:33,296 [INFO] Rule:233 - rule USART StopBits 0.5 is applicable
2025-11-21 12:05:33,297 [INFO] Rule:233 - rule UART/USART WORD LENGTH 7 is applicable
2025-11-21 12:05:33,297 [INFO] Rule:233 - rule UART/USART WORD LENGTH 8 is applicable
2025-11-21 12:05:33,297 [INFO] Rule:233 - rule UART/USART WORD LENGTH 9 is applicable
2025-11-21 12:05:33,297 [INFO] Rule:233 - rule Rename FMC NAND NCE signal is applicable
2025-11-21 12:05:33,297 [INFO] Rule:233 - rule Rename FMC NAND INT signal is applicable
2025-11-21 12:05:33,297 [INFO] Rule:233 - rule Change Default Value for LSE Drive Capability for WB family is applicable
2025-11-21 12:05:33,297 [INFO] Rule:233 - rule Change Default Value for ADC Clock Prescaler G0 family is applicable
2025-11-21 12:05:33,297 [INFO] Rule:233 - rule Change Default Value for ADC ExternalTrigConv L4 family is applicable
2025-11-21 12:05:33,297 [INFO] Rule:233 - rule Change Default Value for ADC ExternalTrigInjecConv L4 family is applicable
2025-11-21 12:05:33,297 [INFO] Rule:233 - rule Change Default Value for ADC ExternalTrigConv F3 family is applicable
2025-11-21 12:05:33,297 [INFO] Rule:233 - rule Change Default Value for ADC ExternalTrigInjecConv F3 family is applicable
2025-11-21 12:05:33,297 [INFO] Rule:233 - rule Change Default Value for ADC ExternalTrigConv Goldfish serie is applicable
2025-11-21 12:05:33,297 [INFO] Rule:233 - rule Change Default Value for ADC ExternalTrigInjecConv Goldfish serie is applicable
2025-11-21 12:05:33,297 [INFO] Rule:233 - rule Change Default Value for ADC ExternalTrigConv L0 family is applicable
2025-11-21 12:05:33,297 [INFO] Rule:233 - rule Change Default Value for ADC ExternalTrigConv F0 family is applicable
2025-11-21 12:05:33,297 [INFO] Rule:233 - rule Change Default Value for ADC ExternalTrigConvn L1 family is applicable
2025-11-21 12:05:33,297 [INFO] Rule:233 - rule Change Default Value for ADC ExternalTrigInjecConv L1 family is applicable
2025-11-21 12:05:33,297 [INFO] Rule:233 - rule Change Default Value for ADC ExternalTrigConv F1 family is applicable
2025-11-21 12:05:33,297 [INFO] Rule:233 - rule Change Default Value for ADC ExternalTrigInjecConv F1 family is applicable
2025-11-21 12:05:33,297 [INFO] Rule:233 - rule Change Default Value for ADC ExternalTrigConv F7 family is applicable
2025-11-21 12:05:33,297 [INFO] Rule:233 - rule Change Default Value for ADC ExternalTrigInjecConv F7 family is applicable
2025-11-21 12:05:33,297 [INFO] Rule:233 - rule Change Default Value for ADC ExternalTrigConv F4 and F2 family is applicable
2025-11-21 12:05:33,298 [INFO] Rule:233 - rule Change Default Value for ADC ExternalTrigInjecConv F4 and F2 family is applicable
2025-11-21 12:05:33,298 [INFO] Rule:233 - rule ADC SamplingTime fix with FW L0  is applicable
2025-11-21 12:05:33,298 [INFO] Rule:233 - rule ADC SamplingTime fix with FW L0  is applicable
2025-11-21 12:05:33,298 [INFO] Rule:233 - rule ADC SamplingTime fix with FW L0 is applicable
2025-11-21 12:05:33,298 [INFO] Rule:233 - rule ADC SamplingTime fix with FW L0 is applicable
2025-11-21 12:05:33,298 [INFO] Rule:233 - rule ADC SamplingTime fix with FW L0  is applicable
2025-11-21 12:05:33,298 [INFO] Rule:233 - rule ADC SamplingTime fix with FW L0 is applicable
2025-11-21 12:05:33,298 [INFO] Rule:233 - rule Rename USB_OE Signal is applicable
2025-11-21 12:05:33,298 [INFO] Rule:233 - rule Rename Activate_OE Mode is applicable
2025-11-21 12:05:33,298 [INFO] Rule:233 - rule Rename DIE462/DIE415 pin PC14/OSC32_IN -> PC14-OSC32_IN (PC14) is applicable
2025-11-21 12:05:33,298 [INFO] Rule:233 - rule Rename DIE462/DIE415 pin PC15/OSC32_OUT -> PC15-OSC32_OUT (PC15) is applicable
2025-11-21 12:05:33,298 [INFO] Rule:233 - rule Rename DIE462/DIE415 pin PH0/OSC_IN -> PH0-OSC_IN (PH0) is applicable
2025-11-21 12:05:33,298 [INFO] Rule:233 - rule Rename DIE462/DIE415 pin PH1/OSC_OUT -> PH1-OSC_OUT (PH1) is applicable
2025-11-21 12:05:33,298 [INFO] Rule:233 - rule Rename DIE462 pin PA13 -> PA13 (JTMS/SWDIO) is applicable
2025-11-21 12:05:33,298 [INFO] Rule:233 - rule Rename DIE415 pin PA13 -> PA13 (JTMS/SWDIO) is applicable
2025-11-21 12:05:33,298 [INFO] Rule:233 - rule Rename DIE462 pin PA14 -> PA14 (JTCK/SWCLK) is applicable
2025-11-21 12:05:33,298 [INFO] Rule:233 - rule Rename DIE415 pin PA14 -> PA14 (JTCK/SWCLK) is applicable
2025-11-21 12:05:33,298 [INFO] Rule:233 - rule Rename DIE462/DIE415 pin PA15 -> PA15 (JTDI) is applicable
2025-11-21 12:05:33,298 [INFO] Rule:233 - rule Rename DIE462 pin PB3 -> PB3 (JTD0/TRACESWO) is applicable
2025-11-21 12:05:33,298 [INFO] Rule:233 - rule Rename DIE415 pin PB3 -> PB3 (JTD0-TRACESWO) is applicable
2025-11-21 12:05:33,298 [INFO] Rule:233 - rule Rename DIE462/DIE415 pin PB4 -> PB4 (NJTRST) is applicable
2025-11-21 12:05:33,298 [INFO] Rule:233 - rule Rename DIE462 pin PH3/BOOT0 -> PH3-BOOT0 (BOOT0) is applicable
2025-11-21 12:05:33,298 [INFO] Rule:233 - rule Rename CRYP DataEncryptionTypesList to Algorithm is applicable
2025-11-21 12:05:33,299 [INFO] Rule:233 - rule Rename AES DataEncryptionTypesList to Algorithm is applicable
2025-11-21 12:05:33,299 [INFO] Rule:233 - rule Rename TDESECB to CRYP_TDES_ECB is applicable
2025-11-21 12:05:33,299 [INFO] Rule:233 - rule Rename TDESCBC to CRYP_TDES_CBC is applicable
2025-11-21 12:05:33,299 [INFO] Rule:233 - rule Rename DESECB to CRYP_DES_ECB is applicable
2025-11-21 12:05:33,299 [INFO] Rule:233 - rule Rename DESCBC to CRYP_DES_CBC is applicable
2025-11-21 12:05:33,299 [INFO] Rule:233 - rule Rename AESECB to CRYP_AES_ECB is applicable
2025-11-21 12:05:33,299 [INFO] Rule:233 - rule Rename AESCBC to CRYP_AES_CBC is applicable
2025-11-21 12:05:33,299 [INFO] Rule:233 - rule Rename AESCTR to CRYP_AES_CTR is applicable
2025-11-21 12:05:33,299 [INFO] Rule:233 - rule Rename AESGCM to CRYP_AES_GCM is applicable
2025-11-21 12:05:33,299 [INFO] Rule:233 - rule Rename AESCCM to CRYP_AES_CCM is applicable
2025-11-21 12:05:33,299 [INFO] Rule:233 - rule Rename CAN TimeSeg1 to BS1 is applicable
2025-11-21 12:05:33,299 [INFO] Rule:233 - rule Rename CAN TimeSeg2 to BS2 is applicable
2025-11-21 12:05:33,299 [INFO] Rule:233 - rule Rename CAN SyncJumpWidth to SJW is applicable
2025-11-21 12:05:33,299 [INFO] Rule:233 - rule TimeTriggeredMode to TTCM is applicable
2025-11-21 12:05:33,299 [INFO] Rule:233 - rule Rename CAN AutoBusOff to ABOM is applicable
2025-11-21 12:05:33,299 [INFO] Rule:233 - rule Rename CAN AutoWakeUp to AWUM is applicable
2025-11-21 12:05:33,299 [INFO] Rule:233 - rule Rename CAN AutoRetransmission to NART is applicable
2025-11-21 12:05:33,299 [INFO] Rule:233 - rule Rename CAN ReceiveFifoLocked to RFLM is applicable
2025-11-21 12:05:33,299 [INFO] Rule:233 - rule Rename CAN TransmitFifoPriority to TXFP is applicable
2025-11-21 12:05:33,299 [INFO] Rule:233 - rule Rename HRTIMER HRTIM_OUTPUTFAULTLEVEL_HIGH in HRTIMER HRTIM_OUTPUTFAULTLEVEL_HIGHZ is applicable
2025-11-21 12:05:33,299 [INFO] Rule:233 - rule Rename TIMER TIM_CLEARINPUTSOURCE_OCREFCLR in  TIMER TIM_CLEARINPUTSOURCE_NONE for F7 family is applicable
2025-11-21 12:05:33,299 [INFO] Rule:233 - rule FDCAN_R1 - Rename FDCAN mode Master into Classic is applicable
2025-11-21 12:05:33,299 [INFO] Rule:233 - rule FDCAN_R2 - Rename FDCAN mode Slave into Classic is applicable
2025-11-21 12:05:33,299 [INFO] Rule:233 - rule FDCAN1_R3 - if PA10.Mode=FullDuplex, add Pin PA12 is applicable
2025-11-21 12:05:33,299 [INFO] Rule:233 - rule FDCAN1_R3 - if PA9.Mode=FullDuplex, add Pin PA11 is applicable
2025-11-21 12:05:33,299 [INFO] Rule:233 - rule FDCAN1_R3 - Alternatepin_1 - if PE1.Mode=FullDuplex, add Pin PB9 is applicable
2025-11-21 12:05:33,299 [INFO] Rule:233 - rule FDCAN1_R3 - Alternatepin_1 - if PE0.Mode=FullDuplex, add Pin PB8 is applicable
2025-11-21 12:05:33,299 [INFO] Rule:233 - rule FDCAN1_R3 - Alternatepin_2 - if PD5.Mode=FullDuplex, add Pin PD1 is applicable
2025-11-21 12:05:33,299 [INFO] Rule:233 - rule FDCAN1_R3 - Alternatepin_2 - if PD4.Mode=FullDuplex, add Pin PD0 is applicable
2025-11-21 12:05:33,301 [INFO] Rule:233 - rule FDCAN1_R4 - Rename Mode FullDuplex into Enable FDCAN_TXFD for pin PA10 is applicable
2025-11-21 12:05:33,301 [INFO] Rule:233 - rule FDCAN1_R4 - Rename Mode FullDuplex into Enable FDCAN_TXFD for pin PA9 is applicable
2025-11-21 12:05:33,301 [INFO] Rule:233 - rule FDCAN1_R4 - Alternatepin_1 - Rename Mode FullDuplex into Enable FDCAN_TXFD for pin PE1 is applicable
2025-11-21 12:05:33,301 [INFO] Rule:233 - rule FDCAN1_R4 - Alternatepin_1 - Rename Mode FullDuplex into Enable FDCAN_TXFD for pin PE0 is applicable
2025-11-21 12:05:33,301 [INFO] Rule:233 - rule FDCAN1_R4 - Alternatepin_2 - Rename Mode FullDuplex into Enable FDCAN_TXFD for pin PD5 is applicable
2025-11-21 12:05:33,301 [INFO] Rule:233 - rule FDCAN1_R4 - Alternatepin_2 - Rename Mode FullDuplex into Enable FDCAN_TXFD for pin PD4 is applicable
2025-11-21 12:05:33,301 [INFO] Rule:233 - rule FDCAN2_R3 - if PD10.Mode=FullDuplex, add Pin PB13 is applicable
2025-11-21 12:05:33,301 [INFO] Rule:233 - rule FDCAN2_R3 - if PD9.Mode=FullDuplex, add Pin PB12 is applicable
2025-11-21 12:05:33,301 [INFO] Rule:233 - rule FDCAN2_R3 - Alternatepin_1 - if PB7.Mode=FullDuplex, add Pin PB6 is applicable
2025-11-21 12:05:33,301 [INFO] Rule:233 - rule FDCAN2_R3 - Alternatepin_1 - if PD9.Mode=FullDuplex, add Pin PB12 is applicable
2025-11-21 12:05:33,301 [INFO] Rule:233 - rule FDCAN2_R4 - Rename Mode FullDuplex into Enable FDCAN_TXFD for pin PD10 is applicable
2025-11-21 12:05:33,301 [INFO] Rule:233 - rule FDCAN2_R4 - Rename Mode FullDuplex into Enable FDCAN_TXFD for pin PD9 is applicable
2025-11-21 12:05:33,301 [INFO] Rule:233 - rule FDCAN2_R4 - Alternatepin_1 - Rename Mode FullDuplex into Enable FDCAN_TXFD for pin PB7 is applicable
2025-11-21 12:05:33,301 [INFO] Rule:233 - rule FDCAN2_R4 - Alternatepin_1 - Rename Mode FullDuplex into Enable FDCAN_TXFD for pin PD6 is applicable
2025-11-21 12:05:33,302 [INFO] Rule:233 - rule USART TxPinLevelInvertParam Mode is applicable
2025-11-21 12:05:33,302 [INFO] Rule:233 - rule USART RxPinLevelInvertParam Mode is applicable
2025-11-21 12:05:33,302 [INFO] Rule:233 - rule USART DataInvertParam Mode is applicable
2025-11-21 12:05:33,302 [INFO] Rule:233 - rule USART SwapParam Mode is applicable
2025-11-21 12:05:33,302 [INFO] Rule:233 - rule USART OverrunDisableParam Mode is applicable
2025-11-21 12:05:33,302 [INFO] Rule:233 - rule USART DMADisableonRxErrorParam Mode is applicable
2025-11-21 12:05:33,302 [INFO] Rule:233 - rule USART MSBFirstParam Mode is applicable
2025-11-21 12:05:33,302 [INFO] Rule:233 - rule Update MwName for USB_DEVICE is applicable
2025-11-21 12:05:33,302 [INFO] Rule:233 - rule Change PWR_Regulator_Voltage_Scale Default Value for RCC  H7 family is applicable
2025-11-21 12:05:33,302 [INFO] Rule:233 - rule UART/USART IPParameter rename Prescaler parameter to ClockPrescaler is applicable
2025-11-21 12:05:33,302 [INFO] Rule:233 - rule UART/USART Prescaler rename Prescaler parameter to ClockPrescaler is applicable
2025-11-21 12:05:33,302 [INFO] Rule:233 - rule TIM1CLockSelection is applicable
2025-11-21 12:05:33,302 [INFO] Rule:233 - rule TIM15CLockSelection is applicable
2025-11-21 12:05:33,302 [INFO] Rule:233 - rule align RCC SDMMC3CLockSelection default value on MP1 is applicable
2025-11-21 12:05:33,302 [INFO] Rule:233 - rule align RCC SDMMC12CLockSelection default value on MP1 is applicable
2025-11-21 12:05:33,302 [INFO] Rule:233 - rule align RCC QSPICLockSelection default value on MP1 is applicable
2025-11-21 12:05:33,302 [INFO] Rule:233 - rule align RCC QSPICLockSelection default value on MP1 is applicable
2025-11-21 12:05:33,302 [INFO] Rule:233 - rule align RCC SPI6CLockSelection default value on MP1 is applicable
2025-11-21 12:05:33,302 [INFO] Rule:233 - rule align RCC LPTIM23CLockSelection default value on MP1 is applicable
2025-11-21 12:05:33,302 [INFO] Rule:233 - rule align RCC LPTIM1CLockSelection default value on MP1 is applicable
2025-11-21 12:05:33,302 [INFO] Rule:233 - rule align RCC USART1CLockSelection default value on MP1 is applicable
2025-11-21 12:05:33,303 [INFO] Rule:233 - rule align RCC USART24CLockSelection default value on MP1 is applicable
2025-11-21 12:05:33,303 [INFO] Rule:233 - rule align RCC USART6CLockSelection default value on MP1 is applicable
2025-11-21 12:05:33,303 [INFO] Rule:233 - rule align RCC UART78CLockSelection default value on MP1 is applicable
2025-11-21 12:05:33,303 [INFO] Rule:233 - rule align RCC USART35CLockSelection default value on MP1 is applicable
2025-11-21 12:05:33,303 [INFO] Rule:233 - rule align RCC SPI45CLockSelection default value on MP1 is applicable
2025-11-21 12:05:33,303 [INFO] Rule:233 - rule align RCC I2C46CLockSelection BCLK value on MP1 is applicable
2025-11-21 12:05:33,303 [INFO] Rule:233 - rule align RCC SPI45CLockSelection default value on MP1 is applicable
2025-11-21 12:05:33,303 [INFO] Rule:233 - rule align RCC I2C12CLockSelection default value on MP1 is applicable
2025-11-21 12:05:33,303 [INFO] Rule:233 - rule align RCC I2C35CLockSelection default value on MP1 is applicable
2025-11-21 12:05:33,303 [INFO] Rule:233 - rule align RCC LPTIM45CLockSelection default value on MP1 is applicable
2025-11-21 12:05:33,303 [INFO] Rule:233 - rule Rename DCMI PIXCK signal is applicable
2025-11-21 12:05:33,303 [INFO] Rule:233 - rule Change Default Value for I2C46CLockSelection MP1 family is applicable
2025-11-21 12:05:33,303 [INFO] Rule:233 - rule Change Default Value for UART for G4, G0 and WB families is applicable
2025-11-21 12:05:33,303 [INFO] Rule:233 - rule Change Default Value for USART for G4, G0 and WB families is applicable
2025-11-21 12:05:33,303 [INFO] Rule:233 - rule Change Default Value for USART for G4 family is applicable
2025-11-21 12:05:33,303 [INFO] Rule:233 - rule Change USART1CLockSelection refparam name for MP1 is applicable
2025-11-21 12:05:33,303 [INFO] Rule:233 - rule Change USART2CLockSelection refparam name for MP1 is applicable
2025-11-21 12:05:33,304 [INFO] Rule:233 - rule Change USART3CLockSelection refparam name for MP1 is applicable
2025-11-21 12:05:33,304 [INFO] Rule:233 - rule Change UART4CLockSelection refparam name for MP1 is applicable
2025-11-21 12:05:33,304 [INFO] Rule:233 - rule Change UART5CLockSelection refparam name for MP1 is applicable
2025-11-21 12:05:33,304 [INFO] Rule:233 - rule Change LPUART1CLockSelection refparam name for MP1 is applicable
2025-11-21 12:05:33,304 [INFO] Rule:233 - rule Change LPTIM1CLockSelection refparam name for MP1 is applicable
2025-11-21 12:05:33,304 [INFO] Rule:233 - rule Change LPTIM2CLockSelection refparam name for MP1 is applicable
2025-11-21 12:05:33,304 [INFO] Rule:233 - rule Change RCC_MCO1Source refparam name for MP1 is applicable
2025-11-21 12:05:33,304 [INFO] Rule:233 - rule Change LSCOSource1 refparam name for MP1 is applicable
2025-11-21 12:05:33,304 [INFO] Rule:233 - rule Change SMPSCLockSelection refparam name for MP1 is applicable
2025-11-21 12:05:33,304 [INFO] Rule:233 - rule Change LPTIM3CLockSelection refparam name for MP1 is applicable
2025-11-21 12:05:33,304 [INFO] Rule:233 - rule Change MPCBB* Default Template Mode to Parameters is applicable
2025-11-21 12:05:33,304 [INFO] Rule:233 - rule Change MPCWM* or MPCBB* Secure Mode to Parameters is applicable
2025-11-21 12:05:33,304 [INFO] Rule:233 - rule Change MPCWM* or MPCBB* No Secure Mode to Parameters is applicable
2025-11-21 12:05:33,304 [INFO] Rule:233 - rule Change TZSC IP Secure Mode to Parameters is applicable
2025-11-21 12:05:33,304 [INFO] Rule:233 - rule Change TZSC IP No Secure Mode to Parameters is applicable
2025-11-21 12:05:33,304 [INFO] Rule:233 - rule Change TZSC IP Privilege Mode to Parameters is applicable
2025-11-21 12:05:33,305 [INFO] Rule:233 - rule Change TZSC IP No Privilege Mode to Parameters is applicable
2025-11-21 12:05:33,305 [INFO] Rule:233 - rule Change TZIC IT Secure Mode to Parameters is applicable
2025-11-21 12:05:33,305 [INFO] Rule:233 - rule Change TZIC IT No Secure Mode to Parameters is applicable
2025-11-21 12:05:33,305 [INFO] Rule:233 - rule Add MPCBB1_NonSecureArea_Start_Address value with referenced to MPCBB1_NonSecureArea_Start value is applicable
2025-11-21 12:05:33,305 [INFO] Rule:233 - rule Add MPCBB2_NonSecureArea_Start_Address value with referenced to MPCBB2_NonSecureArea_Start value is applicable
2025-11-21 12:05:33,305 [INFO] Rule:233 - rule Add MPCWM1_NonSecureArea*_Start_Address value with referenced to MPCWM1_NonSecureArea*_Start value is applicable
2025-11-21 12:05:33,305 [INFO] Rule:233 - rule Add MPCWM2_NonSecureArea*_Start_Address value with referenced to MPCWM2_NonSecureArea*_Start value is applicable
2025-11-21 12:05:33,305 [INFO] Rule:233 - rule Add MPCWM3_NonSecureArea_Start_Address value with referenced to MPCWM3_NonSecureArea_Start value is applicable
2025-11-21 12:05:33,305 [INFO] Rule:233 - rule Change Default Value for PLL1UserDefinedConfig is applicable
2025-11-21 12:05:33,305 [INFO] Rule:233 - rule Change GPIO_PuPd Default Value for USART in async mode is applicable
2025-11-21 12:05:33,305 [INFO] Rule:233 - rule Change SMPSDivider Default Value is applicable
2025-11-21 12:05:33,305 [INFO] Rule:233 - rule OPAMP is applicable
2025-11-21 12:05:33,305 [INFO] Rule:233 - rule LPUART IPParameter rename Prescaler parameter to ClockPrescaler for STM32H7 is applicable
2025-11-21 12:05:33,305 [INFO] Rule:233 - rule LPUART IPParameter rename Prescaler parameter to ClockPrescaler for STM32H7 is applicable
2025-11-21 12:05:33,305 [INFO] Rule:233 - rule LPUART IPParameter rename Prescaler parameter to ClockPrescaler for STM32WB is applicable
2025-11-21 12:05:33,306 [INFO] Rule:233 - rule LPUART IPParameter rename Prescaler parameter to ClockPrescaler for STM32WB is applicable
2025-11-21 12:05:33,306 [INFO] Rule:233 - rule LPUART IPParameter rename Prescaler parameter to ClockPrescaler for STM32G4 is applicable
2025-11-21 12:05:33,306 [INFO] Rule:233 - rule LPUART IPParameter rename Prescaler parameter to ClockPrescaler for STM32G4 is applicable
2025-11-21 12:05:33,306 [INFO] Rule:233 - rule LPUART IPParameter rename Prescaler parameter to ClockPrescaler for STM32L5 is applicable
2025-11-21 12:05:33,306 [INFO] Rule:233 - rule LPUART IPParameter rename Prescaler parameter to ClockPrescaler for STM32L5 is applicable
2025-11-21 12:05:33,306 [INFO] Rule:233 - rule LPUART IPParameter rename Prescaler parameter to ClockPrescaler for STM32G4 is applicable
2025-11-21 12:05:33,306 [INFO] Rule:233 - rule LPUART IPParameter rename Prescaler parameter to ClockPrescaler for STM32G4 is applicable
2025-11-21 12:05:33,306 [INFO] Rule:233 - rule USB device lib V2.5.3 for L0 rename USBD_SUPPORT_USER_STRING parameter to USBD_SUPPORT_USER_STRING_DESC4 is applicable
2025-11-21 12:05:33,306 [INFO] Rule:233 - rule I2SCLockSelection clock entry align is applicable
2025-11-21 12:05:33,306 [INFO] Rule:233 - rule Assign TIMx context if used as SYS timebase is applicable
2025-11-21 12:05:33,306 [INFO] Rule:233 - rule Change GPIO_Pu Default Value for I2C is applicable
2025-11-21 12:05:33,306 [INFO] Rule:233 - rule Change GPIO_Pu Default Value for SMBus is applicable
2025-11-21 12:05:33,306 [INFO] Rule:233 - rule change FDCAN default value is applicable
2025-11-21 12:05:33,306 [INFO] Rule:233 - rule Change mode sai is applicable
2025-11-21 12:05:33,306 [INFO] Rule:233 - rule **Change sai mode is applicable
2025-11-21 12:05:33,307 [INFO] Rule:233 - rule Rename STM32WPAN CFG_BLE_IRK to CFG_BLE_IR is applicable
2025-11-21 12:05:33,307 [INFO] Rule:233 - rule Rename STM32WPAN CFG_BLE_ERK to CFG_BLE_ER is applicable
2025-11-21 12:05:33,307 [INFO] Rule:233 - rule Rename STM32WPAN CFG_BLE_IRK_HEX to CFG_BLE_IR_HEX is applicable
2025-11-21 12:05:33,307 [INFO] Rule:233 - rule Rename STM32WPAN CFG_BLE_ERK_HEX to CFG_BLE_ER_HEX is applicable
2025-11-21 12:05:33,307 [INFO] Rule:233 - rule Adapt Old IOC before rework replace old CORTEX_M33/CORTEX_M55 attributes by the new one. is applicable
2025-11-21 12:05:33,307 [INFO] Rule:233 - rule Rename parametre of RCC RCC_APBDBG_DIV2 to RCC_TIMPRES_DIV2 is applicable
2025-11-21 12:05:33,307 [INFO] Rule:233 - rule Rename DIE493 pin PA10 [PA12] -> PA10 is applicable
2025-11-21 12:05:33,307 [INFO] Rule:233 - rule Rename DIE493 pin PA9 [PA11] -> PA9 is applicable
2025-11-21 12:05:33,307 [INFO] Rule:233 - rule Rename DIE492 PartNumber CPN STM32WBA5MJGHx -> STM32WBA5MMGHx is applicable
2025-11-21 12:05:33,307 [INFO] Rule:233 - rule Rename DIE492 PartNumber  Name STM32WBA5MJGHx -> STM32WBA5MMGHx is applicable
2025-11-21 12:05:33,307 [INFO] Rule:233 - rule Rename DIE492 PartNumber UserName STM32WBA5MJGHx -> STM32WBA5MMGHx is applicable
2025-11-21 12:05:33,307 [INFO] Rule:233 - rule Rename DIE492 PartNumber DeviceId STM32WBA5MJGHx -> STM32WBA5MMGHx is applicable
2025-11-21 12:05:33,307 [INFO] Rule:233 - rule Adapt Old IOC CSI. is applicable
2025-11-21 12:05:33,307 [INFO] Rule:233 - rule Adapt Old IOC DCMIPP. is applicable
2025-11-21 12:05:33,307 [INFO] Rule:233 - rule Adapt Old IOC DCMIPP Mode Parallel. is applicable
2025-11-21 12:05:33,307 [INFO] Rule:233 - rule Adapt Old IOC LTDC. is applicable
2025-11-21 12:05:33,307 [INFO] Rule:233 - rule Rename STM32MP2 RIF Peripheral LTDC RIF.RISUP.LTDC_L0L1.Privilege -> RIF.RISUP.LTDC_L1L2.Privilege is applicable
2025-11-21 12:05:33,308 [INFO] Rule:233 - rule Rename STM32MP2 RIF Peripheral LTDC RIF.RISUP.LTDC_L0L1.Privilege -> RIF.RISUP.LTDC_L1L2.Privilege is applicable
2025-11-21 12:05:33,308 [INFO] Rule:233 - rule Rename STM32MP2 RIF Peripheral LTDC RIF.RISUP.LTDC_L0L1.Lock -> RIF.RISUP.LTDC_L1L2.Lock is applicable
2025-11-21 12:05:33,308 [INFO] Rule:233 - rule Rename STM32MP2 RIF Peripheral LTDC RIF.RISUP.LTDC_L2.Lock -> RIF.RISUP.LTDC_L3.Lock is applicable
2025-11-21 12:05:33,308 [INFO] Rule:233 - rule Adapt the old IOC example for updating the SYS when it is misconfigured. is applicable
2025-11-21 12:05:33,308 [INFO] Rule:233 - rule Rename STM32C09 Mcu.Package LQFP64 -> LQFP48 is applicable
2025-11-21 12:05:33,308 [INFO] Rule:233 - rule Adapt the old IOC example for updating the SYS when it is misconfigured. is applicable
2025-11-21 12:05:33,308 [INFO] Rule:233 - rule Adapt the old IOC example for updating the SYS when it is misconfigured. is applicable
2025-11-21 12:05:33,354 [INFO] DbConfProperties:307 - Apply Compatibility (54/282 Rules)
2025-11-21 12:05:33,377 [INFO] ImportTextPane:234 - (OptionalMessage_ERROR) Unable to find key (Mcu.ThirdPartyNb) in loaded IOC file
2025-11-21 12:05:33,382 [INFO] ImportTextPane:234 - (OptionalMessage_ERROR) Pin35 (VP_RIF_VS_RIF1) cannot be retrieved for this MCU
2025-11-21 12:05:33,471 [INFO] RtosManager:558 - Registered RTOS mode: class=CMSIS, group=RTOS, mode=CMSIS_V1, owner=FREERTOS
2025-11-21 12:05:33,472 [INFO] RtosManager:558 - Registered RTOS mode: class=CMSIS, group=RTOS2, mode=CMSIS_V2, owner=FREERTOS
2025-11-21 12:05:33,472 [INFO] RtosManager:558 - Registered RTOS mode: class=RTOS, group=Core, mode=CMSIS_V1, owner=FREERTOS
2025-11-21 12:05:33,472 [INFO] RtosManager:558 - Registered RTOS mode: class=RTOS, group=Core, mode=CMSIS_V2, owner=FREERTOS
2025-11-21 12:05:33,472 [WARN] ModelIntegratedComponent:184 - Missing modes for component STMicroelectronics:FreeRTOS:0.0.1:STMicroelectronics:RTOS:FreeRTOS:Core:::10.2.0:
2025-11-21 12:05:33,582 [WARN] ModelIntegratedComponent:63 - No mode defined for component null
2025-11-21 12:05:33,583 [WARN] ModelIntegratedComponent:63 - No mode defined for component null
2025-11-21 12:05:33,583 [WARN] ModelIntegratedComponent:63 - No mode defined for component null
2025-11-21 12:05:33,583 [WARN] ModelIntegratedComponent:63 - No mode defined for component null
2025-11-21 12:05:33,583 [WARN] ModelIntegratedComponent:63 - No mode defined for component null
2025-11-21 12:05:33,583 [WARN] ModelIntegratedComponent:63 - No mode defined for component null
2025-11-21 12:05:33,583 [WARN] ModelIntegratedComponent:63 - No mode defined for component null
2025-11-21 12:05:33,583 [WARN] ModelIntegratedComponent:63 - No mode defined for component null
2025-11-21 12:05:33,583 [WARN] ModelIntegratedComponent:63 - No mode defined for component null
2025-11-21 12:05:33,583 [WARN] ModelIntegratedComponent:63 - No mode defined for component null
2025-11-21 12:05:33,583 [WARN] ModelIntegratedComponent:63 - No mode defined for component null
2025-11-21 12:05:33,583 [WARN] ModelIntegratedComponent:63 - No mode defined for component null
2025-11-21 12:05:33,583 [WARN] ModelIntegratedComponent:63 - No mode defined for component null
2025-11-21 12:05:33,583 [WARN] ModelIntegratedComponent:63 - No mode defined for component null
2025-11-21 12:05:33,583 [WARN] ModelIntegratedComponent:63 - No mode defined for component null
2025-11-21 12:05:33,583 [WARN] ModelIntegratedComponent:63 - No mode defined for component null
2025-11-21 12:05:33,583 [WARN] ModelIntegratedComponent:63 - No mode defined for component null
2025-11-21 12:05:33,583 [WARN] ModelIntegratedComponent:63 - No mode defined for component null
2025-11-21 12:05:33,584 [WARN] ModelIntegratedComponent:63 - No mode defined for component null
2025-11-21 12:05:33,584 [WARN] ModelIntegratedComponent:63 - No mode defined for component null
2025-11-21 12:05:33,584 [WARN] ModelIntegratedComponent:63 - No mode defined for component null
2025-11-21 12:05:33,584 [WARN] ModelIntegratedComponent:63 - No mode defined for component null
2025-11-21 12:05:33,584 [WARN] ModelIntegratedComponent:63 - No mode defined for component null
2025-11-21 12:05:33,584 [WARN] ModelIntegratedComponent:63 - No mode defined for component null
2025-11-21 12:05:33,584 [WARN] ModelIntegratedComponent:63 - No mode defined for component null
2025-11-21 12:05:33,584 [WARN] ModelIntegratedComponent:63 - No mode defined for component null
2025-11-21 12:05:33,584 [WARN] ModelIntegratedComponent:63 - No mode defined for component null
2025-11-21 12:05:33,584 [WARN] ModelIntegratedComponent:63 - No mode defined for component null
2025-11-21 12:05:33,584 [WARN] ModelIntegratedComponent:63 - No mode defined for component null
2025-11-21 12:05:33,584 [WARN] ModelIntegratedComponent:63 - No mode defined for component null
2025-11-21 12:05:33,584 [WARN] ModelIntegratedComponent:63 - No mode defined for component null
2025-11-21 12:05:33,584 [WARN] ModelIntegratedComponent:63 - No mode defined for component null
2025-11-21 12:05:33,584 [WARN] ModelIntegratedComponent:63 - No mode defined for component null
2025-11-21 12:05:33,584 [WARN] ModelIntegratedComponent:63 - No mode defined for component null
2025-11-21 12:05:33,584 [WARN] ModelIntegratedComponent:63 - No mode defined for component null
2025-11-21 12:05:33,584 [WARN] ModelPack:524 - Component already loaded: STMicroelectronics:HAL Drivers:0.0.0:STMicroelectronics:Device:STMicro_Driver:XSPI:HAL::0.0.1:HAL_XSPI
2025-11-21 12:05:33,803 [INFO] ThirdPartyModel:298 - Start build external matchings
2025-11-21 12:05:34,339 [INFO] ThirdPartyModel:316 - End build external matchings
2025-11-21 12:05:34,366 [INFO] ImportTextPane:234 - (OptionalMessage_ERROR) IP (RCC) : Parameter (RTCHSEDivFreq_Value) has invalid value (4000000)
2025-11-21 12:05:34,834 [INFO] UtilMem:75 - End LoadConfig() Used Memory: 712546488 Bytes (1073741824)
2025-11-21 12:05:34,948 [WARN] ThirdParty:833 - waiting for thirdparty lock release [change project]
2025-11-21 12:05:34,949 [INFO] ThirdParty:835 - entering critical section [change project]
2025-11-21 12:05:34,949 [INFO] ThirdParty:1030 - CMSIS Pack Vendor :STMicroelectronics X-CUBE-PM33A1 1.0.0
2025-11-21 12:05:34,949 [INFO] ThirdParty:1030 - CMSIS Pack Vendor :STMicroelectronics USBPD 4.1
2025-11-21 12:05:34,949 [INFO] ThirdParty:1030 - CMSIS Pack Vendor :STMicroelectronics X-CUBE-NFC9 1.0.0
2025-11-21 12:05:34,949 [INFO] ThirdParty:1030 - CMSIS Pack Vendor :STMicroelectronics USB_HOST 2.0.0
2025-11-21 12:05:34,949 [INFO] ThirdParty:1030 - CMSIS Pack Vendor :STMicroelectronics FP-SNS-MOTENVWB1 1.4.0
2025-11-21 12:05:34,949 [INFO] ThirdParty:1030 - CMSIS Pack Vendor :STMicroelectronics X-CUBE-AZRTOS-F4 1.1.0
2025-11-21 12:05:34,949 [INFO] ThirdParty:1030 - CMSIS Pack Vendor :STMicroelectronics LIBJPEG 8.0.0
2025-11-21 12:05:34,949 [INFO] ThirdParty:1030 - CMSIS Pack Vendor :STMicroelectronics FP-ATR-ASTRA1 2.0.2
2025-11-21 12:05:34,949 [INFO] ThirdParty:1030 - CMSIS Pack Vendor :wolfSSL I-CUBE-wolfSSL 5.8.2
2025-11-21 12:05:34,949 [INFO] ThirdParty:1030 - CMSIS Pack Vendor :STMicroelectronics X-CUBE-BLE1 7.1.0
2025-11-21 12:05:34,949 [INFO] ThirdParty:1030 - CMSIS Pack Vendor :STMicroelectronics X-CUBE-SMBUS 2.1.0
2025-11-21 12:05:34,949 [INFO] ThirdParty:1030 - CMSIS Pack Vendor :wolfSSL I-CUBE-wolfMQTT 1.19.2
2025-11-21 12:05:34,949 [INFO] ThirdParty:1030 - CMSIS Pack Vendor :STMicroelectronics USB_DEVICE 3.0.0
2025-11-21 12:05:34,950 [INFO] ThirdParty:1030 - CMSIS Pack Vendor :STMicroelectronics X-CUBE-ISPU 2.1.0
2025-11-21 12:05:34,950 [INFO] ThirdParty:1030 - CMSIS Pack Vendor :STMicroelectronics X-CUBE-EEPRMA1 5.2.0
2025-11-21 12:05:34,950 [INFO] ThirdParty:1030 - CMSIS Pack Vendor :STMicroelectronics X-CUBE-IPS 3.2.0
2025-11-21 12:05:34,950 [INFO] ThirdParty:1030 - CMSIS Pack Vendor :STMicroelectronics X-CUBE-BLEMGR 4.1.0
2025-11-21 12:05:34,950 [INFO] ThirdParty:1030 - CMSIS Pack Vendor :STMicroelectronics X-CUBE-AZRTOS-WB 2.0.0
2025-11-21 12:05:34,950 [INFO] ThirdParty:1030 - CMSIS Pack Vendor :STMicroelectronics X-CUBE-NFC12 1.0.0
2025-11-21 12:05:34,950 [INFO] ThirdParty:1030 - CMSIS Pack Vendor :STMicroelectronics X-CUBE-AZRTOS-F7 1.1.0
2025-11-21 12:05:34,950 [INFO] ThirdParty:1030 - CMSIS Pack Vendor :STMicroelectronics X-CUBE-AZRTOS-L5 2.0.0
2025-11-21 12:05:34,950 [INFO] ThirdParty:1030 - CMSIS Pack Vendor :STMicroelectronics USB_DEVICE 2.0.0
2025-11-21 12:05:34,950 [INFO] ThirdParty:1030 - CMSIS Pack Vendor :STMicroelectronics X-CUBE-NFC6 3.1.0
2025-11-21 12:05:34,950 [INFO] ThirdParty:1030 - CMSIS Pack Vendor :STMicroelectronics X-CUBE-ST67W61 1.1.0
2025-11-21 12:05:34,950 [INFO] ThirdParty:1030 - CMSIS Pack Vendor :Cesanta I-CUBE-Mongoose 7.19.0
2025-11-21 12:05:34,950 [INFO] ThirdParty:1030 - CMSIS Pack Vendor :quantropi X-CUBE-qispace-sdk-base 2.1.0
2025-11-21 12:05:34,950 [INFO] ThirdParty:1030 - CMSIS Pack Vendor :STMicroelectronics FP-SNS-MOTENV1 5.1.0
2025-11-21 12:05:34,950 [INFO] ThirdParty:1030 - CMSIS Pack Vendor :STMicroelectronics FreeRTOS 0.0.1
2025-11-21 12:05:34,950 [INFO] ThirdParty:1030 - CMSIS Pack Vendor :STMicroelectronics X-CUBE-AZRTOS-G0 1.1.0
2025-11-21 12:05:34,950 [INFO] ThirdParty:1030 - CMSIS Pack Vendor :STMicroelectronics X-CUBE-NFC4 3.0.0
2025-11-21 12:05:34,950 [INFO] ThirdParty:1030 - CMSIS Pack Vendor :STMicroelectronics X-CUBE-SUBG2 5.0.0
2025-11-21 12:05:34,950 [INFO] ThirdParty:1030 - CMSIS Pack Vendor :STMicroelectronics X-CUBE-AZRTOS-H7RS 1.1.0
2025-11-21 12:05:34,950 [INFO] ThirdParty:1030 - CMSIS Pack Vendor :STMicroelectronics STM32_WPAN 1.0.0
2025-11-21 12:05:34,950 [INFO] ThirdParty:1030 - CMSIS Pack Vendor :EmbeddedOffice I-CUBE-FS-RTOS 1.0.1
2025-11-21 12:05:34,951 [INFO] ThirdParty:1030 - CMSIS Pack Vendor :STMicroelectronics lwIP 2.0.3
2025-11-21 12:05:34,951 [INFO] ThirdParty:1030 - CMSIS Pack Vendor :WES I-CUBE-Cesium 1.4.0
2025-11-21 12:05:34,951 [INFO] ThirdParty:1030 - CMSIS Pack Vendor :STMicroelectronics USB_HOST 1.0.0
2025-11-21 12:05:34,951 [INFO] ThirdParty:1030 - CMSIS Pack Vendor :Infineon AIROC-Wi-Fi-Bluetooth-STM32 1.7.1
2025-11-21 12:05:34,951 [INFO] ThirdParty:1030 - CMSIS Pack Vendor :STMicroelectronics X-CUBE-AZRTOS-G4 2.0.0
2025-11-21 12:05:34,951 [INFO] ThirdParty:1030 - CMSIS Pack Vendor :STMicroelectronics X-CUBE-WB05N 2.0.0
2025-11-21 12:05:34,951 [INFO] ThirdParty:1030 - CMSIS Pack Vendor :STMicroelectronics PDM2PCM 3.1.0
2025-11-21 12:05:34,951 [INFO] ThirdParty:1030 - CMSIS Pack Vendor :STMicroelectronics PDM2PCM 3.3.0
2025-11-21 12:05:34,951 [INFO] ThirdParty:1030 - CMSIS Pack Vendor :wolfSSL I-CUBE-wolfTPM 3.8.0
2025-11-21 12:05:34,951 [INFO] ThirdParty:1030 - CMSIS Pack Vendor :STMicroelectronics X-CUBE-AZRTOS-H7 3.4.0
2025-11-21 12:05:34,951 [INFO] ThirdParty:1030 - CMSIS Pack Vendor :STMicroelectronics X-CUBE-DISPLAY 3.0.0
2025-11-21 12:05:34,972 [INFO] ThirdParty:1030 - CMSIS Pack Vendor :wolfSSL I-CUBE-wolfSSH 1.4.20
2025-11-21 12:05:34,972 [INFO] ThirdParty:1030 - CMSIS Pack Vendor :STMicroelectronics X-CUBE-NFC7 2.0.0
2025-11-21 12:05:34,972 [INFO] ThirdParty:1030 - CMSIS Pack Vendor :STMicroelectronics X-CUBE-TCPP 4.2.0
2025-11-21 12:05:34,972 [INFO] ThirdParty:1030 - CMSIS Pack Vendor :RealThread X-CUBE-RT-Thread_Nano 4.1.1
2025-11-21 12:05:34,972 [INFO] ThirdParty:1030 - CMSIS Pack Vendor :STMicroelectronics FP-ATR-SIGFOX1 3.2.0
2025-11-21 12:05:34,972 [INFO] ThirdParty:1030 - CMSIS Pack Vendor :STMicroelectronics X-CUBE-NFC10 1.0.0
2025-11-21 12:05:34,972 [INFO] ThirdParty:1030 - CMSIS Pack Vendor :STMicroelectronics X-CUBE-FREERTOS 1.3.1
2025-11-21 12:05:34,972 [INFO] ThirdParty:1030 - CMSIS Pack Vendor :STMicroelectronics HAL Drivers 0.0.0
2025-11-21 12:05:34,972 [INFO] ThirdParty:1030 - CMSIS Pack Vendor :STMicroelectronics MBEDTLS 2.16.2
2025-11-21 12:05:34,972 [INFO] ThirdParty:1030 - CMSIS Pack Vendor :STMicroelectronics X-CUBE-ST60 1.1.0
2025-11-21 12:05:34,972 [INFO] ThirdParty:1030 - CMSIS Pack Vendor :STMicroelectronics X-CUBE-ALS 1.0.2
2025-11-21 12:05:34,972 [INFO] ThirdParty:1030 - CMSIS Pack Vendor :emotas I-CUBE-CANOPEN 1.3.0
2025-11-21 12:05:34,972 [INFO] ThirdParty:1030 - CMSIS Pack Vendor :STMicroelectronics MBEDTLS 2.14.1
2025-11-21 12:05:34,972 [INFO] ThirdParty:1030 - CMSIS Pack Vendor :STMicroelectronics X-CUBE-GNSS1 7.1.0
2025-11-21 12:05:34,972 [INFO] ThirdParty:1030 - CMSIS Pack Vendor :ITTIA_DB I-CUBE-ITTIADB 8.9.0
2025-11-21 12:05:34,972 [INFO] ThirdParty:1030 - CMSIS Pack Vendor :STMicroelectronics X-CUBE-TOUCHGFX 4.26.0
2025-11-21 12:05:34,972 [INFO] ThirdParty:1030 - CMSIS Pack Vendor :STMicroelectronics X-CUBE-STSE01 1.0.0
2025-11-21 12:05:34,973 [INFO] ThirdParty:1030 - CMSIS Pack Vendor :STMicroelectronics FP-SNS-STBOX1 2.1.0
2025-11-21 12:05:34,973 [INFO] ThirdParty:1030 - CMSIS Pack Vendor :STMicroelectronics X-CUBE-AI 10.2.0
2025-11-21 12:05:34,973 [INFO] ThirdParty:1030 - CMSIS Pack Vendor :STMicroelectronics FP-SNS-STAIOTCFT 1.0.0
2025-11-21 12:05:34,973 [INFO] ThirdParty:1030 - CMSIS Pack Vendor :STMicroelectronics ThreadX 1.0.0
2025-11-21 12:05:34,973 [INFO] ThirdParty:1030 - CMSIS Pack Vendor :STMicroelectronics FP-SNS-SMARTAG2 1.2.0
2025-11-21 12:05:34,973 [INFO] ThirdParty:1030 - CMSIS Pack Vendor :STMicroelectronics FP-SNS-FLIGHT1 5.1.0
2025-11-21 12:05:34,973 [INFO] ThirdParty:1030 - CMSIS Pack Vendor :STMicroelectronics X-CUBE-AZRTOS-WL 2.0.0
2025-11-21 12:05:34,973 [INFO] ThirdParty:1030 - CMSIS Pack Vendor :SEGGER I-CUBE-embOS 1.3.1
2025-11-21 12:05:34,973 [INFO] ThirdParty:1030 - CMSIS Pack Vendor :STMicroelectronics X-CUBE-ALGOBUILD 1.4.0
2025-11-21 12:05:34,973 [INFO] ThirdParty:1030 - CMSIS Pack Vendor :STMicroelectronics X-CUBE-DPower 1.3.0
2025-11-21 12:05:34,973 [INFO] ThirdParty:1030 - CMSIS Pack Vendor :STMicroelectronics X-CUBE-MEMS1 11.3.0
2025-11-21 12:05:34,973 [INFO] ThirdParty:1030 - CMSIS Pack Vendor :STMicroelectronics USB_DEVICE 1.0.0
2025-11-21 12:05:34,973 [INFO] ThirdParty:1030 - CMSIS Pack Vendor :STMicroelectronics X-CUBE-AZRTOS-L4 2.0.0
2025-11-21 12:05:34,973 [INFO] ThirdParty:1030 - CMSIS Pack Vendor :STMicroelectronics ThreadX 0.0.2
2025-11-21 12:05:34,973 [INFO] ThirdParty:1030 - CMSIS Pack Vendor :STMicroelectronics lwIP 2.1.2
2025-11-21 12:05:34,973 [INFO] ThirdParty:1030 - CMSIS Pack Vendor :STMicroelectronics X-CUBE-SFXS2LP1 4.0.0
2025-11-21 12:05:34,973 [INFO] ThirdParty:1030 - CMSIS Pack Vendor :STMicroelectronics X-CUBE-BLE2 3.3.0
2025-11-21 12:05:34,973 [INFO] ThirdParty:1030 - CMSIS Pack Vendor :Avnet-IOTCONNECT X-CUBE-iotc-st67-sdk 1.0.0
2025-11-21 12:05:34,973 [INFO] ThirdParty:1030 - CMSIS Pack Vendor :STMicroelectronics X-CUBE-TOF1 3.4.3
2025-11-21 12:05:34,973 [INFO] ThirdParty:1030 - CMSIS Pack Vendor :STMicroelectronics PDM2PCM 3.2.0
2025-11-21 12:05:34,973 [INFO] ThirdParty:841 - exiting critical section [change project]
2025-11-21 12:05:35,611 [INFO] PinOutPanel:1589 - setPackage(No Configuration,No Configuration)
2025-11-21 12:05:35,614 [INFO] PinOutPanel:1589 - setPackage(STM32F407VGTx,LQFP100)
2025-11-21 12:05:36,189 [INFO] UtilMem:75 - Before build in PCC Used Memory: 912933488 Bytes (1073741824)
2025-11-21 12:05:36,633 [INFO] UtilMem:75 - After build in PCC Used Memory: 959593072 Bytes (1073741824)
2025-11-21 12:05:36,639 [INFO] ApiDbMcu:532 - Load IP Config File for USB_HOST
2025-11-21 12:05:36,639 [WARN] BspModel:444 - BSP dependency skipped because of component: name='IOExpander', api='Unknown'
2025-11-21 12:05:36,662 [INFO] IPUIPlugin:80 - create IPUIPlugin
2025-11-21 12:05:36,662 [INFO] IPUIPlugin:80 - create IPUIPlugin
2025-11-21 12:05:36,662 [INFO] IPUIPlugin:80 - create IPUIPlugin
2025-11-21 12:05:36,662 [INFO] IPUIPlugin:80 - create IPUIPlugin
2025-11-21 12:05:36,662 [INFO] IPUIPlugin:80 - create IPUIPlugin
2025-11-21 12:05:36,662 [INFO] IPUIPlugin:80 - create IPUIPlugin
2025-11-21 12:05:36,662 [INFO] IPUIPlugin:80 - create IPUIPlugin
2025-11-21 12:05:36,662 [INFO] IPUIPlugin:80 - create IPUIPlugin
2025-11-21 12:05:36,662 [INFO] IPUIPlugin:80 - create IPUIPlugin
2025-11-21 12:05:36,662 [INFO] IPUIPlugin:80 - create IPUIPlugin
2025-11-21 12:05:36,663 [INFO] IPUIPlugin:80 - create IPUIPlugin
2025-11-21 12:05:36,663 [INFO] IPUIPlugin:80 - create IPUIPlugin
2025-11-21 12:05:36,663 [INFO] IPUIPlugin:80 - create IPUIPlugin
2025-11-21 12:05:36,663 [INFO] IPUIPlugin:80 - create IPUIPlugin
2025-11-21 12:05:36,663 [INFO] IPUIPlugin:80 - create IPUIPlugin
2025-11-21 12:05:36,663 [INFO] IPUIPlugin:80 - create IPUIPlugin
2025-11-21 12:05:36,663 [INFO] IPUIPlugin:80 - create IPUIPlugin
2025-11-21 12:05:36,663 [INFO] IPUIPlugin:80 - create IPUIPlugin
2025-11-21 12:05:36,663 [INFO] IPUIPlugin:80 - create IPUIPlugin
2025-11-21 12:05:36,663 [INFO] IPUIPlugin:80 - create IPUIPlugin
2025-11-21 12:05:36,664 [INFO] IPUIPlugin:80 - create IPUIPlugin
2025-11-21 12:05:36,664 [INFO] IPUIPlugin:80 - create IPUIPlugin
2025-11-21 12:05:36,664 [INFO] IPUIPlugin:80 - create IPUIPlugin
2025-11-21 12:05:36,664 [INFO] IPUIPlugin:80 - create IPUIPlugin
2025-11-21 12:05:36,664 [INFO] IPUIPlugin:80 - create IPUIPlugin
2025-11-21 12:05:36,664 [INFO] IPUIPlugin:80 - create IPUIPlugin
2025-11-21 12:05:36,665 [INFO] IPUIPlugin:80 - create IPUIPlugin
2025-11-21 12:05:36,665 [INFO] IPUIPlugin:80 - create IPUIPlugin
2025-11-21 12:05:36,665 [INFO] IPUIPlugin:80 - create IPUIPlugin
2025-11-21 12:05:36,665 [INFO] IPUIPlugin:80 - create IPUIPlugin
2025-11-21 12:05:36,665 [INFO] IPUIPlugin:80 - create IPUIPlugin
2025-11-21 12:05:36,665 [INFO] IPUIPlugin:80 - create IPUIPlugin
2025-11-21 12:05:36,665 [INFO] IPUIPlugin:80 - create IPUIPlugin
2025-11-21 12:05:36,666 [INFO] IPUIPlugin:80 - create IPUIPlugin
2025-11-21 12:05:36,666 [INFO] IPUIPlugin:80 - create IPUIPlugin
2025-11-21 12:05:36,666 [INFO] IPUIPlugin:80 - create IPUIPlugin
2025-11-21 12:05:36,666 [INFO] IPUIPlugin:80 - create IPUIPlugin
2025-11-21 12:05:36,666 [INFO] IPUIPlugin:80 - create IPUIPlugin
2025-11-21 12:05:36,666 [INFO] IPUIPlugin:80 - create IPUIPlugin
2025-11-21 12:05:36,666 [INFO] IPUIPlugin:80 - create IPUIPlugin
2025-11-21 12:05:36,666 [INFO] IPUIPlugin:80 - create IPUIPlugin
2025-11-21 12:05:36,667 [INFO] IPUIPlugin:80 - create IPUIPlugin
2025-11-21 12:05:36,667 [INFO] IPUIPlugin:80 - create IPUIPlugin
2025-11-21 12:05:36,667 [INFO] IPUIPlugin:80 - create IPUIPlugin
2025-11-21 12:05:36,667 [INFO] IPUIPlugin:80 - create IPUIPlugin
2025-11-21 12:05:36,667 [INFO] IPUIPlugin:80 - create IPUIPlugin
2025-11-21 12:05:36,667 [INFO] IPUIPlugin:80 - create IPUIPlugin
2025-11-21 12:05:36,668 [INFO] IPUIPlugin:80 - create IPUIPlugin
2025-11-21 12:05:36,668 [INFO] IPUIPlugin:80 - create IPUIPlugin
2025-11-21 12:05:36,668 [INFO] IPUIPlugin:80 - create IPUIPlugin
2025-11-21 12:05:36,668 [INFO] IPUIPlugin:80 - create IPUIPlugin
2025-11-21 12:05:36,668 [INFO] IPUIPlugin:80 - create IPUIPlugin
2025-11-21 12:05:36,670 [INFO] IPUIPlugin:80 - create IPUIPlugin
2025-11-21 12:05:36,670 [INFO] IPUIPlugin:80 - create IPUIPlugin
2025-11-21 12:05:36,670 [INFO] IPUIPlugin:80 - create IPUIPlugin
2025-11-21 12:05:36,670 [INFO] IPUIPlugin:80 - create IPUIPlugin
2025-11-21 12:05:36,671 [INFO] IPUIPlugin:80 - create IPUIPlugin
2025-11-21 12:05:36,671 [INFO] IPUIPlugin:80 - create IPUIPlugin
2025-11-21 12:05:36,676 [INFO] ApiDbMcu:532 - Load IP Config File for PDM2PCM
2025-11-21 12:05:36,677 [WARN] IP:2250 - I2C_Coeff_DF not found: check if there is a RefParameter without a condition.
2025-11-21 12:05:36,677 [WARN] IP:2250 - Analog_Filter not found: check if there is a RefParameter without a condition.
2025-11-21 12:05:36,680 [INFO] I2sManager:658 - 9.6E7
2025-11-21 12:05:36,680 [INFO] I2sManager:195 - I2S Clock Value : 9.6E7
2025-11-21 12:05:36,682 [INFO] I2sManager:553 - AudioClock : 93750Divider : 2Odd : 0
2025-11-21 12:05:36,767 [INFO] CADModel:165 - CPN selected for project levelSTM32F407VGT6
2025-11-21 12:05:36,768 [INFO] CADModel:114 - Register for checkConnection events
2025-11-21 12:05:36,822 [INFO] OpenFileManager:386 - Restore cursor
2025-11-21 12:05:37,092 [WARN] IP:2250 - I2C_Coeff_DF not found: check if there is a RefParameter without a condition.
2025-11-21 12:05:37,092 [WARN] IP:2250 - Analog_Filter not found: check if there is a RefParameter without a condition.
2025-11-21 12:05:37,094 [WARN] IP:2250 - I2C_Coeff_DF not found: check if there is a RefParameter without a condition.
2025-11-21 12:05:37,094 [WARN] IP:2250 - Analog_Filter not found: check if there is a RefParameter without a condition.
2025-11-21 12:05:37,806 [INFO] UtilMem:75 - End SaveConfig() Used Memory: 790772336 Bytes (1073741824)
2025-11-21 12:05:39,507 [INFO] ServerAccessManage:452 - Complete download http(s) 200
2025-11-21 12:05:39,507 [INFO] ServerAccessManage:509 - Download File stm32cube_fw_f4_v1280.zip
2025-11-21 12:07:11,089 [INFO] WebApp:194 - Connection lost
2025-11-21 12:07:40,055 [INFO] WebApp:191 - Connection restablished
2025-11-21 12:08:15,470 [INFO] AnalyticsPlugin:368 - Accepted License(s): [FW.F4.1.28.0]
2025-11-21 12:08:15,479 [INFO] FileExtend:248 - Unzip File : stm32cube_fw_f4_v1280.zip
2025-11-21 12:08:15,616 [INFO] FileExtend:263 - Standard Zip Deflate
2025-11-21 12:10:16,734 [INFO] ServerAccessManage:452 - Complete download http(s) 200
2025-11-21 12:10:16,876 [INFO] ServerAccessManage:509 - Download File stm32cube_fw_f4_v1283.zip
2025-11-21 12:11:17,732 [INFO] FileExtend:248 - Unzip File : stm32cube_fw_f4_v1283.zip
2025-11-21 12:11:17,733 [INFO] FileExtend:263 - Standard Zip Deflate
2025-11-21 12:12:27,466 [INFO] LoadServerPackagesThread:196 - End of LoadServerPackages Thread
2025-11-21 12:12:30,422 [INFO] ThirdPartyModel:298 - Start build external matchings
2025-11-21 12:12:32,030 [INFO] UtilMem:75 - End SaveConfig() Used Memory: 834816552 Bytes (1073741824)
2025-11-21 12:12:42,209 [INFO] ThirdPartyModel:316 - End build external matchings
2025-11-21 12:12:46,658 [INFO] CheckServerUpdateThread:120 - End of CheckServer Thread
2025-11-21 12:13:12,419 [INFO] BlockDiagram:2775 - set Specific Code input for plugin: SPI
2025-11-21 12:13:12,420 [INFO] BlockDiagram:2775 - set Specific Code input for plugin: I2S
2025-11-21 12:13:12,420 [INFO] BlockDiagram:2775 - set Specific Code input for plugin: SYS
2025-11-21 12:13:12,421 [INFO] BlockDiagram:2775 - set Specific Code input for plugin: RCC
2025-11-21 12:13:12,421 [INFO] BlockDiagram:2775 - set Specific Code input for plugin: I2C
2025-11-21 12:13:12,421 [INFO] BlockDiagram:2775 - set Specific Code input for plugin: USB_OTG_FS
2025-11-21 12:13:12,422 [INFO] BlockDiagram:2775 - set Specific Code input for plugin: NVIC
2025-11-21 12:13:12,422 [INFO] BlockDiagram:2775 - set Specific Code input for plugin: USB_HOST
2025-11-21 12:13:12,423 [INFO] BlockDiagram:2775 - set Specific Code input for plugin: GPIO
2025-11-21 12:13:12,429 [INFO] CodeGenerator:892 - code generatio: config db path: C:\ST\STM32CubeIDE_1.19.0\STM32CubeIDE\plugins\com.st.stm32cube.common.mx_6.15.0.202507011659\\db\
2025-11-21 12:13:13,451 [WARN] IP:2250 - I2C_Coeff_DF not found: check if there is a RefParameter without a condition.
2025-11-21 12:13:13,451 [WARN] IP:2250 - Analog_Filter not found: check if there is a RefParameter without a condition.
2025-11-21 12:13:19,265 [INFO] CodeEngine:265 - oldGeneratedFile, D:\BITSILICA_WORKSHEETS\STM32L476RG\STM32F407G\111\MXTmpFiles\license.tmp_save
2025-11-21 12:13:38,918 [INFO] CodeEngine:289 - Generated code: D:\BITSILICA_WORKSHEETS\STM32L476RG\STM32F407G\111\MXTmpFiles\license.tmp
2025-11-21 12:13:40,688 [INFO] CodeEngine:265 - oldGeneratedFile, D:\BITSILICA_WORKSHEETS\STM32L476RG\STM32F407G\111\MXTmpFiles\gpio.tmp_save
2025-11-21 12:13:42,074 [INFO] CodeEngine:289 - Generated code: D:\BITSILICA_WORKSHEETS\STM32L476RG\STM32F407G\111\MXTmpFiles\gpio.tmp
2025-11-21 12:13:44,442 [WARN] IPConfigManager:3238 - Warning: the RefConfig PWREx_EnableUSBVoltageDetector is not available in your config.xml file
2025-11-21 12:13:44,466 [INFO] CodeEngine:265 - oldGeneratedFile, D:\BITSILICA_WORKSHEETS\STM32L476RG\STM32F407G\111\MXTmpFiles\usb_otg_fs_vars.tmp_save
2025-11-21 12:13:46,367 [INFO] CodeEngine:289 - Generated code: D:\BITSILICA_WORKSHEETS\STM32L476RG\STM32F407G\111\MXTmpFiles\usb_otg_fs_vars.tmp
2025-11-21 12:13:46,643 [INFO] CodeEngine:265 - oldGeneratedFile, D:\BITSILICA_WORKSHEETS\STM32L476RG\STM32F407G\111\MXTmpFiles\usb_otg_fs_inc.tmp_save
2025-11-21 12:13:47,272 [INFO] CodeEngine:289 - Generated code: D:\BITSILICA_WORKSHEETS\STM32L476RG\STM32F407G\111\MXTmpFiles\usb_otg_fs_inc.tmp
2025-11-21 12:13:47,750 [INFO] CodeEngine:265 - oldGeneratedFile, D:\BITSILICA_WORKSHEETS\STM32L476RG\STM32F407G\111\MXTmpFiles\usb_otg_fs_HalInit.tmp_save
2025-11-21 12:13:47,871 [INFO] CodeEngine:289 - Generated code: D:\BITSILICA_WORKSHEETS\STM32L476RG\STM32F407G\111\MXTmpFiles\usb_otg_fs_HalInit.tmp
2025-11-21 12:13:48,536 [INFO] CodeEngine:265 - oldGeneratedFile, D:\BITSILICA_WORKSHEETS\STM32L476RG\STM32F407G\111\MXTmpFiles\usb_otg_fs_Msp.tmp_save
2025-11-21 12:13:49,738 [INFO] CodeEngine:289 - Generated code: D:\BITSILICA_WORKSHEETS\STM32L476RG\STM32F407G\111\MXTmpFiles\usb_otg_fs_Msp.tmp
2025-11-21 12:13:55,165 [INFO] CodeEngine:265 - oldGeneratedFile, D:\BITSILICA_WORKSHEETS\STM32L476RG\STM32F407G\111\USB_HOST\App\usb_host.c_save
2025-11-21 12:13:56,732 [INFO] CodeEngine:289 - Generated code: D:\BITSILICA_WORKSHEETS\STM32L476RG\STM32F407G\111\USB_HOST\App\usb_host.c
2025-11-21 12:13:57,170 [INFO] CodeEngine:265 - oldGeneratedFile, D:\BITSILICA_WORKSHEETS\STM32L476RG\STM32F407G\111\USB_HOST\App\usb_host.h_save
2025-11-21 12:13:57,305 [INFO] CodeEngine:289 - Generated code: D:\BITSILICA_WORKSHEETS\STM32L476RG\STM32F407G\111\USB_HOST\App\usb_host.h
2025-11-21 12:13:57,322 [INFO] CodeEngine:265 - oldGeneratedFile, D:\BITSILICA_WORKSHEETS\STM32L476RG\STM32F407G\111\USB_HOST\Target\usbh_conf.h_save
2025-11-21 12:13:58,224 [INFO] CodeEngine:289 - Generated code: D:\BITSILICA_WORKSHEETS\STM32L476RG\STM32F407G\111\USB_HOST\Target\usbh_conf.h
2025-11-21 12:13:59,535 [INFO] CodeEngine:265 - oldGeneratedFile, D:\BITSILICA_WORKSHEETS\STM32L476RG\STM32F407G\111\USB_HOST\Target\usbh_conf.c_save
2025-11-21 12:14:01,019 [INFO] CodeEngine:289 - Generated code: D:\BITSILICA_WORKSHEETS\STM32L476RG\STM32F407G\111\USB_HOST\Target\usbh_conf.c
2025-11-21 12:14:01,366 [INFO] CodeEngine:265 - oldGeneratedFile, D:\BITSILICA_WORKSHEETS\STM32L476RG\STM32F407G\111\USB_HOST\Target\usbh_platform.c_save
2025-11-21 12:14:02,102 [INFO] CodeEngine:289 - Generated code: D:\BITSILICA_WORKSHEETS\STM32L476RG\STM32F407G\111\USB_HOST\Target\usbh_platform.c
2025-11-21 12:14:02,110 [INFO] CodeEngine:265 - oldGeneratedFile, D:\BITSILICA_WORKSHEETS\STM32L476RG\STM32F407G\111\USB_HOST\Target\usbh_platform.h_save
2025-11-21 12:14:02,220 [INFO] CodeEngine:289 - Generated code: D:\BITSILICA_WORKSHEETS\STM32L476RG\STM32F407G\111\USB_HOST\Target\usbh_platform.h
2025-11-21 12:14:02,257 [INFO] CodeEngine:265 - oldGeneratedFile, D:\BITSILICA_WORKSHEETS\STM32L476RG\STM32F407G\111\Core\Src\stm32f4xx_it.c_save
2025-11-21 12:14:05,024 [INFO] CodeEngine:289 - Generated code: D:\BITSILICA_WORKSHEETS\STM32L476RG\STM32F407G\111\Core\Src\stm32f4xx_it.c
2025-11-21 12:14:05,050 [INFO] CodeEngine:265 - oldGeneratedFile, D:\BITSILICA_WORKSHEETS\STM32L476RG\STM32F407G\111\Core\Inc\stm32f4xx_it.h_save
2025-11-21 12:14:05,283 [INFO] CodeEngine:289 - Generated code: D:\BITSILICA_WORKSHEETS\STM32L476RG\STM32F407G\111\Core\Inc\stm32f4xx_it.h
2025-11-21 12:14:05,382 [INFO] CodeEngine:265 - oldGeneratedFile, D:\BITSILICA_WORKSHEETS\STM32L476RG\STM32F407G\111\Core\Src\stm32f4xx_hal_msp.c_save
2025-11-21 12:14:07,415 [INFO] CodeEngine:289 - Generated code: D:\BITSILICA_WORKSHEETS\STM32L476RG\STM32F407G\111\Core\Src\stm32f4xx_hal_msp.c
2025-11-21 12:14:08,352 [INFO] CodeEngine:265 - oldGeneratedFile, D:\BITSILICA_WORKSHEETS\STM32L476RG\STM32F407G\111\MXTmpFiles\system.tmp_save
2025-11-21 12:14:08,713 [INFO] CodeEngine:289 - Generated code: D:\BITSILICA_WORKSHEETS\STM32L476RG\STM32F407G\111\MXTmpFiles\system.tmp
2025-11-21 12:14:08,848 [INFO] CodeEngine:321 - oldGeneratedFile, D:\BITSILICA_WORKSHEETS\STM32L476RG\STM32F407G\111\Core\Inc\stm32f4xx_hal_conf.h_save
2025-11-21 12:14:09,025 [INFO] CodeEngine:345 - Generated code: D:\BITSILICA_WORKSHEETS\STM32L476RG\STM32F407G\111\Core\Inc\stm32f4xx_hal_conf.h
2025-11-21 12:14:12,489 [INFO] ApiDbMcu:532 - Load IP Config File for I2C1
2025-11-21 12:14:12,497 [INFO] ApiDbMcu:532 - Load IP Config File for I2S3
2025-11-21 12:14:12,505 [INFO] ApiDbMcu:532 - Load IP Config File for SPI1
2025-11-21 12:14:12,828 [INFO] ApiDbMcu:532 - Load IP Config File for RCC
2025-11-21 12:14:13,072 [INFO] CodeEngine:265 - oldGeneratedFile, D:\BITSILICA_WORKSHEETS\STM32L476RG\STM32F407G\111\Core\Inc\main.h_save
2025-11-21 12:14:16,119 [INFO] CodeEngine:289 - Generated code: D:\BITSILICA_WORKSHEETS\STM32L476RG\STM32F407G\111\Core\Inc\main.h
2025-11-21 12:14:16,212 [INFO] CodeEngine:265 - oldGeneratedFile, D:\BITSILICA_WORKSHEETS\STM32L476RG\STM32F407G\111\Core\Src\main.c_save
2025-11-21 12:14:18,827 [INFO] CodeEngine:289 - Generated code: D:\BITSILICA_WORKSHEETS\STM32L476RG\STM32F407G\111\Core\Src\main.c
2025-11-21 12:14:30,765 [INFO] ProjectBuilder:3606 - Time for Copy HAL[1] : 10779mS.
2025-11-21 12:14:31,488 [INFO] ProjectBuilder:5216 - Project Generator version: 4.7.0-B52
2025-11-21 12:14:33,128 [INFO] ConfigFileManager:1595 - The Die is : DIE413
2025-11-21 12:14:33,144 [INFO] ApiDbMcu:532 - Load IP Config File for FATFS
2025-11-21 12:14:33,302 [INFO] ApiDbMcu:532 - Load IP Config File for FREERTOS
2025-11-21 12:14:33,305 [INFO] ApiDbMcu:532 - Load IP Config File for LIBJPEG
2025-11-21 12:14:33,313 [INFO] ApiDbMcu:532 - Load IP Config File for LWIP
2025-11-21 12:14:33,324 [INFO] ApiDbMcu:532 - Load IP Config File for MBEDTLS
2025-11-21 12:14:33,336 [INFO] ApiDbMcu:532 - Load IP Config File for USB_DEVICE
2025-11-21 12:15:00,798 [INFO] LogOutputStream:77 - [STDOUT_REDIRECT] 
2025-11-21 12:16:33,403 [INFO] ProjectBuilder:5496 - Time for Generating toolchain IDE Files: 121914mS.
2025-11-21 12:16:33,405 [INFO] ProjectBuilder:3463 - Time for Copy CMSIS : 1mS.
2025-11-21 12:16:33,440 [INFO] ProjectBuilder:3463 - Time for Copy CMSIS : 0mS.
2025-11-21 12:16:40,289 [INFO] McuFinderGlobals:76 - Set McuFinderConnectedMode to true
2025-11-21 12:16:40,570 [INFO] ApiDb:448 - Save user favorites file C:\Users\augus/.stm32cubeide/favorites.mcus.txt: 0 item(s)
2025-11-21 12:16:40,570 [INFO] ApiDb:452 - User favorites MCUs=[]
2025-11-21 12:16:40,689 [INFO] ApiDb:448 - Save user favorites file C:\Users\augus/.stm32cubeide/favorites.boards.txt: 1 item(s)
2025-11-21 12:16:40,689 [INFO] ApiDb:452 - User favorites Boards=[NUCLEO-L476RG]
2025-11-21 12:27:27,593 [INFO] I2sManager:658 - 9.6E7
2025-11-21 12:27:27,625 [INFO] I2sManager:195 - I2S Clock Value : 9.6E7
2025-11-21 12:27:27,626 [INFO] I2sManager:553 - AudioClock : 93750Divider : 2Odd : 0
2025-11-21 12:29:21,534 [INFO] MainUpdater:2872 - connection check result : 10
2025-11-21 12:29:21,877 [INFO] McuFinderGlobals:76 - Set McuFinderConnectedMode to true
2025-11-21 12:29:21,879 [INFO] MultiScanPanel:200 - Auto-refresh data requested => check proxy status ongoing
2025-11-21 12:29:21,881 [INFO] FinderPluginLoader:96 - Searching for filters in installed packs
2025-11-21 12:29:26,607 [INFO] LoadUrlFilesThread:185 - End of LoadServerUrlFiles without Thread
2025-11-21 12:29:26,607 [INFO] DetailPanel:341 - Set advertising image to C:/Users/augus/STM32Cube/Repository/\en.mcu-finder-preevent.jpg
2025-11-21 12:30:20,346 [INFO] MainUpdater:2872 - connection check result : 10
2025-11-21 12:30:20,347 [INFO] MainUpdater:2872 - connection check result : 10
2025-11-21 12:30:21,044 [ERROR] IocParser:57 - IOException caught: D:\BITSILICA_WORKSHEETS\STM32L476RG\STM32F407G\111\111.ioc (The system cannot find the path specified)
2025-11-21 12:30:21,158 [ERROR] PeripheralListParser:95 - Something went wrong with ioc file reading: D:\BITSILICA_WORKSHEETS\STM32L476RG\STM32F407G\111\111.ioc (The system cannot find the path specified)
2025-11-21 12:30:21,159 [ERROR] RegexParser:59 - Issue caught when parsing regex: D:\BITSILICA_WORKSHEETS\STM32L476RG\STM32F407G\111\111.ioc (The system cannot find the path specified)
2025-11-21 12:30:24,374 [INFO] I2sManager:658 - 9.6E7
2025-11-21 12:30:24,374 [INFO] I2sManager:195 - I2S Clock Value : 9.6E7
2025-11-21 12:30:24,374 [INFO] I2sManager:553 - AudioClock : 93750Divider : 2Odd : 0
2025-11-21 12:30:24,855 [INFO] MicroXplorer:468 - Change Database Path : 
2025-11-21 12:30:24,855 [INFO] MicroXplorer:498 - Change Database Version : DB.6.0.150
2025-11-21 12:30:25,883 [ERROR] ProjectManagerView:395 - 
java.lang.NullPointerException: Cannot invoke "javax.swing.JTextField.getText()" because the return value of "java.util.List.get(int)" is null
	at com.st.microxplorer.plugins.projectmanager.gui.ProjectChoiceTab$9.caretUpdate(ProjectChoiceTab.java:2706) ~[filemanager.jar:?]
	at javax.swing.text.JTextComponent.fireCaretUpdate(JTextComponent.java:408) ~[?:?]
	at javax.swing.text.JTextComponent$MutableCaretEvent.fire(JTextComponent.java:4484) ~[?:?]
	at javax.swing.text.JTextComponent$MutableCaretEvent.stateChanged(JTextComponent.java:4506) ~[?:?]
	at javax.swing.text.DefaultCaret.fireStateChanged(DefaultCaret.java:857) ~[?:?]
	at javax.swing.text.DefaultCaret.changeCaretPosition(DefaultCaret.java:1343) ~[?:?]
	at javax.swing.text.DefaultCaret.handleSetDot(DefaultCaret.java:1242) ~[?:?]
	at javax.swing.text.DefaultCaret.setDot(DefaultCaret.java:1223) ~[?:?]
	at javax.swing.text.DefaultCaret$Handler.insertUpdate(DefaultCaret.java:1819) ~[?:?]
	at javax.swing.text.AbstractDocument.fireInsertUpdate(AbstractDocument.java:227) ~[?:?]
	at javax.swing.text.AbstractDocument.handleInsertString(AbstractDocument.java:781) ~[?:?]
	at javax.swing.text.AbstractDocument.insertString(AbstractDocument.java:740) ~[?:?]
	at javax.swing.text.PlainDocument.insertString(PlainDocument.java:131) ~[?:?]
	at javax.swing.text.AbstractDocument.replace(AbstractDocument.java:699) ~[?:?]
	at javax.swing.text.JTextComponent.setText(JTextComponent.java:1725) ~[?:?]
	at com.st.microxplorer.plugins.projectmanager.gui.ProjectChoiceTab.createHeapStackFields(ProjectChoiceTab.java:993) ~[filemanager.jar:?]
	at com.st.microxplorer.plugins.projectmanager.gui.ProjectChoiceTab.buildLinkSettingsPanel(ProjectChoiceTab.java:3813) ~[filemanager.jar:?]
	at com.st.microxplorer.plugins.projectmanager.gui.ProjectChoiceTab.defineWindowsFields(ProjectChoiceTab.java:1987) ~[filemanager.jar:?]
	at com.st.microxplorer.plugins.projectmanager.gui.ProjectChoiceTab.updateSettings(ProjectChoiceTab.java:558) ~[filemanager.jar:?]
	at com.st.microxplorer.plugins.projectmanager.gui.ProjectSettingsPanel.UpdateDialog(ProjectSettingsPanel.java:247) ~[filemanager.jar:?]
	at com.st.microxplorer.plugins.projectmanager.ProjectManagerView.propertyChange(ProjectManagerView.java:392) ~[filemanager.jar:?]
	at java.beans.PropertyChangeSupport.fire(PropertyChangeSupport.java:343) ~[?:?]
	at java.beans.PropertyChangeSupport.firePropertyChange(PropertyChangeSupport.java:335) ~[?:?]
	at java.beans.PropertyChangeSupport.firePropertyChange(PropertyChangeSupport.java:268) ~[?:?]
	at com.st.microxplorer.util.MXPropertyChangeSupport.firePropertyChange(MXPropertyChangeSupport.java:54) ~[STM32CubeMX.jar:?]
	at com.st.microxplorer.mxsystem.MxSystem.closeConfig(MxSystem.java:899) ~[STM32CubeMX.jar:?]
	at com.st.microxplorer.maingui.MainPanel.closeConfig(MainPanel.java:792) ~[STM32CubeMX.jar:?]
	at com.st.microxplorer.plugins.filemanager.engine.OpenFileManager.loadConfigurationFile(OpenFileManager.java:288) ~[filemanager.jar:?]
	at com.st.microxplorer.plugins.filemanager.engine.MainFileManager.userLoadConfig(MainFileManager.java:364) ~[filemanager.jar:?]
	at com.st.microxplorer.plugins.filemanager.engine.MainFileManager.userLoadConfig(MainFileManager.java:342) ~[filemanager.jar:?]
	at com.st.microxplorer.plugins.filemanager.FileManagerView.getSpecificTask(FileManagerView.java:264) ~[filemanager.jar:?]
	at com.st.stm32cube.common.mx.editor.CubeMxEditor.getMxTabbedPaneInstance(CubeMxEditor.java:1198) ~[com.st.stm32cube.common.mx_6.15.0.202507011659/:?]
	at com.st.stm32cube.common.mx.editor.CubeMxEditor$12$1.createSwingComponent(CubeMxEditor.java:1068) ~[com.st.stm32cube.common.mx_6.15.0.202507011659/:?]
	at com.st.stm32cube.common.mx.oss.core.awtswtbridge.EmbeddedSwingComposite.doComponentCreation(EmbeddedSwingComposite.java:492) ~[com.st.stm32cube.common.mx.oss_6.15.0.202507011659/:?]
	at com.st.stm32cube.common.mx.oss.core.awtswtbridge.EmbeddedSwingComposite$4.run(EmbeddedSwingComposite.java:291) ~[com.st.stm32cube.common.mx.oss_6.15.0.202507011659/:?]
	at com.st.stm32cube.common.mx.oss.core.awtswtbridge.AwtEnvironment$2.run(AwtEnvironment.java:166) ~[com.st.stm32cube.common.mx.oss_6.15.0.202507011659/:?]
	at java.awt.event.InvocationEvent.dispatch(InvocationEvent.java:318) ~[?:?]
	at java.awt.EventQueue.dispatchEventImpl(EventQueue.java:773) ~[?:?]
	at java.awt.EventQueue$4.run(EventQueue.java:720) ~[?:?]
	at java.awt.EventQueue$4.run(EventQueue.java:714) ~[?:?]
	at java.security.AccessController.doPrivileged(AccessController.java:400) ~[?:?]
	at java.security.ProtectionDomain$JavaSecurityAccessImpl.doIntersectionPrivilege(ProtectionDomain.java:87) ~[?:?]
	at java.awt.EventQueue.dispatchEvent(EventQueue.java:742) ~[?:?]
	at java.awt.EventDispatchThread.pumpOneEventForFilters(EventDispatchThread.java:203) ~[?:?]
	at java.awt.EventDispatchThread.pumpEventsForFilter(EventDispatchThread.java:124) ~[?:?]
	at java.awt.EventDispatchThread.pumpEventsForHierarchy(EventDispatchThread.java:113) ~[?:?]
	at java.awt.EventDispatchThread.pumpEvents(EventDispatchThread.java:109) ~[?:?]
	at java.awt.EventDispatchThread.pumpEvents(EventDispatchThread.java:101) ~[?:?]
	at java.awt.EventDispatchThread.run(EventDispatchThread.java:90) ~[?:?]
2025-11-21 12:30:25,904 [WARN] ThirdParty:871 - waiting for thirdparty lock release [close project]
2025-11-21 12:30:25,905 [INFO] ThirdParty:873 - entering critical section [close project]
2025-11-21 12:30:25,920 [INFO] ThirdParty:883 - exiting critical section [close project]
2025-11-21 12:30:25,950 [INFO] PinOutPanel:1589 - setPackage(No Configuration,No Configuration)
2025-11-21 12:30:26,253 [WARN] IpParametersView:155 - Warning: This peripheral hasn't parameters
2025-11-21 12:30:26,374 [WARN] MainPanel:289 - <html><b><center>Warning: This peripheral has no parameters to be configured<br></b></html>
2025-11-21 12:30:26,480 [INFO] UtilMem:75 - Begin LoadConfig() Used Memory: 798762888 Bytes (1073741824)
2025-11-21 12:30:26,481 [INFO] MicroXplorer:468 - Change Database Path : 
2025-11-21 12:30:26,507 [INFO] MicroXplorer:498 - Change Database Version : DB.6.0.150
2025-11-21 12:30:26,507 [INFO] OpenFileManager:355 - Change cursor
2025-11-21 12:30:26,814 [INFO] RulesReader:64 - Compatibility file has been processed (317 Rules)
2025-11-21 12:30:26,983 [INFO] Mcu:2029 - Initializing MCU STM32F407VGTx STM32F407VGTx STM32F407VGT6
2025-11-21 12:30:37,314 [INFO] Context:786 - Trying to add GPIOservice into a context  which must be forbidden
2025-11-21 12:30:39,464 [INFO] ImportTextPane:234 - (OptionalMessage_ERROR) Unable to find key (Mcu.ThirdPartyNb) in loaded IOC file
2025-11-21 12:30:39,465 [INFO] ImportTextPane:234 - (OptionalMessage_ERROR) Unable to find key (Mcu.PinsNb) in loaded IOC file
2025-11-21 12:30:39,466 [INFO] ImportTextPane:234 - (OptionalMessage_ERROR) Pin0 (VP_RIF_VS_RIF1) cannot be retrieved for this MCU
2025-11-21 12:30:39,466 [INFO] ImportTextPane:234 - (OptionalMessage_ERROR) Unable to find key (Mcu.IPNb) in loaded IOC file
2025-11-21 12:30:39,647 [INFO] RtosManager:558 - Registered RTOS mode: class=CMSIS, group=RTOS, mode=CMSIS_V1, owner=FREERTOS
2025-11-21 12:30:39,647 [INFO] RtosManager:558 - Registered RTOS mode: class=CMSIS, group=RTOS2, mode=CMSIS_V2, owner=FREERTOS
2025-11-21 12:30:39,647 [INFO] RtosManager:558 - Registered RTOS mode: class=RTOS, group=Core, mode=CMSIS_V1, owner=FREERTOS
2025-11-21 12:30:39,647 [INFO] RtosManager:558 - Registered RTOS mode: class=RTOS, group=Core, mode=CMSIS_V2, owner=FREERTOS
2025-11-21 12:30:39,647 [WARN] ModelIntegratedComponent:184 - Missing modes for component STMicroelectronics:FreeRTOS:0.0.1:STMicroelectronics:RTOS:FreeRTOS:Core:::10.2.0:
2025-11-21 12:30:39,680 [WARN] ModelIntegratedComponent:63 - No mode defined for component null
2025-11-21 12:30:39,680 [WARN] ModelIntegratedComponent:63 - No mode defined for component null
2025-11-21 12:30:39,680 [WARN] ModelIntegratedComponent:63 - No mode defined for component null
2025-11-21 12:30:39,681 [WARN] ModelIntegratedComponent:63 - No mode defined for component null
2025-11-21 12:30:39,681 [WARN] ModelIntegratedComponent:63 - No mode defined for component null
2025-11-21 12:30:39,681 [WARN] ModelIntegratedComponent:63 - No mode defined for component null
2025-11-21 12:30:39,681 [WARN] ModelIntegratedComponent:63 - No mode defined for component null
2025-11-21 12:30:39,681 [WARN] ModelIntegratedComponent:63 - No mode defined for component null
2025-11-21 12:30:39,681 [WARN] ModelIntegratedComponent:63 - No mode defined for component null
2025-11-21 12:30:39,681 [WARN] ModelIntegratedComponent:63 - No mode defined for component null
2025-11-21 12:30:39,681 [WARN] ModelIntegratedComponent:63 - No mode defined for component null
2025-11-21 12:30:39,681 [WARN] ModelIntegratedComponent:63 - No mode defined for component null
2025-11-21 12:30:39,681 [WARN] ModelIntegratedComponent:63 - No mode defined for component null
2025-11-21 12:30:39,681 [WARN] ModelIntegratedComponent:63 - No mode defined for component null
2025-11-21 12:30:39,682 [WARN] ModelIntegratedComponent:63 - No mode defined for component null
2025-11-21 12:30:39,682 [WARN] ModelIntegratedComponent:63 - No mode defined for component null
2025-11-21 12:30:39,682 [WARN] ModelIntegratedComponent:63 - No mode defined for component null
2025-11-21 12:30:39,682 [WARN] ModelIntegratedComponent:63 - No mode defined for component null
2025-11-21 12:30:39,682 [WARN] ModelIntegratedComponent:63 - No mode defined for component null
2025-11-21 12:30:39,682 [WARN] ModelIntegratedComponent:63 - No mode defined for component null
2025-11-21 12:30:39,682 [WARN] ModelIntegratedComponent:63 - No mode defined for component null
2025-11-21 12:30:39,682 [WARN] ModelIntegratedComponent:63 - No mode defined for component null
2025-11-21 12:30:39,682 [WARN] ModelIntegratedComponent:63 - No mode defined for component null
2025-11-21 12:30:39,683 [WARN] ModelIntegratedComponent:63 - No mode defined for component null
2025-11-21 12:30:39,683 [WARN] ModelIntegratedComponent:63 - No mode defined for component null
2025-11-21 12:30:39,683 [WARN] ModelIntegratedComponent:63 - No mode defined for component null
2025-11-21 12:30:39,683 [WARN] ModelIntegratedComponent:63 - No mode defined for component null
2025-11-21 12:30:39,683 [WARN] ModelIntegratedComponent:63 - No mode defined for component null
2025-11-21 12:30:39,683 [WARN] ModelIntegratedComponent:63 - No mode defined for component null
2025-11-21 12:30:39,683 [WARN] ModelIntegratedComponent:63 - No mode defined for component null
2025-11-21 12:30:39,683 [WARN] ModelIntegratedComponent:63 - No mode defined for component null
2025-11-21 12:30:39,683 [WARN] ModelIntegratedComponent:63 - No mode defined for component null
2025-11-21 12:30:39,684 [WARN] ModelIntegratedComponent:63 - No mode defined for component null
2025-11-21 12:30:39,684 [WARN] ModelIntegratedComponent:63 - No mode defined for component null
2025-11-21 12:30:39,684 [WARN] ModelIntegratedComponent:63 - No mode defined for component null
2025-11-21 12:30:39,685 [WARN] ModelPack:524 - Component already loaded: STMicroelectronics:HAL Drivers:0.0.0:STMicroelectronics:Device:STMicro_Driver:XSPI:HAL::0.0.1:HAL_XSPI
2025-11-21 12:30:39,897 [INFO] ThirdPartyModel:298 - Start build external matchings
2025-11-21 12:30:41,290 [INFO] ThirdPartyModel:316 - End build external matchings
2025-11-21 12:30:42,038 [INFO] UtilMem:75 - End LoadConfig() Used Memory: 745885688 Bytes (1073741824)
2025-11-21 12:30:42,134 [WARN] ThirdParty:833 - waiting for thirdparty lock release [change project]
2025-11-21 12:30:42,135 [INFO] ThirdParty:835 - entering critical section [change project]
2025-11-21 12:30:42,135 [INFO] ThirdParty:1030 - CMSIS Pack Vendor :STMicroelectronics X-CUBE-PM33A1 1.0.0
2025-11-21 12:30:42,135 [INFO] ThirdParty:1030 - CMSIS Pack Vendor :STMicroelectronics USBPD 4.1
2025-11-21 12:30:42,136 [INFO] ThirdParty:1030 - CMSIS Pack Vendor :STMicroelectronics X-CUBE-NFC9 1.0.0
2025-11-21 12:30:42,136 [INFO] ThirdParty:1030 - CMSIS Pack Vendor :STMicroelectronics USB_HOST 2.0.0
2025-11-21 12:30:42,136 [INFO] ThirdParty:1030 - CMSIS Pack Vendor :STMicroelectronics FP-SNS-MOTENVWB1 1.4.0
2025-11-21 12:30:42,136 [INFO] ThirdParty:1030 - CMSIS Pack Vendor :STMicroelectronics X-CUBE-AZRTOS-F4 1.1.0
2025-11-21 12:30:42,136 [INFO] ThirdParty:1030 - CMSIS Pack Vendor :STMicroelectronics LIBJPEG 8.0.0
2025-11-21 12:30:42,136 [INFO] ThirdParty:1030 - CMSIS Pack Vendor :STMicroelectronics FP-ATR-ASTRA1 2.0.2
2025-11-21 12:30:42,137 [INFO] ThirdParty:1030 - CMSIS Pack Vendor :wolfSSL I-CUBE-wolfSSL 5.8.2
2025-11-21 12:30:42,137 [INFO] ThirdParty:1030 - CMSIS Pack Vendor :STMicroelectronics X-CUBE-BLE1 7.1.0
2025-11-21 12:30:42,137 [INFO] ThirdParty:1030 - CMSIS Pack Vendor :STMicroelectronics X-CUBE-SMBUS 2.1.0
2025-11-21 12:30:42,137 [INFO] ThirdParty:1030 - CMSIS Pack Vendor :wolfSSL I-CUBE-wolfMQTT 1.19.2
2025-11-21 12:30:42,137 [INFO] ThirdParty:1030 - CMSIS Pack Vendor :STMicroelectronics USB_DEVICE 3.0.0
2025-11-21 12:30:42,137 [INFO] ThirdParty:1030 - CMSIS Pack Vendor :STMicroelectronics X-CUBE-ISPU 2.1.0
2025-11-21 12:30:42,138 [INFO] ThirdParty:1030 - CMSIS Pack Vendor :STMicroelectronics X-CUBE-EEPRMA1 5.2.0
2025-11-21 12:30:42,138 [INFO] ThirdParty:1030 - CMSIS Pack Vendor :STMicroelectronics X-CUBE-IPS 3.2.0
2025-11-21 12:30:42,138 [INFO] ThirdParty:1030 - CMSIS Pack Vendor :STMicroelectronics X-CUBE-BLEMGR 4.1.0
2025-11-21 12:30:42,138 [INFO] ThirdParty:1030 - CMSIS Pack Vendor :STMicroelectronics X-CUBE-AZRTOS-WB 2.0.0
2025-11-21 12:30:42,138 [INFO] ThirdParty:1030 - CMSIS Pack Vendor :STMicroelectronics X-CUBE-NFC12 1.0.0
2025-11-21 12:30:42,138 [INFO] ThirdParty:1030 - CMSIS Pack Vendor :STMicroelectronics X-CUBE-AZRTOS-F7 1.1.0
2025-11-21 12:30:42,138 [INFO] ThirdParty:1030 - CMSIS Pack Vendor :STMicroelectronics X-CUBE-AZRTOS-L5 2.0.0
2025-11-21 12:30:42,139 [INFO] ThirdParty:1030 - CMSIS Pack Vendor :STMicroelectronics USB_DEVICE 2.0.0
2025-11-21 12:30:42,139 [INFO] ThirdParty:1030 - CMSIS Pack Vendor :STMicroelectronics X-CUBE-NFC6 3.1.0
2025-11-21 12:30:42,139 [INFO] ThirdParty:1030 - CMSIS Pack Vendor :STMicroelectronics X-CUBE-ST67W61 1.1.0
2025-11-21 12:30:42,139 [INFO] ThirdParty:1030 - CMSIS Pack Vendor :Cesanta I-CUBE-Mongoose 7.19.0
2025-11-21 12:30:42,139 [INFO] ThirdParty:1030 - CMSIS Pack Vendor :quantropi X-CUBE-qispace-sdk-base 2.1.0
2025-11-21 12:30:42,139 [INFO] ThirdParty:1030 - CMSIS Pack Vendor :STMicroelectronics FP-SNS-MOTENV1 5.1.0
2025-11-21 12:30:42,139 [INFO] ThirdParty:1030 - CMSIS Pack Vendor :STMicroelectronics FreeRTOS 0.0.1
2025-11-21 12:30:42,139 [INFO] ThirdParty:1030 - CMSIS Pack Vendor :STMicroelectronics X-CUBE-AZRTOS-G0 1.1.0
2025-11-21 12:30:42,140 [INFO] ThirdParty:1030 - CMSIS Pack Vendor :STMicroelectronics X-CUBE-NFC4 3.0.0
2025-11-21 12:30:42,140 [INFO] ThirdParty:1030 - CMSIS Pack Vendor :STMicroelectronics X-CUBE-SUBG2 5.0.0
2025-11-21 12:30:42,140 [INFO] ThirdParty:1030 - CMSIS Pack Vendor :STMicroelectronics X-CUBE-AZRTOS-H7RS 1.1.0
2025-11-21 12:30:42,140 [INFO] ThirdParty:1030 - CMSIS Pack Vendor :STMicroelectronics STM32_WPAN 1.0.0
2025-11-21 12:30:42,140 [INFO] ThirdParty:1030 - CMSIS Pack Vendor :EmbeddedOffice I-CUBE-FS-RTOS 1.0.1
2025-11-21 12:30:42,140 [INFO] ThirdParty:1030 - CMSIS Pack Vendor :STMicroelectronics lwIP 2.0.3
2025-11-21 12:30:42,140 [INFO] ThirdParty:1030 - CMSIS Pack Vendor :WES I-CUBE-Cesium 1.4.0
2025-11-21 12:30:42,140 [INFO] ThirdParty:1030 - CMSIS Pack Vendor :STMicroelectronics USB_HOST 1.0.0
2025-11-21 12:30:42,140 [INFO] ThirdParty:1030 - CMSIS Pack Vendor :Infineon AIROC-Wi-Fi-Bluetooth-STM32 1.7.1
2025-11-21 12:30:42,140 [INFO] ThirdParty:1030 - CMSIS Pack Vendor :STMicroelectronics X-CUBE-AZRTOS-G4 2.0.0
2025-11-21 12:30:42,140 [INFO] ThirdParty:1030 - CMSIS Pack Vendor :STMicroelectronics X-CUBE-WB05N 2.0.0
2025-11-21 12:30:42,142 [INFO] ThirdParty:1030 - CMSIS Pack Vendor :STMicroelectronics PDM2PCM 3.1.0
2025-11-21 12:30:42,142 [INFO] ThirdParty:1030 - CMSIS Pack Vendor :STMicroelectronics PDM2PCM 3.3.0
2025-11-21 12:30:42,142 [INFO] ThirdParty:1030 - CMSIS Pack Vendor :wolfSSL I-CUBE-wolfTPM 3.8.0
2025-11-21 12:30:42,142 [INFO] ThirdParty:1030 - CMSIS Pack Vendor :STMicroelectronics X-CUBE-AZRTOS-H7 3.4.0
2025-11-21 12:30:42,142 [INFO] ThirdParty:1030 - CMSIS Pack Vendor :STMicroelectronics X-CUBE-DISPLAY 3.0.0
2025-11-21 12:30:42,142 [INFO] ThirdParty:1030 - CMSIS Pack Vendor :wolfSSL I-CUBE-wolfSSH 1.4.20
2025-11-21 12:30:42,142 [INFO] ThirdParty:1030 - CMSIS Pack Vendor :STMicroelectronics X-CUBE-NFC7 2.0.0
2025-11-21 12:30:42,142 [INFO] ThirdParty:1030 - CMSIS Pack Vendor :STMicroelectronics X-CUBE-TCPP 4.2.0
2025-11-21 12:30:42,142 [INFO] ThirdParty:1030 - CMSIS Pack Vendor :RealThread X-CUBE-RT-Thread_Nano 4.1.1
2025-11-21 12:30:42,142 [INFO] ThirdParty:1030 - CMSIS Pack Vendor :STMicroelectronics FP-ATR-SIGFOX1 3.2.0
2025-11-21 12:30:42,143 [INFO] ThirdParty:1030 - CMSIS Pack Vendor :STMicroelectronics X-CUBE-NFC10 1.0.0
2025-11-21 12:30:42,143 [INFO] ThirdParty:1030 - CMSIS Pack Vendor :STMicroelectronics X-CUBE-FREERTOS 1.3.1
2025-11-21 12:30:42,143 [INFO] ThirdParty:1030 - CMSIS Pack Vendor :STMicroelectronics HAL Drivers 0.0.0
2025-11-21 12:30:42,143 [INFO] ThirdParty:1030 - CMSIS Pack Vendor :STMicroelectronics MBEDTLS 2.16.2
2025-11-21 12:30:42,143 [INFO] ThirdParty:1030 - CMSIS Pack Vendor :STMicroelectronics X-CUBE-ST60 1.1.0
2025-11-21 12:30:42,143 [INFO] ThirdParty:1030 - CMSIS Pack Vendor :STMicroelectronics X-CUBE-ALS 1.0.2
2025-11-21 12:30:42,143 [INFO] ThirdParty:1030 - CMSIS Pack Vendor :emotas I-CUBE-CANOPEN 1.3.0
2025-11-21 12:30:42,143 [INFO] ThirdParty:1030 - CMSIS Pack Vendor :STMicroelectronics MBEDTLS 2.14.1
2025-11-21 12:30:42,143 [INFO] ThirdParty:1030 - CMSIS Pack Vendor :STMicroelectronics X-CUBE-GNSS1 7.1.0
2025-11-21 12:30:42,143 [INFO] ThirdParty:1030 - CMSIS Pack Vendor :ITTIA_DB I-CUBE-ITTIADB 8.9.0
2025-11-21 12:30:42,143 [INFO] ThirdParty:1030 - CMSIS Pack Vendor :STMicroelectronics X-CUBE-TOUCHGFX 4.26.0
2025-11-21 12:30:42,143 [INFO] ThirdParty:1030 - CMSIS Pack Vendor :STMicroelectronics X-CUBE-STSE01 1.0.0
2025-11-21 12:30:42,143 [INFO] ThirdParty:1030 - CMSIS Pack Vendor :STMicroelectronics FP-SNS-STBOX1 2.1.0
2025-11-21 12:30:42,144 [INFO] ThirdParty:1030 - CMSIS Pack Vendor :STMicroelectronics X-CUBE-AI 10.2.0
2025-11-21 12:30:42,144 [INFO] ThirdParty:1030 - CMSIS Pack Vendor :STMicroelectronics FP-SNS-STAIOTCFT 1.0.0
2025-11-21 12:30:42,144 [INFO] ThirdParty:1030 - CMSIS Pack Vendor :STMicroelectronics ThreadX 1.0.0
2025-11-21 12:30:42,144 [INFO] ThirdParty:1030 - CMSIS Pack Vendor :STMicroelectronics FP-SNS-SMARTAG2 1.2.0
2025-11-21 12:30:42,144 [INFO] ThirdParty:1030 - CMSIS Pack Vendor :STMicroelectronics FP-SNS-FLIGHT1 5.1.0
2025-11-21 12:30:42,144 [INFO] ThirdParty:1030 - CMSIS Pack Vendor :STMicroelectronics X-CUBE-AZRTOS-WL 2.0.0
2025-11-21 12:30:42,144 [INFO] ThirdParty:1030 - CMSIS Pack Vendor :SEGGER I-CUBE-embOS 1.3.1
2025-11-21 12:30:42,144 [INFO] ThirdParty:1030 - CMSIS Pack Vendor :STMicroelectronics X-CUBE-ALGOBUILD 1.4.0
2025-11-21 12:30:42,144 [INFO] ThirdParty:1030 - CMSIS Pack Vendor :STMicroelectronics X-CUBE-DPower 1.3.0
2025-11-21 12:30:42,144 [INFO] ThirdParty:1030 - CMSIS Pack Vendor :STMicroelectronics X-CUBE-MEMS1 11.3.0
2025-11-21 12:30:42,144 [INFO] ThirdParty:1030 - CMSIS Pack Vendor :STMicroelectronics USB_DEVICE 1.0.0
2025-11-21 12:30:42,146 [INFO] ThirdParty:1030 - CMSIS Pack Vendor :STMicroelectronics X-CUBE-AZRTOS-L4 2.0.0
2025-11-21 12:30:42,146 [INFO] ThirdParty:1030 - CMSIS Pack Vendor :STMicroelectronics ThreadX 0.0.2
2025-11-21 12:30:42,146 [INFO] ThirdParty:1030 - CMSIS Pack Vendor :STMicroelectronics lwIP 2.1.2
2025-11-21 12:30:42,146 [INFO] ThirdParty:1030 - CMSIS Pack Vendor :STMicroelectronics X-CUBE-SFXS2LP1 4.0.0
2025-11-21 12:30:42,146 [INFO] ThirdParty:1030 - CMSIS Pack Vendor :STMicroelectronics X-CUBE-BLE2 3.3.0
2025-11-21 12:30:42,146 [INFO] ThirdParty:1030 - CMSIS Pack Vendor :Avnet-IOTCONNECT X-CUBE-iotc-st67-sdk 1.0.0
2025-11-21 12:30:42,146 [INFO] ThirdParty:1030 - CMSIS Pack Vendor :STMicroelectronics X-CUBE-TOF1 3.4.3
2025-11-21 12:30:42,146 [INFO] ThirdParty:1030 - CMSIS Pack Vendor :STMicroelectronics PDM2PCM 3.2.0
2025-11-21 12:30:42,146 [INFO] ThirdParty:841 - exiting critical section [change project]
2025-11-21 12:30:42,657 [INFO] PinOutPanel:1589 - setPackage(No Configuration,No Configuration)
2025-11-21 12:30:42,719 [INFO] PinOutPanel:1589 - setPackage(STM32F407VGTx,LQFP100)
2025-11-21 12:30:43,354 [INFO] UtilMem:75 - Before build in PCC Used Memory: 975001592 Bytes (1073741824)
2025-11-21 12:30:44,432 [INFO] UtilMem:75 - After build in PCC Used Memory: 723912480 Bytes (1073741824)
2025-11-21 12:30:44,461 [INFO] IPUIPlugin:80 - create IPUIPlugin
2025-11-21 12:30:44,461 [INFO] IPUIPlugin:80 - create IPUIPlugin
2025-11-21 12:30:44,461 [INFO] IPUIPlugin:80 - create IPUIPlugin
2025-11-21 12:30:44,461 [INFO] IPUIPlugin:80 - create IPUIPlugin
2025-11-21 12:30:44,462 [INFO] IPUIPlugin:80 - create IPUIPlugin
2025-11-21 12:30:44,462 [INFO] IPUIPlugin:80 - create IPUIPlugin
2025-11-21 12:30:44,462 [INFO] IPUIPlugin:80 - create IPUIPlugin
2025-11-21 12:30:44,462 [INFO] IPUIPlugin:80 - create IPUIPlugin
2025-11-21 12:30:44,462 [INFO] IPUIPlugin:80 - create IPUIPlugin
2025-11-21 12:30:44,462 [INFO] IPUIPlugin:80 - create IPUIPlugin
2025-11-21 12:30:44,462 [INFO] IPUIPlugin:80 - create IPUIPlugin
2025-11-21 12:30:44,463 [INFO] IPUIPlugin:80 - create IPUIPlugin
2025-11-21 12:30:44,463 [INFO] IPUIPlugin:80 - create IPUIPlugin
2025-11-21 12:30:44,463 [INFO] IPUIPlugin:80 - create IPUIPlugin
2025-11-21 12:30:44,463 [INFO] IPUIPlugin:80 - create IPUIPlugin
2025-11-21 12:30:44,463 [INFO] IPUIPlugin:80 - create IPUIPlugin
2025-11-21 12:30:44,463 [INFO] IPUIPlugin:80 - create IPUIPlugin
2025-11-21 12:30:44,463 [INFO] IPUIPlugin:80 - create IPUIPlugin
2025-11-21 12:30:44,463 [INFO] IPUIPlugin:80 - create IPUIPlugin
2025-11-21 12:30:44,463 [INFO] IPUIPlugin:80 - create IPUIPlugin
2025-11-21 12:30:44,465 [INFO] IPUIPlugin:80 - create IPUIPlugin
2025-11-21 12:30:44,465 [INFO] IPUIPlugin:80 - create IPUIPlugin
2025-11-21 12:30:44,465 [INFO] IPUIPlugin:80 - create IPUIPlugin
2025-11-21 12:30:44,465 [INFO] IPUIPlugin:80 - create IPUIPlugin
2025-11-21 12:30:44,465 [INFO] IPUIPlugin:80 - create IPUIPlugin
2025-11-21 12:30:44,465 [INFO] IPUIPlugin:80 - create IPUIPlugin
2025-11-21 12:30:44,466 [INFO] IPUIPlugin:80 - create IPUIPlugin
2025-11-21 12:30:44,466 [INFO] IPUIPlugin:80 - create IPUIPlugin
2025-11-21 12:30:44,466 [INFO] IPUIPlugin:80 - create IPUIPlugin
2025-11-21 12:30:44,467 [INFO] IPUIPlugin:80 - create IPUIPlugin
2025-11-21 12:30:44,467 [INFO] IPUIPlugin:80 - create IPUIPlugin
2025-11-21 12:30:44,468 [INFO] IPUIPlugin:80 - create IPUIPlugin
2025-11-21 12:30:44,468 [INFO] IPUIPlugin:80 - create IPUIPlugin
2025-11-21 12:30:44,468 [INFO] IPUIPlugin:80 - create IPUIPlugin
2025-11-21 12:30:44,469 [INFO] IPUIPlugin:80 - create IPUIPlugin
2025-11-21 12:30:44,469 [INFO] IPUIPlugin:80 - create IPUIPlugin
2025-11-21 12:30:44,469 [INFO] IPUIPlugin:80 - create IPUIPlugin
2025-11-21 12:30:44,470 [INFO] IPUIPlugin:80 - create IPUIPlugin
2025-11-21 12:30:44,470 [INFO] IPUIPlugin:80 - create IPUIPlugin
2025-11-21 12:30:44,470 [INFO] IPUIPlugin:80 - create IPUIPlugin
2025-11-21 12:30:44,471 [INFO] IPUIPlugin:80 - create IPUIPlugin
2025-11-21 12:30:44,471 [INFO] IPUIPlugin:80 - create IPUIPlugin
2025-11-21 12:30:44,471 [INFO] IPUIPlugin:80 - create IPUIPlugin
2025-11-21 12:30:44,472 [INFO] IPUIPlugin:80 - create IPUIPlugin
2025-11-21 12:30:44,472 [INFO] IPUIPlugin:80 - create IPUIPlugin
2025-11-21 12:30:44,472 [INFO] IPUIPlugin:80 - create IPUIPlugin
2025-11-21 12:30:44,473 [INFO] IPUIPlugin:80 - create IPUIPlugin
2025-11-21 12:30:44,473 [INFO] IPUIPlugin:80 - create IPUIPlugin
2025-11-21 12:30:44,473 [INFO] IPUIPlugin:80 - create IPUIPlugin
2025-11-21 12:30:44,473 [INFO] IPUIPlugin:80 - create IPUIPlugin
2025-11-21 12:30:44,474 [INFO] IPUIPlugin:80 - create IPUIPlugin
2025-11-21 12:30:44,474 [INFO] IPUIPlugin:80 - create IPUIPlugin
2025-11-21 12:30:44,474 [INFO] IPUIPlugin:80 - create IPUIPlugin
2025-11-21 12:30:44,475 [INFO] IPUIPlugin:80 - create IPUIPlugin
2025-11-21 12:30:44,475 [INFO] IPUIPlugin:80 - create IPUIPlugin
2025-11-21 12:30:44,475 [INFO] IPUIPlugin:80 - create IPUIPlugin
2025-11-21 12:30:44,475 [INFO] IPUIPlugin:80 - create IPUIPlugin
2025-11-21 12:30:44,476 [INFO] IPUIPlugin:80 - create IPUIPlugin
2025-11-21 12:30:44,561 [INFO] ApiDbMcu:532 - Load IP Config File for PDM2PCM
2025-11-21 12:30:44,709 [INFO] CADModel:165 - CPN selected for project levelSTM32F407VGT6
2025-11-21 12:30:44,709 [INFO] CADModel:114 - Register for checkConnection events
2025-11-21 12:30:44,769 [INFO] OpenFileManager:386 - Restore cursor
2025-11-21 12:30:45,464 [INFO] UtilMem:75 - End SaveConfig() Used Memory: 826672928 Bytes (1073741824)
2025-11-21 12:30:45,592 [INFO] UtilMem:75 - End SaveConfig() Used Memory: 853712784 Bytes (1073741824)
2025-11-21 12:30:46,775 [INFO] BlockDiagram:2775 - set Specific Code input for plugin: RCC
2025-11-21 12:30:46,776 [INFO] BlockDiagram:2775 - set Specific Code input for plugin: NVIC
2025-11-21 12:30:46,781 [INFO] CodeGenerator:892 - code generatio: config db path: C:\ST\STM32CubeIDE_1.19.0\STM32CubeIDE\plugins\com.st.stm32cube.common.mx_6.15.0.202507011659\\db\
2025-11-21 12:30:47,049 [INFO] CodeEngine:265 - oldGeneratedFile, D:\BITSILICA_WORKSHEETS\STM32L476RG\STM32F407G\01\MXTmpFiles\license.tmp_save
2025-11-21 12:30:47,953 [INFO] CodeEngine:289 - Generated code: D:\BITSILICA_WORKSHEETS\STM32L476RG\STM32F407G\01\MXTmpFiles\license.tmp
2025-11-21 12:30:48,070 [INFO] CodeEngine:265 - oldGeneratedFile, D:\BITSILICA_WORKSHEETS\STM32L476RG\STM32F407G\01\Core\Src\stm32f4xx_it.c_save
2025-11-21 12:30:48,578 [INFO] CodeEngine:289 - Generated code: D:\BITSILICA_WORKSHEETS\STM32L476RG\STM32F407G\01\Core\Src\stm32f4xx_it.c
2025-11-21 12:30:48,623 [INFO] CodeEngine:265 - oldGeneratedFile, D:\BITSILICA_WORKSHEETS\STM32L476RG\STM32F407G\01\Core\Inc\stm32f4xx_it.h_save
2025-11-21 12:30:48,820 [INFO] CodeEngine:289 - Generated code: D:\BITSILICA_WORKSHEETS\STM32L476RG\STM32F407G\01\Core\Inc\stm32f4xx_it.h
2025-11-21 12:30:48,974 [INFO] CodeEngine:265 - oldGeneratedFile, D:\BITSILICA_WORKSHEETS\STM32L476RG\STM32F407G\01\Core\Src\stm32f4xx_hal_msp.c_save
2025-11-21 12:30:49,324 [INFO] CodeEngine:289 - Generated code: D:\BITSILICA_WORKSHEETS\STM32L476RG\STM32F407G\01\Core\Src\stm32f4xx_hal_msp.c
2025-11-21 12:30:49,352 [INFO] CodeEngine:265 - oldGeneratedFile, D:\BITSILICA_WORKSHEETS\STM32L476RG\STM32F407G\01\MXTmpFiles\system.tmp_save
2025-11-21 12:30:49,488 [INFO] CodeEngine:289 - Generated code: D:\BITSILICA_WORKSHEETS\STM32L476RG\STM32F407G\01\MXTmpFiles\system.tmp
2025-11-21 12:30:49,538 [INFO] CodeEngine:321 - oldGeneratedFile, D:\BITSILICA_WORKSHEETS\STM32L476RG\STM32F407G\01\Core\Inc\stm32f4xx_hal_conf.h_save
2025-11-21 12:30:49,726 [INFO] CodeEngine:345 - Generated code: D:\BITSILICA_WORKSHEETS\STM32L476RG\STM32F407G\01\Core\Inc\stm32f4xx_hal_conf.h
2025-11-21 12:30:49,806 [INFO] ApiDbMcu:532 - Load IP Config File for RCC
2025-11-21 12:30:49,834 [INFO] CodeEngine:265 - oldGeneratedFile, D:\BITSILICA_WORKSHEETS\STM32L476RG\STM32F407G\01\Core\Inc\main.h_save
2025-11-21 12:30:50,143 [INFO] CodeEngine:289 - Generated code: D:\BITSILICA_WORKSHEETS\STM32L476RG\STM32F407G\01\Core\Inc\main.h
2025-11-21 12:30:50,170 [INFO] CodeEngine:265 - oldGeneratedFile, D:\BITSILICA_WORKSHEETS\STM32L476RG\STM32F407G\01\Core\Src\main.c_save
2025-11-21 12:30:50,434 [INFO] CodeEngine:289 - Generated code: D:\BITSILICA_WORKSHEETS\STM32L476RG\STM32F407G\01\Core\Src\main.c
2025-11-21 12:30:51,381 [INFO] ProjectBuilder:3606 - Time for Copy HAL[1] : 433mS.
2025-11-21 12:30:51,390 [INFO] ProjectBuilder:5216 - Project Generator version: 4.7.0-B52
2025-11-21 12:30:51,484 [INFO] ConfigFileManager:1595 - The Die is : DIE413
2025-11-21 12:30:51,489 [INFO] ApiDbMcu:532 - Load IP Config File for FATFS
2025-11-21 12:30:51,495 [INFO] ApiDbMcu:532 - Load IP Config File for FREERTOS
2025-11-21 12:30:51,498 [INFO] ApiDbMcu:532 - Load IP Config File for LIBJPEG
2025-11-21 12:30:51,508 [INFO] ApiDbMcu:532 - Load IP Config File for LWIP
2025-11-21 12:30:51,650 [INFO] ApiDbMcu:532 - Load IP Config File for MBEDTLS
2025-11-21 12:30:51,665 [INFO] ApiDbMcu:532 - Load IP Config File for USB_DEVICE
2025-11-21 12:30:51,673 [INFO] ApiDbMcu:532 - Load IP Config File for USB_HOST
2025-11-21 12:31:00,300 [INFO] ProjectBuilder:5496 - Time for Generating toolchain IDE Files: 8909mS.
2025-11-21 12:31:00,302 [INFO] ProjectBuilder:3463 - Time for Copy CMSIS : 2mS.
2025-11-21 12:31:00,317 [INFO] ProjectBuilder:3463 - Time for Copy CMSIS : 1mS.
2025-11-21 12:31:01,459 [INFO] McuFinderGlobals:76 - Set McuFinderConnectedMode to true
2025-11-21 12:31:01,468 [INFO] ApiDb:448 - Save user favorites file C:\Users\augus/.stm32cubeide/favorites.mcus.txt: 0 item(s)
2025-11-21 12:31:01,468 [INFO] ApiDb:452 - User favorites MCUs=[]
2025-11-21 12:42:45,195 [INFO] MainUpdater:2872 - connection check result : 10
2025-11-21 12:42:45,522 [INFO] McuFinderGlobals:76 - Set McuFinderConnectedMode to true
2025-11-21 12:42:45,525 [INFO] MultiScanPanel:200 - Auto-refresh data requested => check proxy status ongoing
2025-11-21 12:42:45,527 [INFO] FinderPluginLoader:96 - Searching for filters in installed packs
2025-11-21 12:42:50,506 [INFO] LoadUrlFilesThread:185 - End of LoadServerUrlFiles without Thread
2025-11-21 12:42:50,506 [INFO] DetailPanel:341 - Set advertising image to C:/Users/augus/STM32Cube/Repository/\en.mcu-finder-preevent.jpg
2025-11-21 12:42:56,254 [INFO] MultiScanPanel:200 - Auto-refresh data requested => check proxy status ongoing
2025-11-21 12:42:56,527 [INFO] LoadUrlFilesThread:185 - End of LoadServerUrlFiles without Thread
2025-11-21 12:42:56,528 [INFO] DetailPanel:341 - Set advertising image to C:/Users/augus/STM32Cube/Repository/\en.mcu-finder-preevent.jpg
2025-11-21 12:43:16,893 [INFO] MainUpdater:2872 - connection check result : 10
2025-11-21 12:43:16,894 [INFO] MainUpdater:2872 - connection check result : 10
2025-11-21 12:43:17,600 [INFO] MicroXplorer:468 - Change Database Path : 
2025-11-21 12:43:17,600 [INFO] MicroXplorer:498 - Change Database Version : DB.6.0.150
2025-11-21 12:43:17,634 [ERROR] ProjectManagerView:395 - 
java.lang.NullPointerException: Cannot invoke "javax.swing.JTextField.getText()" because the return value of "java.util.List.get(int)" is null
	at com.st.microxplorer.plugins.projectmanager.gui.ProjectChoiceTab$9.caretUpdate(ProjectChoiceTab.java:2706) ~[filemanager.jar:?]
	at javax.swing.text.JTextComponent.fireCaretUpdate(JTextComponent.java:408) ~[?:?]
	at javax.swing.text.JTextComponent$MutableCaretEvent.fire(JTextComponent.java:4484) ~[?:?]
	at javax.swing.text.JTextComponent$MutableCaretEvent.stateChanged(JTextComponent.java:4506) ~[?:?]
	at javax.swing.text.DefaultCaret.fireStateChanged(DefaultCaret.java:857) ~[?:?]
	at javax.swing.text.DefaultCaret.changeCaretPosition(DefaultCaret.java:1343) ~[?:?]
	at javax.swing.text.DefaultCaret.handleSetDot(DefaultCaret.java:1242) ~[?:?]
	at javax.swing.text.DefaultCaret.setDot(DefaultCaret.java:1223) ~[?:?]
	at javax.swing.text.DefaultCaret$Handler.insertUpdate(DefaultCaret.java:1819) ~[?:?]
	at javax.swing.text.AbstractDocument.fireInsertUpdate(AbstractDocument.java:227) ~[?:?]
	at javax.swing.text.AbstractDocument.handleInsertString(AbstractDocument.java:781) ~[?:?]
	at javax.swing.text.AbstractDocument.insertString(AbstractDocument.java:740) ~[?:?]
	at javax.swing.text.PlainDocument.insertString(PlainDocument.java:131) ~[?:?]
	at javax.swing.text.AbstractDocument.replace(AbstractDocument.java:699) ~[?:?]
	at javax.swing.text.JTextComponent.setText(JTextComponent.java:1725) ~[?:?]
	at com.st.microxplorer.plugins.projectmanager.gui.ProjectChoiceTab.createHeapStackFields(ProjectChoiceTab.java:993) ~[filemanager.jar:?]
	at com.st.microxplorer.plugins.projectmanager.gui.ProjectChoiceTab.buildLinkSettingsPanel(ProjectChoiceTab.java:3813) ~[filemanager.jar:?]
	at com.st.microxplorer.plugins.projectmanager.gui.ProjectChoiceTab.defineWindowsFields(ProjectChoiceTab.java:1987) ~[filemanager.jar:?]
	at com.st.microxplorer.plugins.projectmanager.gui.ProjectChoiceTab.updateSettings(ProjectChoiceTab.java:558) ~[filemanager.jar:?]
	at com.st.microxplorer.plugins.projectmanager.gui.ProjectSettingsPanel.UpdateDialog(ProjectSettingsPanel.java:247) ~[filemanager.jar:?]
	at com.st.microxplorer.plugins.projectmanager.ProjectManagerView.propertyChange(ProjectManagerView.java:392) ~[filemanager.jar:?]
	at java.beans.PropertyChangeSupport.fire(PropertyChangeSupport.java:343) ~[?:?]
	at java.beans.PropertyChangeSupport.firePropertyChange(PropertyChangeSupport.java:335) ~[?:?]
	at java.beans.PropertyChangeSupport.firePropertyChange(PropertyChangeSupport.java:268) ~[?:?]
	at com.st.microxplorer.util.MXPropertyChangeSupport.firePropertyChange(MXPropertyChangeSupport.java:54) ~[STM32CubeMX.jar:?]
	at com.st.microxplorer.mxsystem.MxSystem.closeConfig(MxSystem.java:899) ~[STM32CubeMX.jar:?]
	at com.st.microxplorer.maingui.MainPanel.closeConfig(MainPanel.java:792) ~[STM32CubeMX.jar:?]
	at com.st.microxplorer.plugins.filemanager.engine.OpenFileManager.loadConfigurationFile(OpenFileManager.java:288) ~[filemanager.jar:?]
	at com.st.microxplorer.plugins.filemanager.engine.MainFileManager.userLoadConfig(MainFileManager.java:364) ~[filemanager.jar:?]
	at com.st.microxplorer.plugins.filemanager.FileManagerView.getSpecificTask(FileManagerView.java:268) ~[filemanager.jar:?]
	at com.st.stm32cube.common.mx.editor.CubeMxEditor.getMxTabbedPaneInstance(CubeMxEditor.java:1191) ~[com.st.stm32cube.common.mx_6.15.0.202507011659/:?]
	at com.st.stm32cube.common.mx.editor.CubeMxEditor$12$1.createSwingComponent(CubeMxEditor.java:1068) ~[com.st.stm32cube.common.mx_6.15.0.202507011659/:?]
	at com.st.stm32cube.common.mx.oss.core.awtswtbridge.EmbeddedSwingComposite.doComponentCreation(EmbeddedSwingComposite.java:492) ~[com.st.stm32cube.common.mx.oss_6.15.0.202507011659/:?]
	at com.st.stm32cube.common.mx.oss.core.awtswtbridge.EmbeddedSwingComposite$4.run(EmbeddedSwingComposite.java:291) ~[com.st.stm32cube.common.mx.oss_6.15.0.202507011659/:?]
	at com.st.stm32cube.common.mx.oss.core.awtswtbridge.AwtEnvironment$2.run(AwtEnvironment.java:166) ~[com.st.stm32cube.common.mx.oss_6.15.0.202507011659/:?]
	at java.awt.event.InvocationEvent.dispatch(InvocationEvent.java:318) ~[?:?]
	at java.awt.EventQueue.dispatchEventImpl(EventQueue.java:773) ~[?:?]
	at java.awt.EventQueue$4.run(EventQueue.java:720) ~[?:?]
	at java.awt.EventQueue$4.run(EventQueue.java:714) ~[?:?]
	at java.security.AccessController.doPrivileged(AccessController.java:400) ~[?:?]
	at java.security.ProtectionDomain$JavaSecurityAccessImpl.doIntersectionPrivilege(ProtectionDomain.java:87) ~[?:?]
	at java.awt.EventQueue.dispatchEvent(EventQueue.java:742) ~[?:?]
	at java.awt.EventDispatchThread.pumpOneEventForFilters(EventDispatchThread.java:203) ~[?:?]
	at java.awt.EventDispatchThread.pumpEventsForFilter(EventDispatchThread.java:124) ~[?:?]
	at java.awt.EventDispatchThread.pumpEventsForHierarchy(EventDispatchThread.java:113) ~[?:?]
	at java.awt.EventDispatchThread.pumpEvents(EventDispatchThread.java:109) ~[?:?]
	at java.awt.EventDispatchThread.pumpEvents(EventDispatchThread.java:101) ~[?:?]
	at java.awt.EventDispatchThread.run(EventDispatchThread.java:90) ~[?:?]
2025-11-21 12:43:17,646 [WARN] ThirdParty:871 - waiting for thirdparty lock release [close project]
2025-11-21 12:43:17,647 [INFO] ThirdParty:873 - entering critical section [close project]
2025-11-21 12:43:17,647 [INFO] ThirdParty:883 - exiting critical section [close project]
2025-11-21 12:43:17,651 [INFO] PinOutPanel:1589 - setPackage(No Configuration,No Configuration)
2025-11-21 12:43:17,671 [WARN] IpParametersView:155 - Warning: This peripheral hasn't parameters
2025-11-21 12:43:17,682 [WARN] MainPanel:289 - <html><b><center>Warning: This peripheral has no parameters to be configured<br></b></html>
2025-11-21 12:43:17,689 [INFO] UtilMem:75 - Begin LoadConfig() Used Memory: 941981208 Bytes (1073741824)
2025-11-21 12:43:17,692 [INFO] OpenFileManager:355 - Change cursor
2025-11-21 12:43:17,833 [INFO] RulesReader:64 - Compatibility file has been processed (317 Rules)
2025-11-21 12:43:17,841 [INFO] ProjectFactory:514 - No CPN specified for board STM32F407G-DISC1 => set CPN to STM32F407VGT6
2025-11-21 12:43:17,852 [INFO] Mcu:2029 - Initializing MCU STM32F407V(E-G)Tx STM32F407VGTx STM32F407VGT6
2025-11-21 12:43:22,379 [INFO] Context:786 - Trying to add GPIOservice into a context  which must be forbidden
2025-11-21 12:43:23,393 [INFO] Rule:233 - rule 117617 - U5Cobra4M][GTZC] default value MPCBB3 and MPCBB5 - Not Secured memory - MPCBB1 is applicable
2025-11-21 12:43:23,393 [INFO] Rule:233 - rule 117617 - U5Cobra4M][GTZC] default value MPCBB3 and MPCBB5 - Not Secured memory - MPCBB1 is applicable
2025-11-21 12:43:23,393 [INFO] Rule:233 - rule 117617 - U5Cobra4M][GTZC] default value MPCBB3 and MPCBB5 - Not Secured memory - MPCBB2 is applicable
2025-11-21 12:43:23,393 [INFO] Rule:233 - rule 117617 - U5Cobra4M][GTZC] default value MPCBB3 and MPCBB5 - Not Secured memory - MPCBB2 is applicable
2025-11-21 12:43:23,393 [INFO] Rule:233 - rule 117617 - U5Cobra4M][GTZC] default value MPCBB3 and MPCBB5 - Not Secured memory - MPCBB3 is applicable
2025-11-21 12:43:23,393 [INFO] Rule:233 - rule 117617 - U5Cobra4M][GTZC] default value MPCBB3 and MPCBB5 - Not Secured memory - MPCBB3 is applicable
2025-11-21 12:43:23,393 [INFO] Rule:233 - rule 117617 - U5Cobra4M][GTZC] default value MPCBB3 and MPCBB5 - Not Secured memory - MPCBB4 is applicable
2025-11-21 12:43:23,393 [INFO] Rule:233 - rule 117617 - U5Cobra4M][GTZC] default value MPCBB3 and MPCBB5 - Not Secured memory - MPCBB4 is applicable
2025-11-21 12:43:23,394 [INFO] Rule:233 - rule 117617 - U5Cobra4M][GTZC] default value MPCBB3 and MPCBB5 - Secured memory - MPCBB1 is applicable
2025-11-21 12:43:23,394 [INFO] Rule:233 - rule 117617 - U5Cobra4M][GTZC] default value MPCBB3 and MPCBB5 - Secured memory - MPCBB2 is applicable
2025-11-21 12:43:23,394 [INFO] Rule:233 - rule 117617 - U5Cobra4M][GTZC] default value MPCBB3 and MPCBB5 - Secured memory - MPCBB3 is applicable
2025-11-21 12:43:23,394 [INFO] Rule:233 - rule 117617 - U5Cobra4M][GTZC] default value MPCBB3 and MPCBB5 - Secured memory - MPCBB4 is applicable
2025-11-21 12:43:23,394 [INFO] Rule:233 - rule 117617 - U5Cobra4M][GTZC] default value MPCBB3 and MPCBB5 - Privileged memory - MPCBB1 is applicable
2025-11-21 12:43:23,394 [INFO] Rule:233 - rule 117617 - U5Cobra4M][GTZC] default value MPCBB3 and MPCBB5 - Privileged memory - MPCBB2 is applicable
2025-11-21 12:43:23,394 [INFO] Rule:233 - rule 117617 - U5Cobra4M][GTZC] default value MPCBB3 and MPCBB5 - Privileged memory - MPCBB3 is applicable
2025-11-21 12:43:23,394 [INFO] Rule:233 - rule 117617 - U5Cobra4M][GTZC] default value MPCBB3 and MPCBB5 - Privileged memory - MPCBB4 is applicable
2025-11-21 12:43:23,394 [INFO] Rule:233 - rule 117617 - U5Cobra4M][GTZC] default value MPCBB3 and MPCBB5 - Not Privileged memory - MPCBB1 is applicable
2025-11-21 12:43:23,395 [INFO] Rule:233 - rule 117617 - U5Cobra4M][GTZC] default value MPCBB3 and MPCBB5 - Not Privileged memory - MPCBB2 is applicable
2025-11-21 12:43:23,395 [INFO] Rule:233 - rule 117617 - U5Cobra4M][GTZC] default value MPCBB3 and MPCBB5 - Not Privileged memory - MPCBB3 is applicable
2025-11-21 12:43:23,395 [INFO] Rule:233 - rule 117617 - U5Cobra4M][GTZC] default value MPCBB3 and MPCBB5 - Not Privileged memory - MPCBB4 is applicable
2025-11-21 12:43:23,395 [INFO] Rule:233 - rule 117617 - U5Cobra4M][GTZC] default value MPCBB3 and MPCBB5 - Privileged memory - MPCBB1 is applicable
2025-11-21 12:43:23,395 [INFO] Rule:233 - rule 117617 - U5Cobra4M][GTZC] default value MPCBB3 and MPCBB5 - Privileged memory - MPCBB2 is applicable
2025-11-21 12:43:23,395 [INFO] Rule:233 - rule 117617 - U5Cobra4M][GTZC] default value MPCBB3 and MPCBB5 - Privileged memory - MPCBB3 is applicable
2025-11-21 12:43:23,395 [INFO] Rule:233 - rule 117617 - U5Cobra4M][GTZC] default value MPCBB3 and MPCBB5 - Privileged memory - MPCBB4 is applicable
2025-11-21 12:43:23,395 [INFO] Rule:233 - rule 117617 - U5Cobra4M][GTZC] default value MPCBB3 and MPCBB5 - Privileged memory - MPCBB1 is applicable
2025-11-21 12:43:23,395 [INFO] Rule:233 - rule 117617 - U5Cobra4M][GTZC] default value MPCBB3 and MPCBB5 - Privileged memory - MPCBB2 is applicable
2025-11-21 12:43:23,395 [INFO] Rule:233 - rule 117617 - U5Cobra4M][GTZC] default value MPCBB3 and MPCBB5 - Privileged memory - MPCBB3 is applicable
2025-11-21 12:43:23,395 [INFO] Rule:233 - rule 117617 - U5Cobra4M][GTZC] default value MPCBB3 and MPCBB5 - Privileged memory - MPCBB4 is applicable
2025-11-21 12:43:23,395 [INFO] Rule:233 - rule 117617 - U5Cobra4M][GTZC] default value MPCBB3 and MPCBB5 - Not Privileged memory - MPCBB1 is applicable
2025-11-21 12:43:23,395 [INFO] Rule:233 - rule 117617 - U5Cobra4M][GTZC] default value MPCBB3 and MPCBB5 - Not Privileged memory - MPCBB2 is applicable
2025-11-21 12:43:23,395 [INFO] Rule:233 - rule 117617 - U5Cobra4M][GTZC] default value MPCBB3 and MPCBB5 - Not Privileged memory - MPCBB3 is applicable
2025-11-21 12:43:23,395 [INFO] Rule:233 - rule 117617 - U5Cobra4M][GTZC] default value MPCBB3 and MPCBB5 - Not Privileged memory - MPCBB4 is applicable
2025-11-21 12:43:23,395 [INFO] Rule:233 - rule 117617 - U5Cobra4M][GTZC] default value MPCBB3 and MPCBB5 - Privileged memory - MPCBB1 is applicable
2025-11-21 12:43:23,397 [INFO] Rule:233 - rule 117617 - U5Cobra4M][GTZC] default value MPCBB3 and MPCBB5 - Privileged memory - MPCBB2 is applicable
2025-11-21 12:43:23,397 [INFO] Rule:233 - rule 117617 - U5Cobra4M][GTZC] default value MPCBB3 and MPCBB5 - Privileged memory - MPCBB3 is applicable
2025-11-21 12:43:23,397 [INFO] Rule:233 - rule 117617 - U5Cobra4M][GTZC] default value MPCBB3 and MPCBB5 - Privileged memory - MPCBB4 is applicable
2025-11-21 12:43:23,397 [INFO] Rule:233 - rule Rename SubGHz_Phy SUBGHZ_APPLICATION SUBGHZ_PINGPONG to SUBGHZ_ADV_APPLICATION is applicable
2025-11-21 12:43:23,397 [INFO] Rule:233 - rule Rename Enabled to IBEACON is applicable
2025-11-21 12:43:23,397 [INFO] Rule:233 - rule GTZC_S instance for project manager is applicable
2025-11-21 12:43:23,397 [INFO] Rule:233 - rule GTZC_S instance for context M33S is applicable
2025-11-21 12:43:23,397 [INFO] Rule:233 - rule GTZC_S instance value for IP GTZC is applicable
2025-11-21 12:43:23,397 [INFO] Rule:233 - rule GTZC_S instance for mcu.IP is applicable
2025-11-21 12:43:23,397 [INFO] Rule:233 - rule GTZC_S instance for VP is applicable
2025-11-21 12:43:23,398 [INFO] Rule:233 - rule GTZC_S instance for signal is applicable
2025-11-21 12:43:23,398 [INFO] Rule:233 - rule GTZC_S instance for mcu.Pin is applicable
2025-11-21 12:43:23,398 [INFO] Rule:233 - rule GTZC_S instance for VP is applicable
2025-11-21 12:43:23,398 [INFO] Rule:233 - rule GTZC_S instance for signal is applicable
2025-11-21 12:43:23,398 [INFO] Rule:233 - rule GTZC_S instance for mcu is applicable
2025-11-21 12:43:23,398 [INFO] Rule:233 - rule GTZC_S instance for mcu.Pin is applicable
2025-11-21 12:43:23,398 [INFO] Rule:233 - rule GTZC_S instance value for IP GTZC is applicable
2025-11-21 12:43:23,398 [INFO] Rule:233 - rule GTZC_S instance for project manager is applicable
2025-11-21 12:43:23,398 [INFO] Rule:233 - rule GTZC_S instance for context M33S is applicable
2025-11-21 12:43:23,399 [INFO] Rule:233 - rule GTZC_S instance for VP is applicable
2025-11-21 12:43:23,399 [INFO] Rule:233 - rule GTZC_S instance for signal is applicable
2025-11-21 12:43:23,411 [INFO] Rule:233 - rule SPDIFRX instance for mcu is applicable
2025-11-21 12:43:23,411 [INFO] Rule:233 - rule Rename Tracer Mode is applicable
2025-11-21 12:43:23,411 [INFO] Rule:233 - rule SPDIFRX instance value for IP SPDIFRX is applicable
2025-11-21 12:43:23,411 [INFO] Rule:233 - rule SPDIFRX instance for signal is applicable
2025-11-21 12:43:23,411 [INFO] Rule:233 - rule SPDIFRX instance for project manager is applicable
2025-11-21 12:43:23,412 [INFO] Rule:233 - rule SPDIFRX instance for project manager is applicable
2025-11-21 12:43:23,412 [INFO] Rule:233 - rule ADC Scan  fix with FW F7 is applicable
2025-11-21 12:43:23,412 [INFO] Rule:233 - rule ADC Scan  fix with FW F7 is applicable
2025-11-21 12:43:23,412 [INFO] Rule:233 - rule WakeUp0 Mode is applicable
2025-11-21 12:43:23,412 [INFO] Rule:233 - rule WakeUp0 SIGNAL is applicable
2025-11-21 12:43:23,412 [INFO] Rule:233 - rule WakeUp1 Mode is applicable
2025-11-21 12:43:23,412 [INFO] Rule:233 - rule WakeUp1 SIGNAL is applicable
2025-11-21 12:43:23,412 [INFO] Rule:233 - rule WakeUp2 Mode is applicable
2025-11-21 12:43:23,413 [INFO] Rule:233 - rule WakeUp2 SIGNAL is applicable
2025-11-21 12:43:23,413 [INFO] Rule:233 - rule WakeUp4 Mode is applicable
2025-11-21 12:43:23,413 [INFO] Rule:233 - rule WakeUp4 SIGNAL is applicable
2025-11-21 12:43:23,413 [INFO] Rule:233 - rule WakeUp5 Mode is applicable
2025-11-21 12:43:23,413 [INFO] Rule:233 - rule WakeUp5 SIGNAL is applicable
2025-11-21 12:43:23,413 [INFO] Rule:233 - rule Add RTC Activate Clock Source is applicable
2025-11-21 12:43:23,413 [INFO] Rule:233 - rule Add RTC Activate Calendar 1 is applicable
2025-11-21 12:43:23,413 [INFO] Rule:233 - rule Add RTC Activate Calendar 2 is applicable
2025-11-21 12:43:23,413 [INFO] Rule:233 - rule Add RTC Activate Calendar 3 is applicable
2025-11-21 12:43:23,413 [INFO] Rule:233 - rule UART/USART TX Mode is applicable
2025-11-21 12:43:23,414 [INFO] Rule:233 - rule UART/USART RX Mode is applicable
2025-11-21 12:43:23,414 [INFO] Rule:233 - rule UART/USART RX TX Mode is applicable
2025-11-21 12:43:23,414 [INFO] Rule:233 - rule UART/USART PARITY NONE is applicable
2025-11-21 12:43:23,414 [INFO] Rule:233 - rule UART/USART PARITY EVEN is applicable
2025-11-21 12:43:23,414 [INFO] Rule:233 - rule UART/USART PARITY ODD is applicable
2025-11-21 12:43:23,414 [INFO] Rule:233 - rule USART StopBits 1 is applicable
2025-11-21 12:43:23,414 [INFO] Rule:233 - rule USART StopBits 2 is applicable
2025-11-21 12:43:23,414 [INFO] Rule:233 - rule USART StopBits 1.5 is applicable
2025-11-21 12:43:23,414 [INFO] Rule:233 - rule USART StopBits 0.5 is applicable
2025-11-21 12:43:23,414 [INFO] Rule:233 - rule UART/USART WORD LENGTH 7 is applicable
2025-11-21 12:43:23,414 [INFO] Rule:233 - rule UART/USART WORD LENGTH 8 is applicable
2025-11-21 12:43:23,414 [INFO] Rule:233 - rule UART/USART WORD LENGTH 9 is applicable
2025-11-21 12:43:23,415 [INFO] Rule:233 - rule Rename FMC NAND NCE signal is applicable
2025-11-21 12:43:23,415 [INFO] Rule:233 - rule Rename FMC NAND INT signal is applicable
2025-11-21 12:43:23,415 [INFO] Rule:233 - rule Change Default Value for LSE Drive Capability for WB family is applicable
2025-11-21 12:43:23,415 [INFO] Rule:233 - rule Change Default Value for ADC Clock Prescaler G0 family is applicable
2025-11-21 12:43:23,415 [INFO] Rule:233 - rule Change Default Value for ADC ExternalTrigConv L4 family is applicable
2025-11-21 12:43:23,415 [INFO] Rule:233 - rule Change Default Value for ADC ExternalTrigInjecConv L4 family is applicable
2025-11-21 12:43:23,415 [INFO] Rule:233 - rule Change Default Value for ADC ExternalTrigConv F3 family is applicable
2025-11-21 12:43:23,415 [INFO] Rule:233 - rule Change Default Value for ADC ExternalTrigInjecConv F3 family is applicable
2025-11-21 12:43:23,415 [INFO] Rule:233 - rule Change Default Value for ADC ExternalTrigConv Goldfish serie is applicable
2025-11-21 12:43:23,415 [INFO] Rule:233 - rule Change Default Value for ADC ExternalTrigInjecConv Goldfish serie is applicable
2025-11-21 12:43:23,415 [INFO] Rule:233 - rule Change Default Value for ADC ExternalTrigConv L0 family is applicable
2025-11-21 12:43:23,416 [INFO] Rule:233 - rule Change Default Value for ADC ExternalTrigConv F0 family is applicable
2025-11-21 12:43:23,416 [INFO] Rule:233 - rule Change Default Value for ADC ExternalTrigConvn L1 family is applicable
2025-11-21 12:43:23,416 [INFO] Rule:233 - rule Change Default Value for ADC ExternalTrigInjecConv L1 family is applicable
2025-11-21 12:43:23,416 [INFO] Rule:233 - rule Change Default Value for ADC ExternalTrigConv F1 family is applicable
2025-11-21 12:43:23,416 [INFO] Rule:233 - rule Change Default Value for ADC ExternalTrigInjecConv F1 family is applicable
2025-11-21 12:43:23,416 [INFO] Rule:233 - rule Change Default Value for ADC ExternalTrigConv F7 family is applicable
2025-11-21 12:43:23,416 [INFO] Rule:233 - rule Change Default Value for ADC ExternalTrigInjecConv F7 family is applicable
2025-11-21 12:43:23,416 [INFO] Rule:233 - rule Change Default Value for ADC ExternalTrigConv F4 and F2 family is applicable
2025-11-21 12:43:23,416 [INFO] Rule:233 - rule Change Default Value for ADC ExternalTrigInjecConv F4 and F2 family is applicable
2025-11-21 12:43:23,417 [INFO] Rule:233 - rule ADC SamplingTime fix with FW L0  is applicable
2025-11-21 12:43:23,417 [INFO] Rule:233 - rule ADC SamplingTime fix with FW L0  is applicable
2025-11-21 12:43:23,417 [INFO] Rule:233 - rule ADC SamplingTime fix with FW L0 is applicable
2025-11-21 12:43:23,417 [INFO] Rule:233 - rule ADC SamplingTime fix with FW L0 is applicable
2025-11-21 12:43:23,417 [INFO] Rule:233 - rule ADC SamplingTime fix with FW L0  is applicable
2025-11-21 12:43:23,417 [INFO] Rule:233 - rule ADC SamplingTime fix with FW L0 is applicable
2025-11-21 12:43:23,417 [INFO] Rule:233 - rule Rename USB_OE Signal is applicable
2025-11-21 12:43:23,417 [INFO] Rule:233 - rule Rename Activate_OE Mode is applicable
2025-11-21 12:43:23,417 [INFO] Rule:233 - rule Rename DIE462/DIE415 pin PC14/OSC32_IN -> PC14-OSC32_IN (PC14) is applicable
2025-11-21 12:43:23,417 [INFO] Rule:233 - rule Rename DIE462/DIE415 pin PC15/OSC32_OUT -> PC15-OSC32_OUT (PC15) is applicable
2025-11-21 12:43:23,417 [INFO] Rule:233 - rule Rename DIE462/DIE415 pin PH0/OSC_IN -> PH0-OSC_IN (PH0) is applicable
2025-11-21 12:43:23,418 [INFO] Rule:233 - rule Rename DIE462/DIE415 pin PH1/OSC_OUT -> PH1-OSC_OUT (PH1) is applicable
2025-11-21 12:43:23,418 [INFO] Rule:233 - rule Rename DIE462 pin PA13 -> PA13 (JTMS/SWDIO) is applicable
2025-11-21 12:43:23,418 [INFO] Rule:233 - rule Rename DIE415 pin PA13 -> PA13 (JTMS/SWDIO) is applicable
2025-11-21 12:43:23,418 [INFO] Rule:233 - rule Rename DIE462 pin PA14 -> PA14 (JTCK/SWCLK) is applicable
2025-11-21 12:43:23,418 [INFO] Rule:233 - rule Rename DIE415 pin PA14 -> PA14 (JTCK/SWCLK) is applicable
2025-11-21 12:43:23,418 [INFO] Rule:233 - rule Rename DIE462/DIE415 pin PA15 -> PA15 (JTDI) is applicable
2025-11-21 12:43:23,418 [INFO] Rule:233 - rule Rename DIE462 pin PB3 -> PB3 (JTD0/TRACESWO) is applicable
2025-11-21 12:43:23,418 [INFO] Rule:233 - rule Rename DIE415 pin PB3 -> PB3 (JTD0-TRACESWO) is applicable
2025-11-21 12:43:23,418 [INFO] Rule:233 - rule Rename DIE462/DIE415 pin PB4 -> PB4 (NJTRST) is applicable
2025-11-21 12:43:23,418 [INFO] Rule:233 - rule Rename DIE462 pin PH3/BOOT0 -> PH3-BOOT0 (BOOT0) is applicable
2025-11-21 12:43:23,418 [INFO] Rule:233 - rule Rename CRYP DataEncryptionTypesList to Algorithm is applicable
2025-11-21 12:43:23,419 [INFO] Rule:233 - rule Rename AES DataEncryptionTypesList to Algorithm is applicable
2025-11-21 12:43:23,419 [INFO] Rule:233 - rule Rename TDESECB to CRYP_TDES_ECB is applicable
2025-11-21 12:43:23,419 [INFO] Rule:233 - rule Rename TDESCBC to CRYP_TDES_CBC is applicable
2025-11-21 12:43:23,419 [INFO] Rule:233 - rule Rename DESECB to CRYP_DES_ECB is applicable
2025-11-21 12:43:23,419 [INFO] Rule:233 - rule Rename DESCBC to CRYP_DES_CBC is applicable
2025-11-21 12:43:23,419 [INFO] Rule:233 - rule Rename AESECB to CRYP_AES_ECB is applicable
2025-11-21 12:43:23,419 [INFO] Rule:233 - rule Rename AESCBC to CRYP_AES_CBC is applicable
2025-11-21 12:43:23,419 [INFO] Rule:233 - rule Rename AESCTR to CRYP_AES_CTR is applicable
2025-11-21 12:43:23,419 [INFO] Rule:233 - rule Rename AESGCM to CRYP_AES_GCM is applicable
2025-11-21 12:43:23,419 [INFO] Rule:233 - rule Rename AESCCM to CRYP_AES_CCM is applicable
2025-11-21 12:43:23,419 [INFO] Rule:233 - rule Rename CAN TimeSeg1 to BS1 is applicable
2025-11-21 12:43:23,419 [INFO] Rule:233 - rule Rename CAN TimeSeg2 to BS2 is applicable
2025-11-21 12:43:23,419 [INFO] Rule:233 - rule Rename CAN SyncJumpWidth to SJW is applicable
2025-11-21 12:43:23,419 [INFO] Rule:233 - rule TimeTriggeredMode to TTCM is applicable
2025-11-21 12:43:23,419 [INFO] Rule:233 - rule Rename CAN AutoBusOff to ABOM is applicable
2025-11-21 12:43:23,419 [INFO] Rule:233 - rule Rename CAN AutoWakeUp to AWUM is applicable
2025-11-21 12:43:23,419 [INFO] Rule:233 - rule Rename CAN AutoRetransmission to NART is applicable
2025-11-21 12:43:23,419 [INFO] Rule:233 - rule Rename CAN ReceiveFifoLocked to RFLM is applicable
2025-11-21 12:43:23,419 [INFO] Rule:233 - rule Rename CAN TransmitFifoPriority to TXFP is applicable
2025-11-21 12:43:23,419 [INFO] Rule:233 - rule Rename HRTIMER HRTIM_OUTPUTFAULTLEVEL_HIGH in HRTIMER HRTIM_OUTPUTFAULTLEVEL_HIGHZ is applicable
2025-11-21 12:43:23,419 [INFO] Rule:233 - rule Rename TIMER TIM_CLEARINPUTSOURCE_OCREFCLR in  TIMER TIM_CLEARINPUTSOURCE_NONE for F7 family is applicable
2025-11-21 12:43:23,419 [INFO] Rule:233 - rule FDCAN_R1 - Rename FDCAN mode Master into Classic is applicable
2025-11-21 12:43:23,419 [INFO] Rule:233 - rule FDCAN_R2 - Rename FDCAN mode Slave into Classic is applicable
2025-11-21 12:43:23,419 [INFO] Rule:233 - rule FDCAN1_R3 - if PA10.Mode=FullDuplex, add Pin PA12 is applicable
2025-11-21 12:43:23,419 [INFO] Rule:233 - rule FDCAN1_R3 - if PA9.Mode=FullDuplex, add Pin PA11 is applicable
2025-11-21 12:43:23,419 [INFO] Rule:233 - rule FDCAN1_R3 - Alternatepin_1 - if PE1.Mode=FullDuplex, add Pin PB9 is applicable
2025-11-21 12:43:23,419 [INFO] Rule:233 - rule FDCAN1_R3 - Alternatepin_1 - if PE0.Mode=FullDuplex, add Pin PB8 is applicable
2025-11-21 12:43:23,419 [INFO] Rule:233 - rule FDCAN1_R3 - Alternatepin_2 - if PD5.Mode=FullDuplex, add Pin PD1 is applicable
2025-11-21 12:43:23,421 [INFO] Rule:233 - rule FDCAN1_R3 - Alternatepin_2 - if PD4.Mode=FullDuplex, add Pin PD0 is applicable
2025-11-21 12:43:23,421 [INFO] Rule:233 - rule FDCAN1_R4 - Rename Mode FullDuplex into Enable FDCAN_TXFD for pin PA10 is applicable
2025-11-21 12:43:23,421 [INFO] Rule:233 - rule FDCAN1_R4 - Rename Mode FullDuplex into Enable FDCAN_TXFD for pin PA9 is applicable
2025-11-21 12:43:23,421 [INFO] Rule:233 - rule FDCAN1_R4 - Alternatepin_1 - Rename Mode FullDuplex into Enable FDCAN_TXFD for pin PE1 is applicable
2025-11-21 12:43:23,421 [INFO] Rule:233 - rule FDCAN1_R4 - Alternatepin_1 - Rename Mode FullDuplex into Enable FDCAN_TXFD for pin PE0 is applicable
2025-11-21 12:43:23,421 [INFO] Rule:233 - rule FDCAN1_R4 - Alternatepin_2 - Rename Mode FullDuplex into Enable FDCAN_TXFD for pin PD5 is applicable
2025-11-21 12:43:23,421 [INFO] Rule:233 - rule FDCAN1_R4 - Alternatepin_2 - Rename Mode FullDuplex into Enable FDCAN_TXFD for pin PD4 is applicable
2025-11-21 12:43:23,421 [INFO] Rule:233 - rule FDCAN2_R3 - if PD10.Mode=FullDuplex, add Pin PB13 is applicable
2025-11-21 12:43:23,421 [INFO] Rule:233 - rule FDCAN2_R3 - if PD9.Mode=FullDuplex, add Pin PB12 is applicable
2025-11-21 12:43:23,421 [INFO] Rule:233 - rule FDCAN2_R3 - Alternatepin_1 - if PB7.Mode=FullDuplex, add Pin PB6 is applicable
2025-11-21 12:43:23,421 [INFO] Rule:233 - rule FDCAN2_R3 - Alternatepin_1 - if PD9.Mode=FullDuplex, add Pin PB12 is applicable
2025-11-21 12:43:23,421 [INFO] Rule:233 - rule FDCAN2_R4 - Rename Mode FullDuplex into Enable FDCAN_TXFD for pin PD10 is applicable
2025-11-21 12:43:23,422 [INFO] Rule:233 - rule FDCAN2_R4 - Rename Mode FullDuplex into Enable FDCAN_TXFD for pin PD9 is applicable
2025-11-21 12:43:23,422 [INFO] Rule:233 - rule FDCAN2_R4 - Alternatepin_1 - Rename Mode FullDuplex into Enable FDCAN_TXFD for pin PB7 is applicable
2025-11-21 12:43:23,422 [INFO] Rule:233 - rule FDCAN2_R4 - Alternatepin_1 - Rename Mode FullDuplex into Enable FDCAN_TXFD for pin PD6 is applicable
2025-11-21 12:43:23,422 [INFO] Rule:233 - rule USART TxPinLevelInvertParam Mode is applicable
2025-11-21 12:43:23,422 [INFO] Rule:233 - rule USART RxPinLevelInvertParam Mode is applicable
2025-11-21 12:43:23,422 [INFO] Rule:233 - rule USART DataInvertParam Mode is applicable
2025-11-21 12:43:23,422 [INFO] Rule:233 - rule USART SwapParam Mode is applicable
2025-11-21 12:43:23,422 [INFO] Rule:233 - rule USART OverrunDisableParam Mode is applicable
2025-11-21 12:43:23,422 [INFO] Rule:233 - rule USART DMADisableonRxErrorParam Mode is applicable
2025-11-21 12:43:23,422 [INFO] Rule:233 - rule USART MSBFirstParam Mode is applicable
2025-11-21 12:43:23,423 [INFO] Rule:233 - rule Update MwName for USB_DEVICE is applicable
2025-11-21 12:43:23,423 [INFO] Rule:233 - rule Change PWR_Regulator_Voltage_Scale Default Value for RCC  H7 family is applicable
2025-11-21 12:43:23,423 [INFO] Rule:233 - rule UART/USART IPParameter rename Prescaler parameter to ClockPrescaler is applicable
2025-11-21 12:43:23,423 [INFO] Rule:233 - rule UART/USART Prescaler rename Prescaler parameter to ClockPrescaler is applicable
2025-11-21 12:43:23,423 [INFO] Rule:233 - rule TIM1CLockSelection is applicable
2025-11-21 12:43:23,423 [INFO] Rule:233 - rule TIM15CLockSelection is applicable
2025-11-21 12:43:23,423 [INFO] Rule:233 - rule align RCC SDMMC3CLockSelection default value on MP1 is applicable
2025-11-21 12:43:23,423 [INFO] Rule:233 - rule align RCC SDMMC12CLockSelection default value on MP1 is applicable
2025-11-21 12:43:23,423 [INFO] Rule:233 - rule align RCC QSPICLockSelection default value on MP1 is applicable
2025-11-21 12:43:23,423 [INFO] Rule:233 - rule align RCC QSPICLockSelection default value on MP1 is applicable
2025-11-21 12:43:23,423 [INFO] Rule:233 - rule align RCC SPI6CLockSelection default value on MP1 is applicable
2025-11-21 12:43:23,423 [INFO] Rule:233 - rule align RCC LPTIM23CLockSelection default value on MP1 is applicable
2025-11-21 12:43:23,423 [INFO] Rule:233 - rule align RCC LPTIM1CLockSelection default value on MP1 is applicable
2025-11-21 12:43:23,424 [INFO] Rule:233 - rule align RCC USART1CLockSelection default value on MP1 is applicable
2025-11-21 12:43:23,424 [INFO] Rule:233 - rule align RCC USART24CLockSelection default value on MP1 is applicable
2025-11-21 12:43:23,424 [INFO] Rule:233 - rule align RCC USART6CLockSelection default value on MP1 is applicable
2025-11-21 12:43:23,424 [INFO] Rule:233 - rule align RCC UART78CLockSelection default value on MP1 is applicable
2025-11-21 12:43:23,424 [INFO] Rule:233 - rule align RCC USART35CLockSelection default value on MP1 is applicable
2025-11-21 12:43:23,424 [INFO] Rule:233 - rule align RCC SPI45CLockSelection default value on MP1 is applicable
2025-11-21 12:43:23,424 [INFO] Rule:233 - rule align RCC I2C46CLockSelection BCLK value on MP1 is applicable
2025-11-21 12:43:23,424 [INFO] Rule:233 - rule align RCC SPI45CLockSelection default value on MP1 is applicable
2025-11-21 12:43:23,424 [INFO] Rule:233 - rule align RCC I2C12CLockSelection default value on MP1 is applicable
2025-11-21 12:43:23,425 [INFO] Rule:233 - rule align RCC I2C35CLockSelection default value on MP1 is applicable
2025-11-21 12:43:23,425 [INFO] Rule:233 - rule align RCC LPTIM45CLockSelection default value on MP1 is applicable
2025-11-21 12:43:23,425 [INFO] Rule:233 - rule Rename DCMI PIXCK signal is applicable
2025-11-21 12:43:23,425 [INFO] Rule:233 - rule Change Default Value for I2C46CLockSelection MP1 family is applicable
2025-11-21 12:43:23,425 [INFO] Rule:233 - rule Change Default Value for UART for G4, G0 and WB families is applicable
2025-11-21 12:43:23,425 [INFO] Rule:233 - rule Change Default Value for USART for G4, G0 and WB families is applicable
2025-11-21 12:43:23,425 [INFO] Rule:233 - rule Change Default Value for USART for G4 family is applicable
2025-11-21 12:43:23,425 [INFO] Rule:233 - rule Change USART1CLockSelection refparam name for MP1 is applicable
2025-11-21 12:43:23,425 [INFO] Rule:233 - rule Change USART2CLockSelection refparam name for MP1 is applicable
2025-11-21 12:43:23,425 [INFO] Rule:233 - rule Change USART3CLockSelection refparam name for MP1 is applicable
2025-11-21 12:43:23,425 [INFO] Rule:233 - rule Change UART4CLockSelection refparam name for MP1 is applicable
2025-11-21 12:43:23,426 [INFO] Rule:233 - rule Change UART5CLockSelection refparam name for MP1 is applicable
2025-11-21 12:43:23,426 [INFO] Rule:233 - rule Change LPUART1CLockSelection refparam name for MP1 is applicable
2025-11-21 12:43:23,426 [INFO] Rule:233 - rule Change LPTIM1CLockSelection refparam name for MP1 is applicable
2025-11-21 12:43:23,426 [INFO] Rule:233 - rule Change LPTIM2CLockSelection refparam name for MP1 is applicable
2025-11-21 12:43:23,426 [INFO] Rule:233 - rule Change RCC_MCO1Source refparam name for MP1 is applicable
2025-11-21 12:43:23,426 [INFO] Rule:233 - rule Change LSCOSource1 refparam name for MP1 is applicable
2025-11-21 12:43:23,426 [INFO] Rule:233 - rule Change SMPSCLockSelection refparam name for MP1 is applicable
2025-11-21 12:43:23,426 [INFO] Rule:233 - rule Change LPTIM3CLockSelection refparam name for MP1 is applicable
2025-11-21 12:43:23,426 [INFO] Rule:233 - rule Change MPCBB* Default Template Mode to Parameters is applicable
2025-11-21 12:43:23,426 [INFO] Rule:233 - rule Change MPCWM* or MPCBB* Secure Mode to Parameters is applicable
2025-11-21 12:43:23,426 [INFO] Rule:233 - rule Change MPCWM* or MPCBB* No Secure Mode to Parameters is applicable
2025-11-21 12:43:23,427 [INFO] Rule:233 - rule Change TZSC IP Secure Mode to Parameters is applicable
2025-11-21 12:43:23,427 [INFO] Rule:233 - rule Change TZSC IP No Secure Mode to Parameters is applicable
2025-11-21 12:43:23,427 [INFO] Rule:233 - rule Change TZSC IP Privilege Mode to Parameters is applicable
2025-11-21 12:43:23,427 [INFO] Rule:233 - rule Change TZSC IP No Privilege Mode to Parameters is applicable
2025-11-21 12:43:23,427 [INFO] Rule:233 - rule Change TZIC IT Secure Mode to Parameters is applicable
2025-11-21 12:43:23,427 [INFO] Rule:233 - rule Change TZIC IT No Secure Mode to Parameters is applicable
2025-11-21 12:43:23,427 [INFO] Rule:233 - rule Add MPCBB1_NonSecureArea_Start_Address value with referenced to MPCBB1_NonSecureArea_Start value is applicable
2025-11-21 12:43:23,427 [INFO] Rule:233 - rule Add MPCBB2_NonSecureArea_Start_Address value with referenced to MPCBB2_NonSecureArea_Start value is applicable
2025-11-21 12:43:23,427 [INFO] Rule:233 - rule Add MPCWM1_NonSecureArea*_Start_Address value with referenced to MPCWM1_NonSecureArea*_Start value is applicable
2025-11-21 12:43:23,427 [INFO] Rule:233 - rule Add MPCWM2_NonSecureArea*_Start_Address value with referenced to MPCWM2_NonSecureArea*_Start value is applicable
2025-11-21 12:43:23,427 [INFO] Rule:233 - rule Add MPCWM3_NonSecureArea_Start_Address value with referenced to MPCWM3_NonSecureArea_Start value is applicable
2025-11-21 12:43:23,427 [INFO] Rule:233 - rule Change Default Value for PLL1UserDefinedConfig is applicable
2025-11-21 12:43:23,427 [INFO] Rule:233 - rule Change GPIO_PuPd Default Value for USART in async mode is applicable
2025-11-21 12:43:23,427 [INFO] Rule:233 - rule Change SMPSDivider Default Value is applicable
2025-11-21 12:43:23,428 [INFO] Rule:233 - rule OPAMP is applicable
2025-11-21 12:43:23,428 [INFO] Rule:233 - rule LPUART IPParameter rename Prescaler parameter to ClockPrescaler for STM32H7 is applicable
2025-11-21 12:43:23,428 [INFO] Rule:233 - rule LPUART IPParameter rename Prescaler parameter to ClockPrescaler for STM32H7 is applicable
2025-11-21 12:43:23,428 [INFO] Rule:233 - rule LPUART IPParameter rename Prescaler parameter to ClockPrescaler for STM32WB is applicable
2025-11-21 12:43:23,428 [INFO] Rule:233 - rule LPUART IPParameter rename Prescaler parameter to ClockPrescaler for STM32WB is applicable
2025-11-21 12:43:23,428 [INFO] Rule:233 - rule LPUART IPParameter rename Prescaler parameter to ClockPrescaler for STM32G4 is applicable
2025-11-21 12:43:23,428 [INFO] Rule:233 - rule LPUART IPParameter rename Prescaler parameter to ClockPrescaler for STM32G4 is applicable
2025-11-21 12:43:23,428 [INFO] Rule:233 - rule LPUART IPParameter rename Prescaler parameter to ClockPrescaler for STM32L5 is applicable
2025-11-21 12:43:23,428 [INFO] Rule:233 - rule LPUART IPParameter rename Prescaler parameter to ClockPrescaler for STM32L5 is applicable
2025-11-21 12:43:23,428 [INFO] Rule:233 - rule LPUART IPParameter rename Prescaler parameter to ClockPrescaler for STM32G4 is applicable
2025-11-21 12:43:23,428 [INFO] Rule:233 - rule LPUART IPParameter rename Prescaler parameter to ClockPrescaler for STM32G4 is applicable
2025-11-21 12:43:23,428 [INFO] Rule:233 - rule USB device lib V2.5.3 for L0 rename USBD_SUPPORT_USER_STRING parameter to USBD_SUPPORT_USER_STRING_DESC4 is applicable
2025-11-21 12:43:23,428 [INFO] Rule:233 - rule I2SCLockSelection clock entry align is applicable
2025-11-21 12:43:23,428 [INFO] Rule:233 - rule Assign TIMx context if used as SYS timebase is applicable
2025-11-21 12:43:23,429 [INFO] Rule:233 - rule Change GPIO_Pu Default Value for I2C is applicable
2025-11-21 12:43:23,429 [INFO] Rule:233 - rule Change GPIO_Pu Default Value for SMBus is applicable
2025-11-21 12:43:23,429 [INFO] Rule:233 - rule change FDCAN default value is applicable
2025-11-21 12:43:23,429 [INFO] Rule:233 - rule Change mode sai is applicable
2025-11-21 12:43:23,429 [INFO] Rule:233 - rule **Change sai mode is applicable
2025-11-21 12:43:23,429 [INFO] Rule:233 - rule Rename STM32WPAN CFG_BLE_IRK to CFG_BLE_IR is applicable
2025-11-21 12:43:23,429 [INFO] Rule:233 - rule Rename STM32WPAN CFG_BLE_ERK to CFG_BLE_ER is applicable
2025-11-21 12:43:23,429 [INFO] Rule:233 - rule Rename STM32WPAN CFG_BLE_IRK_HEX to CFG_BLE_IR_HEX is applicable
2025-11-21 12:43:23,429 [INFO] Rule:233 - rule Rename STM32WPAN CFG_BLE_ERK_HEX to CFG_BLE_ER_HEX is applicable
2025-11-21 12:43:23,429 [INFO] Rule:233 - rule Adapt Old IOC before rework replace old CORTEX_M33/CORTEX_M55 attributes by the new one. is applicable
2025-11-21 12:43:23,429 [INFO] Rule:233 - rule Rename parametre of RCC RCC_APBDBG_DIV2 to RCC_TIMPRES_DIV2 is applicable
2025-11-21 12:43:23,429 [INFO] Rule:233 - rule Rename DIE493 pin PA10 [PA12] -> PA10 is applicable
2025-11-21 12:43:23,429 [INFO] Rule:233 - rule Rename DIE493 pin PA9 [PA11] -> PA9 is applicable
2025-11-21 12:43:23,430 [INFO] Rule:233 - rule Rename DIE492 PartNumber CPN STM32WBA5MJGHx -> STM32WBA5MMGHx is applicable
2025-11-21 12:43:23,430 [INFO] Rule:233 - rule Rename DIE492 PartNumber  Name STM32WBA5MJGHx -> STM32WBA5MMGHx is applicable
2025-11-21 12:43:23,430 [INFO] Rule:233 - rule Rename DIE492 PartNumber UserName STM32WBA5MJGHx -> STM32WBA5MMGHx is applicable
2025-11-21 12:43:23,430 [INFO] Rule:233 - rule Rename DIE492 PartNumber DeviceId STM32WBA5MJGHx -> STM32WBA5MMGHx is applicable
2025-11-21 12:43:23,430 [INFO] Rule:233 - rule Adapt Old IOC CSI. is applicable
2025-11-21 12:43:23,430 [INFO] Rule:233 - rule Adapt Old IOC DCMIPP. is applicable
2025-11-21 12:43:23,430 [INFO] Rule:233 - rule Adapt Old IOC DCMIPP Mode Parallel. is applicable
2025-11-21 12:43:23,430 [INFO] Rule:233 - rule Adapt Old IOC LTDC. is applicable
2025-11-21 12:43:23,430 [INFO] Rule:233 - rule Rename STM32MP2 RIF Peripheral LTDC RIF.RISUP.LTDC_L0L1.Privilege -> RIF.RISUP.LTDC_L1L2.Privilege is applicable
2025-11-21 12:43:23,430 [INFO] Rule:233 - rule Rename STM32MP2 RIF Peripheral LTDC RIF.RISUP.LTDC_L0L1.Privilege -> RIF.RISUP.LTDC_L1L2.Privilege is applicable
2025-11-21 12:43:23,430 [INFO] Rule:233 - rule Rename STM32MP2 RIF Peripheral LTDC RIF.RISUP.LTDC_L0L1.Lock -> RIF.RISUP.LTDC_L1L2.Lock is applicable
2025-11-21 12:43:23,430 [INFO] Rule:233 - rule Rename STM32MP2 RIF Peripheral LTDC RIF.RISUP.LTDC_L2.Lock -> RIF.RISUP.LTDC_L3.Lock is applicable
2025-11-21 12:43:23,430 [INFO] Rule:233 - rule Adapt the old IOC example for updating the SYS when it is misconfigured. is applicable
2025-11-21 12:43:23,430 [INFO] Rule:233 - rule Rename STM32C09 Mcu.Package LQFP64 -> LQFP48 is applicable
2025-11-21 12:43:23,431 [INFO] Rule:233 - rule Adapt the old IOC example for updating the SYS when it is misconfigured. is applicable
2025-11-21 12:43:23,431 [INFO] Rule:233 - rule Adapt the old IOC example for updating the SYS when it is misconfigured. is applicable
2025-11-21 12:43:23,504 [INFO] DbConfProperties:307 - Apply Compatibility (54/282 Rules)
2025-11-21 12:43:23,536 [INFO] ImportTextPane:234 - (OptionalMessage_ERROR) Unable to find key (Mcu.ThirdPartyNb) in loaded IOC file
2025-11-21 12:43:23,540 [INFO] ImportTextPane:234 - (OptionalMessage_ERROR) Pin35 (VP_RIF_VS_RIF1) cannot be retrieved for this MCU
2025-11-21 12:43:23,652 [INFO] RtosManager:558 - Registered RTOS mode: class=CMSIS, group=RTOS, mode=CMSIS_V1, owner=FREERTOS
2025-11-21 12:43:23,652 [INFO] RtosManager:558 - Registered RTOS mode: class=CMSIS, group=RTOS2, mode=CMSIS_V2, owner=FREERTOS
2025-11-21 12:43:23,652 [INFO] RtosManager:558 - Registered RTOS mode: class=RTOS, group=Core, mode=CMSIS_V1, owner=FREERTOS
2025-11-21 12:43:23,652 [INFO] RtosManager:558 - Registered RTOS mode: class=RTOS, group=Core, mode=CMSIS_V2, owner=FREERTOS
2025-11-21 12:43:23,653 [WARN] ModelIntegratedComponent:184 - Missing modes for component STMicroelectronics:FreeRTOS:0.0.1:STMicroelectronics:RTOS:FreeRTOS:Core:::10.2.0:
2025-11-21 12:43:23,688 [WARN] ModelIntegratedComponent:63 - No mode defined for component null
2025-11-21 12:43:23,688 [WARN] ModelIntegratedComponent:63 - No mode defined for component null
2025-11-21 12:43:23,688 [WARN] ModelIntegratedComponent:63 - No mode defined for component null
2025-11-21 12:43:23,688 [WARN] ModelIntegratedComponent:63 - No mode defined for component null
2025-11-21 12:43:23,688 [WARN] ModelIntegratedComponent:63 - No mode defined for component null
2025-11-21 12:43:23,688 [WARN] ModelIntegratedComponent:63 - No mode defined for component null
2025-11-21 12:43:23,688 [WARN] ModelIntegratedComponent:63 - No mode defined for component null
2025-11-21 12:43:23,689 [WARN] ModelIntegratedComponent:63 - No mode defined for component null
2025-11-21 12:43:23,689 [WARN] ModelIntegratedComponent:63 - No mode defined for component null
2025-11-21 12:43:23,689 [WARN] ModelIntegratedComponent:63 - No mode defined for component null
2025-11-21 12:43:23,689 [WARN] ModelIntegratedComponent:63 - No mode defined for component null
2025-11-21 12:43:23,689 [WARN] ModelIntegratedComponent:63 - No mode defined for component null
2025-11-21 12:43:23,689 [WARN] ModelIntegratedComponent:63 - No mode defined for component null
2025-11-21 12:43:23,689 [WARN] ModelIntegratedComponent:63 - No mode defined for component null
2025-11-21 12:43:23,689 [WARN] ModelIntegratedComponent:63 - No mode defined for component null
2025-11-21 12:43:23,689 [WARN] ModelIntegratedComponent:63 - No mode defined for component null
2025-11-21 12:43:23,689 [WARN] ModelIntegratedComponent:63 - No mode defined for component null
2025-11-21 12:43:23,690 [WARN] ModelIntegratedComponent:63 - No mode defined for component null
2025-11-21 12:43:23,690 [WARN] ModelIntegratedComponent:63 - No mode defined for component null
2025-11-21 12:43:23,690 [WARN] ModelIntegratedComponent:63 - No mode defined for component null
2025-11-21 12:43:23,690 [WARN] ModelIntegratedComponent:63 - No mode defined for component null
2025-11-21 12:43:23,690 [WARN] ModelIntegratedComponent:63 - No mode defined for component null
2025-11-21 12:43:23,690 [WARN] ModelIntegratedComponent:63 - No mode defined for component null
2025-11-21 12:43:23,690 [WARN] ModelIntegratedComponent:63 - No mode defined for component null
2025-11-21 12:43:23,690 [WARN] ModelIntegratedComponent:63 - No mode defined for component null
2025-11-21 12:43:23,690 [WARN] ModelIntegratedComponent:63 - No mode defined for component null
2025-11-21 12:43:23,690 [WARN] ModelIntegratedComponent:63 - No mode defined for component null
2025-11-21 12:43:23,690 [WARN] ModelIntegratedComponent:63 - No mode defined for component null
2025-11-21 12:43:23,690 [WARN] ModelIntegratedComponent:63 - No mode defined for component null
2025-11-21 12:43:23,690 [WARN] ModelIntegratedComponent:63 - No mode defined for component null
2025-11-21 12:43:23,691 [WARN] ModelIntegratedComponent:63 - No mode defined for component null
2025-11-21 12:43:23,691 [WARN] ModelIntegratedComponent:63 - No mode defined for component null
2025-11-21 12:43:23,691 [WARN] ModelIntegratedComponent:63 - No mode defined for component null
2025-11-21 12:43:23,691 [WARN] ModelIntegratedComponent:63 - No mode defined for component null
2025-11-21 12:43:23,691 [WARN] ModelIntegratedComponent:63 - No mode defined for component null
2025-11-21 12:43:23,691 [WARN] ModelPack:524 - Component already loaded: STMicroelectronics:HAL Drivers:0.0.0:STMicroelectronics:Device:STMicro_Driver:XSPI:HAL::0.0.1:HAL_XSPI
2025-11-21 12:43:23,998 [INFO] ThirdPartyModel:298 - Start build external matchings
2025-11-21 12:43:25,092 [INFO] ThirdPartyModel:316 - End build external matchings
2025-11-21 12:43:25,130 [INFO] ImportTextPane:234 - (OptionalMessage_ERROR) IP (RCC) : Parameter (RTCHSEDivFreq_Value) has invalid value (4000000)
2025-11-21 12:43:25,633 [INFO] UtilMem:75 - End LoadConfig() Used Memory: 764362304 Bytes (1073741824)
2025-11-21 12:43:25,683 [WARN] ThirdParty:833 - waiting for thirdparty lock release [change project]
2025-11-21 12:43:25,683 [INFO] ThirdParty:835 - entering critical section [change project]
2025-11-21 12:43:25,684 [INFO] ThirdParty:1030 - CMSIS Pack Vendor :STMicroelectronics X-CUBE-PM33A1 1.0.0
2025-11-21 12:43:25,684 [INFO] ThirdParty:1030 - CMSIS Pack Vendor :STMicroelectronics USBPD 4.1
2025-11-21 12:43:25,684 [INFO] ThirdParty:1030 - CMSIS Pack Vendor :STMicroelectronics X-CUBE-NFC9 1.0.0
2025-11-21 12:43:25,684 [INFO] ThirdParty:1030 - CMSIS Pack Vendor :STMicroelectronics USB_HOST 2.0.0
2025-11-21 12:43:25,684 [INFO] ThirdParty:1030 - CMSIS Pack Vendor :STMicroelectronics FP-SNS-MOTENVWB1 1.4.0
2025-11-21 12:43:25,684 [INFO] ThirdParty:1030 - CMSIS Pack Vendor :STMicroelectronics X-CUBE-AZRTOS-F4 1.1.0
2025-11-21 12:43:25,684 [INFO] ThirdParty:1030 - CMSIS Pack Vendor :STMicroelectronics LIBJPEG 8.0.0
2025-11-21 12:43:25,684 [INFO] ThirdParty:1030 - CMSIS Pack Vendor :STMicroelectronics FP-ATR-ASTRA1 2.0.2
2025-11-21 12:43:25,684 [INFO] ThirdParty:1030 - CMSIS Pack Vendor :wolfSSL I-CUBE-wolfSSL 5.8.2
2025-11-21 12:43:25,684 [INFO] ThirdParty:1030 - CMSIS Pack Vendor :STMicroelectronics X-CUBE-BLE1 7.1.0
2025-11-21 12:43:25,684 [INFO] ThirdParty:1030 - CMSIS Pack Vendor :STMicroelectronics X-CUBE-SMBUS 2.1.0
2025-11-21 12:43:25,684 [INFO] ThirdParty:1030 - CMSIS Pack Vendor :wolfSSL I-CUBE-wolfMQTT 1.19.2
2025-11-21 12:43:25,684 [INFO] ThirdParty:1030 - CMSIS Pack Vendor :STMicroelectronics USB_DEVICE 3.0.0
2025-11-21 12:43:25,684 [INFO] ThirdParty:1030 - CMSIS Pack Vendor :STMicroelectronics X-CUBE-ISPU 2.1.0
2025-11-21 12:43:25,684 [INFO] ThirdParty:1030 - CMSIS Pack Vendor :STMicroelectronics X-CUBE-EEPRMA1 5.2.0
2025-11-21 12:43:25,685 [INFO] ThirdParty:1030 - CMSIS Pack Vendor :STMicroelectronics X-CUBE-IPS 3.2.0
2025-11-21 12:43:25,685 [INFO] ThirdParty:1030 - CMSIS Pack Vendor :STMicroelectronics X-CUBE-BLEMGR 4.1.0
2025-11-21 12:43:25,685 [INFO] ThirdParty:1030 - CMSIS Pack Vendor :STMicroelectronics X-CUBE-AZRTOS-WB 2.0.0
2025-11-21 12:43:25,685 [INFO] ThirdParty:1030 - CMSIS Pack Vendor :STMicroelectronics X-CUBE-NFC12 1.0.0
2025-11-21 12:43:25,685 [INFO] ThirdParty:1030 - CMSIS Pack Vendor :STMicroelectronics X-CUBE-AZRTOS-F7 1.1.0
2025-11-21 12:43:25,685 [INFO] ThirdParty:1030 - CMSIS Pack Vendor :STMicroelectronics X-CUBE-AZRTOS-L5 2.0.0
2025-11-21 12:43:25,685 [INFO] ThirdParty:1030 - CMSIS Pack Vendor :STMicroelectronics USB_DEVICE 2.0.0
2025-11-21 12:43:25,685 [INFO] ThirdParty:1030 - CMSIS Pack Vendor :STMicroelectronics X-CUBE-NFC6 3.1.0
2025-11-21 12:43:25,685 [INFO] ThirdParty:1030 - CMSIS Pack Vendor :STMicroelectronics X-CUBE-ST67W61 1.1.0
2025-11-21 12:43:25,685 [INFO] ThirdParty:1030 - CMSIS Pack Vendor :Cesanta I-CUBE-Mongoose 7.19.0
2025-11-21 12:43:25,685 [INFO] ThirdParty:1030 - CMSIS Pack Vendor :quantropi X-CUBE-qispace-sdk-base 2.1.0
2025-11-21 12:43:25,685 [INFO] ThirdParty:1030 - CMSIS Pack Vendor :STMicroelectronics FP-SNS-MOTENV1 5.1.0
2025-11-21 12:43:25,685 [INFO] ThirdParty:1030 - CMSIS Pack Vendor :STMicroelectronics FreeRTOS 0.0.1
2025-11-21 12:43:25,685 [INFO] ThirdParty:1030 - CMSIS Pack Vendor :STMicroelectronics X-CUBE-AZRTOS-G0 1.1.0
2025-11-21 12:43:25,685 [INFO] ThirdParty:1030 - CMSIS Pack Vendor :STMicroelectronics X-CUBE-NFC4 3.0.0
2025-11-21 12:43:25,686 [INFO] ThirdParty:1030 - CMSIS Pack Vendor :STMicroelectronics X-CUBE-SUBG2 5.0.0
2025-11-21 12:43:25,686 [INFO] ThirdParty:1030 - CMSIS Pack Vendor :STMicroelectronics X-CUBE-AZRTOS-H7RS 1.1.0
2025-11-21 12:43:25,686 [INFO] ThirdParty:1030 - CMSIS Pack Vendor :STMicroelectronics STM32_WPAN 1.0.0
2025-11-21 12:43:25,686 [INFO] ThirdParty:1030 - CMSIS Pack Vendor :EmbeddedOffice I-CUBE-FS-RTOS 1.0.1
2025-11-21 12:43:25,686 [INFO] ThirdParty:1030 - CMSIS Pack Vendor :STMicroelectronics lwIP 2.0.3
2025-11-21 12:43:25,686 [INFO] ThirdParty:1030 - CMSIS Pack Vendor :WES I-CUBE-Cesium 1.4.0
2025-11-21 12:43:25,686 [INFO] ThirdParty:1030 - CMSIS Pack Vendor :STMicroelectronics USB_HOST 1.0.0
2025-11-21 12:43:25,686 [INFO] ThirdParty:1030 - CMSIS Pack Vendor :Infineon AIROC-Wi-Fi-Bluetooth-STM32 1.7.1
2025-11-21 12:43:25,686 [INFO] ThirdParty:1030 - CMSIS Pack Vendor :STMicroelectronics X-CUBE-AZRTOS-G4 2.0.0
2025-11-21 12:43:25,686 [INFO] ThirdParty:1030 - CMSIS Pack Vendor :STMicroelectronics X-CUBE-WB05N 2.0.0
2025-11-21 12:43:25,686 [INFO] ThirdParty:1030 - CMSIS Pack Vendor :STMicroelectronics PDM2PCM 3.1.0
2025-11-21 12:43:25,686 [INFO] ThirdParty:1030 - CMSIS Pack Vendor :STMicroelectronics PDM2PCM 3.3.0
2025-11-21 12:43:25,686 [INFO] ThirdParty:1030 - CMSIS Pack Vendor :wolfSSL I-CUBE-wolfTPM 3.8.0
2025-11-21 12:43:25,686 [INFO] ThirdParty:1030 - CMSIS Pack Vendor :STMicroelectronics X-CUBE-AZRTOS-H7 3.4.0
2025-11-21 12:43:25,686 [INFO] ThirdParty:1030 - CMSIS Pack Vendor :STMicroelectronics X-CUBE-DISPLAY 3.0.0
2025-11-21 12:43:25,687 [INFO] ThirdParty:1030 - CMSIS Pack Vendor :wolfSSL I-CUBE-wolfSSH 1.4.20
2025-11-21 12:43:25,687 [INFO] ThirdParty:1030 - CMSIS Pack Vendor :STMicroelectronics X-CUBE-NFC7 2.0.0
2025-11-21 12:43:25,687 [INFO] ThirdParty:1030 - CMSIS Pack Vendor :STMicroelectronics X-CUBE-TCPP 4.2.0
2025-11-21 12:43:25,687 [INFO] ThirdParty:1030 - CMSIS Pack Vendor :RealThread X-CUBE-RT-Thread_Nano 4.1.1
2025-11-21 12:43:25,687 [INFO] ThirdParty:1030 - CMSIS Pack Vendor :STMicroelectronics FP-ATR-SIGFOX1 3.2.0
2025-11-21 12:43:25,687 [INFO] ThirdParty:1030 - CMSIS Pack Vendor :STMicroelectronics X-CUBE-NFC10 1.0.0
2025-11-21 12:43:25,687 [INFO] ThirdParty:1030 - CMSIS Pack Vendor :STMicroelectronics X-CUBE-FREERTOS 1.3.1
2025-11-21 12:43:25,687 [INFO] ThirdParty:1030 - CMSIS Pack Vendor :STMicroelectronics HAL Drivers 0.0.0
2025-11-21 12:43:25,687 [INFO] ThirdParty:1030 - CMSIS Pack Vendor :STMicroelectronics MBEDTLS 2.16.2
2025-11-21 12:43:25,687 [INFO] ThirdParty:1030 - CMSIS Pack Vendor :STMicroelectronics X-CUBE-ST60 1.1.0
2025-11-21 12:43:25,687 [INFO] ThirdParty:1030 - CMSIS Pack Vendor :STMicroelectronics X-CUBE-ALS 1.0.2
2025-11-21 12:43:25,687 [INFO] ThirdParty:1030 - CMSIS Pack Vendor :emotas I-CUBE-CANOPEN 1.3.0
2025-11-21 12:43:25,688 [INFO] ThirdParty:1030 - CMSIS Pack Vendor :STMicroelectronics MBEDTLS 2.14.1
2025-11-21 12:43:25,688 [INFO] ThirdParty:1030 - CMSIS Pack Vendor :STMicroelectronics X-CUBE-GNSS1 7.1.0
2025-11-21 12:43:25,688 [INFO] ThirdParty:1030 - CMSIS Pack Vendor :ITTIA_DB I-CUBE-ITTIADB 8.9.0
2025-11-21 12:43:25,688 [INFO] ThirdParty:1030 - CMSIS Pack Vendor :STMicroelectronics X-CUBE-TOUCHGFX 4.26.0
2025-11-21 12:43:25,688 [INFO] ThirdParty:1030 - CMSIS Pack Vendor :STMicroelectronics X-CUBE-STSE01 1.0.0
2025-11-21 12:43:25,688 [INFO] ThirdParty:1030 - CMSIS Pack Vendor :STMicroelectronics FP-SNS-STBOX1 2.1.0
2025-11-21 12:43:25,688 [INFO] ThirdParty:1030 - CMSIS Pack Vendor :STMicroelectronics X-CUBE-AI 10.2.0
2025-11-21 12:43:25,688 [INFO] ThirdParty:1030 - CMSIS Pack Vendor :STMicroelectronics FP-SNS-STAIOTCFT 1.0.0
2025-11-21 12:43:25,689 [INFO] ThirdParty:1030 - CMSIS Pack Vendor :STMicroelectronics ThreadX 1.0.0
2025-11-21 12:43:25,689 [INFO] ThirdParty:1030 - CMSIS Pack Vendor :STMicroelectronics FP-SNS-SMARTAG2 1.2.0
2025-11-21 12:43:25,689 [INFO] ThirdParty:1030 - CMSIS Pack Vendor :STMicroelectronics FP-SNS-FLIGHT1 5.1.0
2025-11-21 12:43:25,689 [INFO] ThirdParty:1030 - CMSIS Pack Vendor :STMicroelectronics X-CUBE-AZRTOS-WL 2.0.0
2025-11-21 12:43:25,690 [INFO] ThirdParty:1030 - CMSIS Pack Vendor :SEGGER I-CUBE-embOS 1.3.1
2025-11-21 12:43:25,690 [INFO] ThirdParty:1030 - CMSIS Pack Vendor :STMicroelectronics X-CUBE-ALGOBUILD 1.4.0
2025-11-21 12:43:25,690 [INFO] ThirdParty:1030 - CMSIS Pack Vendor :STMicroelectronics X-CUBE-DPower 1.3.0
2025-11-21 12:43:25,690 [INFO] ThirdParty:1030 - CMSIS Pack Vendor :STMicroelectronics X-CUBE-MEMS1 11.3.0
2025-11-21 12:43:25,690 [INFO] ThirdParty:1030 - CMSIS Pack Vendor :STMicroelectronics USB_DEVICE 1.0.0
2025-11-21 12:43:25,690 [INFO] ThirdParty:1030 - CMSIS Pack Vendor :STMicroelectronics X-CUBE-AZRTOS-L4 2.0.0
2025-11-21 12:43:25,690 [INFO] ThirdParty:1030 - CMSIS Pack Vendor :STMicroelectronics ThreadX 0.0.2
2025-11-21 12:43:25,691 [INFO] ThirdParty:1030 - CMSIS Pack Vendor :STMicroelectronics lwIP 2.1.2
2025-11-21 12:43:25,691 [INFO] ThirdParty:1030 - CMSIS Pack Vendor :STMicroelectronics X-CUBE-SFXS2LP1 4.0.0
2025-11-21 12:43:25,691 [INFO] ThirdParty:1030 - CMSIS Pack Vendor :STMicroelectronics X-CUBE-BLE2 3.3.0
2025-11-21 12:43:25,692 [INFO] ThirdParty:1030 - CMSIS Pack Vendor :Avnet-IOTCONNECT X-CUBE-iotc-st67-sdk 1.0.0
2025-11-21 12:43:25,692 [INFO] ThirdParty:1030 - CMSIS Pack Vendor :STMicroelectronics X-CUBE-TOF1 3.4.3
2025-11-21 12:43:25,692 [INFO] ThirdParty:1030 - CMSIS Pack Vendor :STMicroelectronics PDM2PCM 3.2.0
2025-11-21 12:43:25,692 [INFO] ThirdParty:841 - exiting critical section [change project]
2025-11-21 12:43:26,169 [INFO] PinOutPanel:1589 - setPackage(No Configuration,No Configuration)
2025-11-21 12:43:26,170 [INFO] PinOutPanel:1589 - setPackage(STM32F407VGTx,LQFP100)
2025-11-21 12:43:26,634 [INFO] UtilMem:75 - Before build in PCC Used Memory: 967809600 Bytes (1073741824)
2025-11-21 12:43:27,314 [INFO] UtilMem:75 - After build in PCC Used Memory: 1014995536 Bytes (1073741824)
2025-11-21 12:43:27,327 [INFO] ApiDbMcu:532 - Load IP Config File for USB_HOST
2025-11-21 12:43:27,328 [WARN] BspModel:444 - BSP dependency skipped because of component: name='IOExpander', api='Unknown'
2025-11-21 12:43:27,387 [INFO] IPUIPlugin:80 - create IPUIPlugin
2025-11-21 12:43:27,387 [INFO] IPUIPlugin:80 - create IPUIPlugin
2025-11-21 12:43:27,387 [INFO] IPUIPlugin:80 - create IPUIPlugin
2025-11-21 12:43:27,387 [INFO] IPUIPlugin:80 - create IPUIPlugin
2025-11-21 12:43:27,387 [INFO] IPUIPlugin:80 - create IPUIPlugin
2025-11-21 12:43:27,387 [INFO] IPUIPlugin:80 - create IPUIPlugin
2025-11-21 12:43:27,388 [INFO] IPUIPlugin:80 - create IPUIPlugin
2025-11-21 12:43:27,388 [INFO] IPUIPlugin:80 - create IPUIPlugin
2025-11-21 12:43:27,388 [INFO] IPUIPlugin:80 - create IPUIPlugin
2025-11-21 12:43:27,388 [INFO] IPUIPlugin:80 - create IPUIPlugin
2025-11-21 12:43:27,388 [INFO] IPUIPlugin:80 - create IPUIPlugin
2025-11-21 12:43:27,389 [INFO] IPUIPlugin:80 - create IPUIPlugin
2025-11-21 12:43:27,389 [INFO] IPUIPlugin:80 - create IPUIPlugin
2025-11-21 12:43:27,389 [INFO] IPUIPlugin:80 - create IPUIPlugin
2025-11-21 12:43:27,389 [INFO] IPUIPlugin:80 - create IPUIPlugin
2025-11-21 12:43:27,389 [INFO] IPUIPlugin:80 - create IPUIPlugin
2025-11-21 12:43:27,390 [INFO] IPUIPlugin:80 - create IPUIPlugin
2025-11-21 12:43:27,390 [INFO] IPUIPlugin:80 - create IPUIPlugin
2025-11-21 12:43:27,390 [INFO] IPUIPlugin:80 - create IPUIPlugin
2025-11-21 12:43:27,390 [INFO] IPUIPlugin:80 - create IPUIPlugin
2025-11-21 12:43:27,390 [INFO] IPUIPlugin:80 - create IPUIPlugin
2025-11-21 12:43:27,391 [INFO] IPUIPlugin:80 - create IPUIPlugin
2025-11-21 12:43:27,391 [INFO] IPUIPlugin:80 - create IPUIPlugin
2025-11-21 12:43:27,392 [INFO] IPUIPlugin:80 - create IPUIPlugin
2025-11-21 12:43:27,392 [INFO] IPUIPlugin:80 - create IPUIPlugin
2025-11-21 12:43:27,393 [INFO] IPUIPlugin:80 - create IPUIPlugin
2025-11-21 12:43:27,393 [INFO] IPUIPlugin:80 - create IPUIPlugin
2025-11-21 12:43:27,393 [INFO] IPUIPlugin:80 - create IPUIPlugin
2025-11-21 12:43:27,394 [INFO] IPUIPlugin:80 - create IPUIPlugin
2025-11-21 12:43:27,394 [INFO] IPUIPlugin:80 - create IPUIPlugin
2025-11-21 12:43:27,394 [INFO] IPUIPlugin:80 - create IPUIPlugin
2025-11-21 12:43:27,395 [INFO] IPUIPlugin:80 - create IPUIPlugin
2025-11-21 12:43:27,395 [INFO] IPUIPlugin:80 - create IPUIPlugin
2025-11-21 12:43:27,395 [INFO] IPUIPlugin:80 - create IPUIPlugin
2025-11-21 12:43:27,397 [INFO] IPUIPlugin:80 - create IPUIPlugin
2025-11-21 12:43:27,397 [INFO] IPUIPlugin:80 - create IPUIPlugin
2025-11-21 12:43:27,397 [INFO] IPUIPlugin:80 - create IPUIPlugin
2025-11-21 12:43:27,398 [INFO] IPUIPlugin:80 - create IPUIPlugin
2025-11-21 12:43:27,398 [INFO] IPUIPlugin:80 - create IPUIPlugin
2025-11-21 12:43:27,398 [INFO] IPUIPlugin:80 - create IPUIPlugin
2025-11-21 12:43:27,399 [INFO] IPUIPlugin:80 - create IPUIPlugin
2025-11-21 12:43:27,399 [INFO] IPUIPlugin:80 - create IPUIPlugin
2025-11-21 12:43:27,400 [INFO] IPUIPlugin:80 - create IPUIPlugin
2025-11-21 12:43:27,400 [INFO] IPUIPlugin:80 - create IPUIPlugin
2025-11-21 12:43:27,400 [INFO] IPUIPlugin:80 - create IPUIPlugin
2025-11-21 12:43:27,402 [INFO] IPUIPlugin:80 - create IPUIPlugin
2025-11-21 12:43:27,402 [INFO] IPUIPlugin:80 - create IPUIPlugin
2025-11-21 12:43:27,403 [INFO] IPUIPlugin:80 - create IPUIPlugin
2025-11-21 12:43:27,403 [INFO] IPUIPlugin:80 - create IPUIPlugin
2025-11-21 12:43:27,404 [INFO] IPUIPlugin:80 - create IPUIPlugin
2025-11-21 12:43:27,404 [INFO] IPUIPlugin:80 - create IPUIPlugin
2025-11-21 12:43:27,405 [INFO] IPUIPlugin:80 - create IPUIPlugin
2025-11-21 12:43:27,405 [INFO] IPUIPlugin:80 - create IPUIPlugin
2025-11-21 12:43:27,406 [INFO] IPUIPlugin:80 - create IPUIPlugin
2025-11-21 12:43:27,406 [INFO] IPUIPlugin:80 - create IPUIPlugin
2025-11-21 12:43:27,407 [INFO] IPUIPlugin:80 - create IPUIPlugin
2025-11-21 12:43:27,408 [INFO] IPUIPlugin:80 - create IPUIPlugin
2025-11-21 12:43:27,408 [INFO] IPUIPlugin:80 - create IPUIPlugin
2025-11-21 12:43:27,416 [INFO] ApiDbMcu:532 - Load IP Config File for PDM2PCM
2025-11-21 12:43:27,419 [WARN] IP:2250 - I2C_Coeff_DF not found: check if there is a RefParameter without a condition.
2025-11-21 12:43:27,419 [WARN] IP:2250 - Analog_Filter not found: check if there is a RefParameter without a condition.
2025-11-21 12:43:27,425 [INFO] I2sManager:658 - 9.6E7
2025-11-21 12:43:27,425 [INFO] I2sManager:195 - I2S Clock Value : 9.6E7
2025-11-21 12:43:27,426 [INFO] I2sManager:553 - AudioClock : 93750Divider : 2Odd : 0
2025-11-21 12:43:27,555 [INFO] CADModel:165 - CPN selected for project levelSTM32F407VGT6
2025-11-21 12:43:27,555 [INFO] CADModel:114 - Register for checkConnection events
2025-11-21 12:43:27,620 [INFO] OpenFileManager:386 - Restore cursor
2025-11-21 12:43:28,155 [WARN] IP:2250 - I2C_Coeff_DF not found: check if there is a RefParameter without a condition.
2025-11-21 12:43:28,155 [WARN] IP:2250 - Analog_Filter not found: check if there is a RefParameter without a condition.
2025-11-21 12:43:28,156 [WARN] IP:2250 - I2C_Coeff_DF not found: check if there is a RefParameter without a condition.
2025-11-21 12:43:28,156 [WARN] IP:2250 - Analog_Filter not found: check if there is a RefParameter without a condition.
2025-11-21 12:43:28,804 [INFO] UtilMem:75 - End SaveConfig() Used Memory: 894193520 Bytes (1073741824)
2025-11-21 12:43:29,065 [INFO] UtilMem:75 - End SaveConfig() Used Memory: 916117048 Bytes (1073741824)
2025-11-21 12:43:29,904 [INFO] BlockDiagram:2775 - set Specific Code input for plugin: SPI
2025-11-21 12:43:29,905 [INFO] BlockDiagram:2775 - set Specific Code input for plugin: I2S
2025-11-21 12:43:29,905 [INFO] BlockDiagram:2775 - set Specific Code input for plugin: SYS
2025-11-21 12:43:29,905 [INFO] BlockDiagram:2775 - set Specific Code input for plugin: RCC
2025-11-21 12:43:29,905 [INFO] BlockDiagram:2775 - set Specific Code input for plugin: I2C
2025-11-21 12:43:29,905 [INFO] BlockDiagram:2775 - set Specific Code input for plugin: USB_OTG_FS
2025-11-21 12:43:29,905 [INFO] BlockDiagram:2775 - set Specific Code input for plugin: NVIC
2025-11-21 12:43:29,905 [INFO] BlockDiagram:2775 - set Specific Code input for plugin: USB_HOST
2025-11-21 12:43:29,906 [INFO] BlockDiagram:2775 - set Specific Code input for plugin: GPIO
2025-11-21 12:43:29,910 [INFO] CodeGenerator:892 - code generatio: config db path: C:\ST\STM32CubeIDE_1.19.0\STM32CubeIDE\plugins\com.st.stm32cube.common.mx_6.15.0.202507011659\\db\
2025-11-21 12:43:29,918 [WARN] IP:2250 - I2C_Coeff_DF not found: check if there is a RefParameter without a condition.
2025-11-21 12:43:29,918 [WARN] IP:2250 - Analog_Filter not found: check if there is a RefParameter without a condition.
2025-11-21 12:43:30,328 [INFO] CodeEngine:265 - oldGeneratedFile, D:\BITSILICA_WORKSHEETS\STM32L476RG\STM32F407G\01\MXTmpFiles\license.tmp_save
2025-11-21 12:43:31,236 [INFO] CodeEngine:289 - Generated code: D:\BITSILICA_WORKSHEETS\STM32L476RG\STM32F407G\01\MXTmpFiles\license.tmp
2025-11-21 12:43:31,379 [INFO] CodeEngine:265 - oldGeneratedFile, D:\BITSILICA_WORKSHEETS\STM32L476RG\STM32F407G\01\MXTmpFiles\gpio.tmp_save
2025-11-21 12:43:31,711 [INFO] CodeEngine:289 - Generated code: D:\BITSILICA_WORKSHEETS\STM32L476RG\STM32F407G\01\MXTmpFiles\gpio.tmp
2025-11-21 12:43:31,902 [WARN] IPConfigManager:3238 - Warning: the RefConfig PWREx_EnableUSBVoltageDetector is not available in your config.xml file
2025-11-21 12:43:31,938 [INFO] CodeEngine:265 - oldGeneratedFile, D:\BITSILICA_WORKSHEETS\STM32L476RG\STM32F407G\01\MXTmpFiles\usb_otg_fs_vars.tmp_save
2025-11-21 12:43:32,301 [INFO] CodeEngine:289 - Generated code: D:\BITSILICA_WORKSHEETS\STM32L476RG\STM32F407G\01\MXTmpFiles\usb_otg_fs_vars.tmp
2025-11-21 12:43:32,336 [INFO] CodeEngine:265 - oldGeneratedFile, D:\BITSILICA_WORKSHEETS\STM32L476RG\STM32F407G\01\MXTmpFiles\usb_otg_fs_inc.tmp_save
2025-11-21 12:43:32,509 [INFO] CodeEngine:289 - Generated code: D:\BITSILICA_WORKSHEETS\STM32L476RG\STM32F407G\01\MXTmpFiles\usb_otg_fs_inc.tmp
2025-11-21 12:43:32,530 [INFO] CodeEngine:265 - oldGeneratedFile, D:\BITSILICA_WORKSHEETS\STM32L476RG\STM32F407G\01\MXTmpFiles\usb_otg_fs_HalInit.tmp_save
2025-11-21 12:43:32,790 [INFO] CodeEngine:289 - Generated code: D:\BITSILICA_WORKSHEETS\STM32L476RG\STM32F407G\01\MXTmpFiles\usb_otg_fs_HalInit.tmp
2025-11-21 12:43:32,815 [INFO] CodeEngine:265 - oldGeneratedFile, D:\BITSILICA_WORKSHEETS\STM32L476RG\STM32F407G\01\MXTmpFiles\usb_otg_fs_Msp.tmp_save
2025-11-21 12:43:33,027 [INFO] CodeEngine:289 - Generated code: D:\BITSILICA_WORKSHEETS\STM32L476RG\STM32F407G\01\MXTmpFiles\usb_otg_fs_Msp.tmp
2025-11-21 12:43:33,566 [INFO] CodeEngine:265 - oldGeneratedFile, D:\BITSILICA_WORKSHEETS\STM32L476RG\STM32F407G\01\USB_HOST\App\usb_host.c_save
2025-11-21 12:43:33,744 [INFO] CodeEngine:289 - Generated code: D:\BITSILICA_WORKSHEETS\STM32L476RG\STM32F407G\01\USB_HOST\App\usb_host.c
2025-11-21 12:43:33,767 [INFO] CodeEngine:265 - oldGeneratedFile, D:\BITSILICA_WORKSHEETS\STM32L476RG\STM32F407G\01\USB_HOST\App\usb_host.h_save
2025-11-21 12:43:33,954 [INFO] CodeEngine:289 - Generated code: D:\BITSILICA_WORKSHEETS\STM32L476RG\STM32F407G\01\USB_HOST\App\usb_host.h
2025-11-21 12:43:33,979 [INFO] CodeEngine:265 - oldGeneratedFile, D:\BITSILICA_WORKSHEETS\STM32L476RG\STM32F407G\01\USB_HOST\Target\usbh_conf.h_save
2025-11-21 12:43:34,108 [INFO] CodeEngine:289 - Generated code: D:\BITSILICA_WORKSHEETS\STM32L476RG\STM32F407G\01\USB_HOST\Target\usbh_conf.h
2025-11-21 12:43:34,130 [INFO] CodeEngine:265 - oldGeneratedFile, D:\BITSILICA_WORKSHEETS\STM32L476RG\STM32F407G\01\USB_HOST\Target\usbh_conf.c_save
2025-11-21 12:43:34,368 [INFO] CodeEngine:289 - Generated code: D:\BITSILICA_WORKSHEETS\STM32L476RG\STM32F407G\01\USB_HOST\Target\usbh_conf.c
2025-11-21 12:43:34,471 [INFO] CodeEngine:265 - oldGeneratedFile, D:\BITSILICA_WORKSHEETS\STM32L476RG\STM32F407G\01\USB_HOST\Target\usbh_platform.c_save
2025-11-21 12:43:34,651 [INFO] CodeEngine:289 - Generated code: D:\BITSILICA_WORKSHEETS\STM32L476RG\STM32F407G\01\USB_HOST\Target\usbh_platform.c
2025-11-21 12:43:34,674 [INFO] CodeEngine:265 - oldGeneratedFile, D:\BITSILICA_WORKSHEETS\STM32L476RG\STM32F407G\01\USB_HOST\Target\usbh_platform.h_save
2025-11-21 12:43:34,788 [INFO] CodeEngine:289 - Generated code: D:\BITSILICA_WORKSHEETS\STM32L476RG\STM32F407G\01\USB_HOST\Target\usbh_platform.h
2025-11-21 12:43:34,837 [INFO] CodeEngine:265 - oldGeneratedFile, D:\BITSILICA_WORKSHEETS\STM32L476RG\STM32F407G\01\Core\Src\stm32f4xx_it.c_save
2025-11-21 12:43:35,217 [INFO] CodeEngine:289 - Generated code: D:\BITSILICA_WORKSHEETS\STM32L476RG\STM32F407G\01\Core\Src\stm32f4xx_it.c
2025-11-21 12:43:35,263 [INFO] CodeEngine:265 - oldGeneratedFile, D:\BITSILICA_WORKSHEETS\STM32L476RG\STM32F407G\01\Core\Inc\stm32f4xx_it.h_save
2025-11-21 12:43:35,366 [INFO] CodeEngine:289 - Generated code: D:\BITSILICA_WORKSHEETS\STM32L476RG\STM32F407G\01\Core\Inc\stm32f4xx_it.h
2025-11-21 12:43:35,409 [INFO] CodeEngine:265 - oldGeneratedFile, D:\BITSILICA_WORKSHEETS\STM32L476RG\STM32F407G\01\Core\Src\stm32f4xx_hal_msp.c_save
2025-11-21 12:43:35,543 [INFO] CodeEngine:289 - Generated code: D:\BITSILICA_WORKSHEETS\STM32L476RG\STM32F407G\01\Core\Src\stm32f4xx_hal_msp.c
2025-11-21 12:43:35,562 [INFO] CodeEngine:265 - oldGeneratedFile, D:\BITSILICA_WORKSHEETS\STM32L476RG\STM32F407G\01\MXTmpFiles\system.tmp_save
2025-11-21 12:43:35,661 [INFO] CodeEngine:289 - Generated code: D:\BITSILICA_WORKSHEETS\STM32L476RG\STM32F407G\01\MXTmpFiles\system.tmp
2025-11-21 12:43:35,703 [INFO] CodeEngine:321 - oldGeneratedFile, D:\BITSILICA_WORKSHEETS\STM32L476RG\STM32F407G\01\Core\Inc\stm32f4xx_hal_conf.h_save
2025-11-21 12:43:35,831 [INFO] CodeEngine:345 - Generated code: D:\BITSILICA_WORKSHEETS\STM32L476RG\STM32F407G\01\Core\Inc\stm32f4xx_hal_conf.h
2025-11-21 12:43:35,883 [INFO] ApiDbMcu:532 - Load IP Config File for I2C1
2025-11-21 12:43:35,887 [INFO] ApiDbMcu:532 - Load IP Config File for I2S3
2025-11-21 12:43:35,891 [INFO] ApiDbMcu:532 - Load IP Config File for SPI1
2025-11-21 12:43:35,898 [INFO] ApiDbMcu:532 - Load IP Config File for RCC
2025-11-21 12:43:35,925 [INFO] CodeEngine:265 - oldGeneratedFile, D:\BITSILICA_WORKSHEETS\STM32L476RG\STM32F407G\01\Core\Inc\main.h_save
2025-11-21 12:43:36,082 [INFO] CodeEngine:289 - Generated code: D:\BITSILICA_WORKSHEETS\STM32L476RG\STM32F407G\01\Core\Inc\main.h
2025-11-21 12:43:36,107 [INFO] CodeEngine:265 - oldGeneratedFile, D:\BITSILICA_WORKSHEETS\STM32L476RG\STM32F407G\01\Core\Src\main.c_save
2025-11-21 12:43:36,296 [INFO] CodeEngine:289 - Generated code: D:\BITSILICA_WORKSHEETS\STM32L476RG\STM32F407G\01\Core\Src\main.c
2025-11-21 12:43:37,347 [INFO] ProjectBuilder:3606 - Time for Copy HAL[1] : 712mS.
2025-11-21 12:43:37,376 [INFO] ProjectBuilder:5216 - Project Generator version: 4.7.0-B52
2025-11-21 12:43:37,505 [INFO] ConfigFileManager:1595 - The Die is : DIE413
2025-11-21 12:43:37,512 [INFO] ApiDbMcu:532 - Load IP Config File for FATFS
2025-11-21 12:43:37,520 [INFO] ApiDbMcu:532 - Load IP Config File for FREERTOS
2025-11-21 12:43:37,525 [INFO] ApiDbMcu:532 - Load IP Config File for LIBJPEG
2025-11-21 12:43:37,536 [INFO] ApiDbMcu:532 - Load IP Config File for LWIP
2025-11-21 12:43:37,548 [INFO] ApiDbMcu:532 - Load IP Config File for MBEDTLS
2025-11-21 12:43:37,560 [INFO] ApiDbMcu:532 - Load IP Config File for USB_DEVICE
2025-11-21 12:43:43,908 [INFO] ProjectBuilder:5496 - Time for Generating toolchain IDE Files: 6532mS.
2025-11-21 12:43:43,911 [INFO] ProjectBuilder:3463 - Time for Copy CMSIS : 2mS.
2025-11-21 12:43:43,938 [INFO] ProjectBuilder:3463 - Time for Copy CMSIS : 1mS.
2025-11-21 12:43:45,343 [INFO] McuFinderGlobals:76 - Set McuFinderConnectedMode to true
2025-11-21 12:43:45,438 [INFO] ApiDb:448 - Save user favorites file C:\Users\augus/.stm32cubeide/favorites.mcus.txt: 0 item(s)
2025-11-21 12:43:45,439 [INFO] ApiDb:452 - User favorites MCUs=[]
2025-11-21 12:43:45,444 [INFO] ApiDb:448 - Save user favorites file C:\Users\augus/.stm32cubeide/favorites.boards.txt: 1 item(s)
2025-11-21 12:43:45,445 [INFO] ApiDb:452 - User favorites Boards=[NUCLEO-L476RG]
2025-11-21 12:47:34,120 [INFO] UtilMem:75 - End SaveConfig() Used Memory: 914704912 Bytes (1073741824)
2025-11-21 12:47:36,106 [INFO] UtilMem:75 - End SaveConfig() Used Memory: 941445648 Bytes (1073741824)
2025-11-21 12:47:37,859 [INFO] UtilMem:75 - End SaveConfig() Used Memory: 747864608 Bytes (1073741824)
2025-11-21 12:47:38,134 [INFO] BlockDiagram:2775 - set Specific Code input for plugin: SPI
2025-11-21 12:47:38,135 [INFO] BlockDiagram:2775 - set Specific Code input for plugin: I2S
2025-11-21 12:47:38,135 [INFO] BlockDiagram:2775 - set Specific Code input for plugin: SYS
2025-11-21 12:47:38,135 [INFO] BlockDiagram:2775 - set Specific Code input for plugin: RCC
2025-11-21 12:47:38,135 [INFO] BlockDiagram:2775 - set Specific Code input for plugin: I2C
2025-11-21 12:47:38,135 [INFO] BlockDiagram:2775 - set Specific Code input for plugin: USB_OTG_FS
2025-11-21 12:47:38,135 [INFO] BlockDiagram:2775 - set Specific Code input for plugin: NVIC
2025-11-21 12:47:38,137 [INFO] BlockDiagram:2775 - set Specific Code input for plugin: GPIO
2025-11-21 12:47:38,140 [INFO] CodeGenerator:892 - code generatio: config db path: C:\ST\STM32CubeIDE_1.19.0\STM32CubeIDE\plugins\com.st.stm32cube.common.mx_6.15.0.202507011659\\db\
2025-11-21 12:47:38,145 [WARN] IP:2250 - I2C_Coeff_DF not found: check if there is a RefParameter without a condition.
2025-11-21 12:47:38,145 [WARN] IP:2250 - Analog_Filter not found: check if there is a RefParameter without a condition.
2025-11-21 12:47:38,270 [INFO] CodeEngine:265 - oldGeneratedFile, D:\BITSILICA_WORKSHEETS\STM32L476RG\STM32F407G\01\MXTmpFiles\license.tmp_save
2025-11-21 12:47:38,587 [INFO] CodeEngine:289 - Generated code: D:\BITSILICA_WORKSHEETS\STM32L476RG\STM32F407G\01\MXTmpFiles\license.tmp
2025-11-21 12:47:38,703 [INFO] CodeEngine:265 - oldGeneratedFile, D:\BITSILICA_WORKSHEETS\STM32L476RG\STM32F407G\01\MXTmpFiles\gpio.tmp_save
2025-11-21 12:47:38,938 [INFO] CodeEngine:289 - Generated code: D:\BITSILICA_WORKSHEETS\STM32L476RG\STM32F407G\01\MXTmpFiles\gpio.tmp
2025-11-21 12:47:39,303 [WARN] IPConfigManager:3238 - Warning: the RefConfig PWREx_EnableUSBVoltageDetector is not available in your config.xml file
2025-11-21 12:47:39,349 [INFO] CodeEngine:265 - oldGeneratedFile, D:\BITSILICA_WORKSHEETS\STM32L476RG\STM32F407G\01\Core\Src\stm32f4xx_it.c_save
2025-11-21 12:47:39,526 [INFO] CodeEngine:289 - Generated code: D:\BITSILICA_WORKSHEETS\STM32L476RG\STM32F407G\01\Core\Src\stm32f4xx_it.c
2025-11-21 12:47:39,552 [INFO] CodeEngine:265 - oldGeneratedFile, D:\BITSILICA_WORKSHEETS\STM32L476RG\STM32F407G\01\Core\Inc\stm32f4xx_it.h_save
2025-11-21 12:47:39,692 [INFO] CodeEngine:289 - Generated code: D:\BITSILICA_WORKSHEETS\STM32L476RG\STM32F407G\01\Core\Inc\stm32f4xx_it.h
2025-11-21 12:47:39,740 [INFO] CodeEngine:265 - oldGeneratedFile, D:\BITSILICA_WORKSHEETS\STM32L476RG\STM32F407G\01\Core\Src\stm32f4xx_hal_msp.c_save
2025-11-21 12:47:40,106 [INFO] CodeEngine:289 - Generated code: D:\BITSILICA_WORKSHEETS\STM32L476RG\STM32F407G\01\Core\Src\stm32f4xx_hal_msp.c
2025-11-21 12:47:40,128 [INFO] CodeEngine:265 - oldGeneratedFile, D:\BITSILICA_WORKSHEETS\STM32L476RG\STM32F407G\01\MXTmpFiles\system.tmp_save
2025-11-21 12:47:40,255 [INFO] CodeEngine:289 - Generated code: D:\BITSILICA_WORKSHEETS\STM32L476RG\STM32F407G\01\MXTmpFiles\system.tmp
2025-11-21 12:47:40,315 [INFO] CodeEngine:321 - oldGeneratedFile, D:\BITSILICA_WORKSHEETS\STM32L476RG\STM32F407G\01\Core\Inc\stm32f4xx_hal_conf.h_save
2025-11-21 12:47:40,491 [INFO] CodeEngine:345 - Generated code: D:\BITSILICA_WORKSHEETS\STM32L476RG\STM32F407G\01\Core\Inc\stm32f4xx_hal_conf.h
2025-11-21 12:47:40,570 [INFO] ApiDbMcu:532 - Load IP Config File for USB_OTG_FS
2025-11-21 12:47:40,574 [WARN] IPConfigManager:3811 - IP not found : USB_OTG
2025-11-21 12:47:40,577 [WARN] CodeGenerator:4259 - IP not found : null
2025-11-21 12:47:40,617 [INFO] CodeEngine:265 - oldGeneratedFile, D:\BITSILICA_WORKSHEETS\STM32L476RG\STM32F407G\01\Core\Inc\main.h_save
2025-11-21 12:47:40,807 [INFO] CodeEngine:289 - Generated code: D:\BITSILICA_WORKSHEETS\STM32L476RG\STM32F407G\01\Core\Inc\main.h
2025-11-21 12:47:40,844 [INFO] CodeEngine:265 - oldGeneratedFile, D:\BITSILICA_WORKSHEETS\STM32L476RG\STM32F407G\01\Core\Src\main.c_save
2025-11-21 12:47:41,226 [INFO] CodeEngine:289 - Generated code: D:\BITSILICA_WORKSHEETS\STM32L476RG\STM32F407G\01\Core\Src\main.c
2025-11-21 12:47:42,831 [INFO] ProjectBuilder:3606 - Time for Copy HAL[1] : 1069mS.
2025-11-21 12:47:42,844 [INFO] ProjectBuilder:5216 - Project Generator version: 4.7.0-B52
2025-11-21 12:47:42,939 [INFO] ConfigFileManager:1595 - The Die is : DIE413
2025-11-21 12:47:45,494 [INFO] ProjectBuilder:5496 - Time for Generating toolchain IDE Files: 2649mS.
2025-11-21 12:47:45,496 [INFO] ProjectBuilder:3463 - Time for Copy CMSIS : 2mS.
2025-11-21 12:47:45,511 [INFO] ProjectBuilder:3463 - Time for Copy CMSIS : 0mS.
2025-11-21 13:04:24,644 [INFO] UtilMem:75 - End SaveConfig() Used Memory: 728881520 Bytes (1073741824)
2025-11-21 13:04:26,277 [INFO] UtilMem:75 - End SaveConfig() Used Memory: 754573680 Bytes (1073741824)
2025-11-21 13:04:28,125 [INFO] UtilMem:75 - End SaveConfig() Used Memory: 753020504 Bytes (1073741824)
2025-11-21 13:04:28,947 [INFO] BlockDiagram:2775 - set Specific Code input for plugin: SPI
2025-11-21 13:04:28,947 [INFO] BlockDiagram:2775 - set Specific Code input for plugin: I2S
2025-11-21 13:04:28,948 [INFO] BlockDiagram:2775 - set Specific Code input for plugin: SYS
2025-11-21 13:04:28,948 [INFO] BlockDiagram:2775 - set Specific Code input for plugin: RCC
2025-11-21 13:04:28,948 [INFO] BlockDiagram:2775 - set Specific Code input for plugin: I2C
2025-11-21 13:04:28,948 [INFO] BlockDiagram:2775 - set Specific Code input for plugin: NVIC
2025-11-21 13:04:28,948 [INFO] BlockDiagram:2775 - set Specific Code input for plugin: GPIO
2025-11-21 13:04:28,952 [INFO] CodeGenerator:892 - code generatio: config db path: C:\ST\STM32CubeIDE_1.19.0\STM32CubeIDE\plugins\com.st.stm32cube.common.mx_6.15.0.202507011659\\db\
2025-11-21 13:04:28,955 [WARN] IP:2250 - I2C_Coeff_DF not found: check if there is a RefParameter without a condition.
2025-11-21 13:04:28,955 [WARN] IP:2250 - Analog_Filter not found: check if there is a RefParameter without a condition.
2025-11-21 13:04:29,258 [INFO] CodeEngine:265 - oldGeneratedFile, D:\BITSILICA_WORKSHEETS\STM32L476RG\STM32F407G\01\MXTmpFiles\license.tmp_save
2025-11-21 13:04:29,722 [INFO] CodeEngine:289 - Generated code: D:\BITSILICA_WORKSHEETS\STM32L476RG\STM32F407G\01\MXTmpFiles\license.tmp
2025-11-21 13:04:29,898 [INFO] CodeEngine:265 - oldGeneratedFile, D:\BITSILICA_WORKSHEETS\STM32L476RG\STM32F407G\01\MXTmpFiles\gpio.tmp_save
2025-11-21 13:04:30,195 [INFO] CodeEngine:289 - Generated code: D:\BITSILICA_WORKSHEETS\STM32L476RG\STM32F407G\01\MXTmpFiles\gpio.tmp
2025-11-21 13:04:30,598 [INFO] CodeEngine:265 - oldGeneratedFile, D:\BITSILICA_WORKSHEETS\STM32L476RG\STM32F407G\01\Core\Src\stm32f4xx_it.c_save
2025-11-21 13:04:31,039 [INFO] CodeEngine:289 - Generated code: D:\BITSILICA_WORKSHEETS\STM32L476RG\STM32F407G\01\Core\Src\stm32f4xx_it.c
2025-11-21 13:04:31,196 [INFO] CodeEngine:265 - oldGeneratedFile, D:\BITSILICA_WORKSHEETS\STM32L476RG\STM32F407G\01\Core\Inc\stm32f4xx_it.h_save
2025-11-21 13:04:31,396 [INFO] CodeEngine:289 - Generated code: D:\BITSILICA_WORKSHEETS\STM32L476RG\STM32F407G\01\Core\Inc\stm32f4xx_it.h
2025-11-21 13:04:31,548 [INFO] CodeEngine:265 - oldGeneratedFile, D:\BITSILICA_WORKSHEETS\STM32L476RG\STM32F407G\01\Core\Src\stm32f4xx_hal_msp.c_save
2025-11-21 13:04:32,452 [INFO] CodeEngine:289 - Generated code: D:\BITSILICA_WORKSHEETS\STM32L476RG\STM32F407G\01\Core\Src\stm32f4xx_hal_msp.c
2025-11-21 13:04:32,600 [INFO] CodeEngine:265 - oldGeneratedFile, D:\BITSILICA_WORKSHEETS\STM32L476RG\STM32F407G\01\MXTmpFiles\system.tmp_save
2025-11-21 13:04:32,891 [INFO] CodeEngine:289 - Generated code: D:\BITSILICA_WORKSHEETS\STM32L476RG\STM32F407G\01\MXTmpFiles\system.tmp
2025-11-21 13:04:33,019 [INFO] CodeEngine:321 - oldGeneratedFile, D:\BITSILICA_WORKSHEETS\STM32L476RG\STM32F407G\01\Core\Inc\stm32f4xx_hal_conf.h_save
2025-11-21 13:04:33,308 [INFO] CodeEngine:345 - Generated code: D:\BITSILICA_WORKSHEETS\STM32L476RG\STM32F407G\01\Core\Inc\stm32f4xx_hal_conf.h
2025-11-21 13:04:33,422 [INFO] CodeEngine:265 - oldGeneratedFile, D:\BITSILICA_WORKSHEETS\STM32L476RG\STM32F407G\01\Core\Inc\main.h_save
2025-11-21 13:04:33,720 [INFO] CodeEngine:289 - Generated code: D:\BITSILICA_WORKSHEETS\STM32L476RG\STM32F407G\01\Core\Inc\main.h
2025-11-21 13:04:33,824 [INFO] CodeEngine:265 - oldGeneratedFile, D:\BITSILICA_WORKSHEETS\STM32L476RG\STM32F407G\01\Core\Src\main.c_save
2025-11-21 13:04:34,184 [INFO] CodeEngine:289 - Generated code: D:\BITSILICA_WORKSHEETS\STM32L476RG\STM32F407G\01\Core\Src\main.c
2025-11-21 13:04:35,424 [INFO] ProjectBuilder:3606 - Time for Copy HAL[1] : 720mS.
2025-11-21 13:04:35,462 [INFO] ProjectBuilder:5216 - Project Generator version: 4.7.0-B52
2025-11-21 13:04:35,588 [INFO] ConfigFileManager:1595 - The Die is : DIE413
2025-11-21 13:04:38,339 [INFO] ProjectBuilder:5496 - Time for Generating toolchain IDE Files: 2875mS.
2025-11-21 13:04:38,341 [INFO] ProjectBuilder:3463 - Time for Copy CMSIS : 2mS.
2025-11-21 13:04:38,481 [INFO] ProjectBuilder:3463 - Time for Copy CMSIS : 1mS.
2025-11-21 13:09:50,184 [INFO] WebApp:194 - Connection lost
2025-11-21 13:11:07,801 [INFO] WebApp:191 - Connection restablished
2025-11-21 14:08:23,462 [INFO] WebApp:194 - Connection lost
2025-11-21 14:08:31,980 [INFO] WebApp:191 - Connection restablished
2025-11-21 15:02:22,450 [INFO] UtilMem:75 - End SaveConfig() Used Memory: 799794616 Bytes (1073741824)
2025-11-21 15:08:14,594 [INFO] WebApp:194 - Connection lost
2025-11-21 15:08:20,425 [INFO] WebApp:191 - Connection restablished
2025-11-21 15:36:06,438 [WARN] IP:2250 - I2C_Coeff_DF not found: check if there is a RefParameter without a condition.
2025-11-21 15:36:06,467 [WARN] IP:2250 - Analog_Filter not found: check if there is a RefParameter without a condition.
2025-11-21 15:36:06,468 [WARN] IP:2250 - I2C_Coeff_DF not found: check if there is a RefParameter without a condition.
2025-11-21 15:36:06,468 [WARN] IP:2250 - Analog_Filter not found: check if there is a RefParameter without a condition.
2025-11-21 15:36:09,473 [INFO] UtilMem:75 - End SaveConfig() Used Memory: 821303464 Bytes (1073741824)
2025-11-21 15:36:11,141 [INFO] UtilMem:75 - End SaveConfig() Used Memory: 794674176 Bytes (1073741824)
2025-11-21 15:36:13,529 [INFO] UtilMem:75 - End SaveConfig() Used Memory: 788499976 Bytes (1073741824)
2025-11-21 15:36:14,822 [INFO] BlockDiagram:2775 - set Specific Code input for plugin: SPI
2025-11-21 15:36:14,823 [INFO] BlockDiagram:2775 - set Specific Code input for plugin: I2S
2025-11-21 15:36:14,823 [INFO] BlockDiagram:2775 - set Specific Code input for plugin: SYS
2025-11-21 15:36:14,823 [INFO] BlockDiagram:2775 - set Specific Code input for plugin: RCC
2025-11-21 15:36:14,823 [INFO] BlockDiagram:2775 - set Specific Code input for plugin: I2C
2025-11-21 15:36:14,823 [INFO] BlockDiagram:2775 - set Specific Code input for plugin: NVIC
2025-11-21 15:36:14,824 [INFO] BlockDiagram:2775 - set Specific Code input for plugin: GPIO
2025-11-21 15:36:14,853 [INFO] CodeGenerator:892 - code generatio: config db path: C:\ST\STM32CubeIDE_1.19.0\STM32CubeIDE\plugins\com.st.stm32cube.common.mx_6.15.0.202507011659\\db\
2025-11-21 15:36:14,868 [WARN] IP:2250 - I2C_Coeff_DF not found: check if there is a RefParameter without a condition.
2025-11-21 15:36:14,869 [WARN] IP:2250 - Analog_Filter not found: check if there is a RefParameter without a condition.
2025-11-21 15:36:15,232 [INFO] CodeEngine:265 - oldGeneratedFile, D:\BITSILICA_WORKSHEETS\STM32L476RG\STM32F407G\01\MXTmpFiles\license.tmp_save
2025-11-21 15:36:15,937 [INFO] CodeEngine:289 - Generated code: D:\BITSILICA_WORKSHEETS\STM32L476RG\STM32F407G\01\MXTmpFiles\license.tmp
2025-11-21 15:36:16,145 [INFO] CodeEngine:265 - oldGeneratedFile, D:\BITSILICA_WORKSHEETS\STM32L476RG\STM32F407G\01\MXTmpFiles\gpio.tmp_save
2025-11-21 15:36:16,584 [INFO] CodeEngine:289 - Generated code: D:\BITSILICA_WORKSHEETS\STM32L476RG\STM32F407G\01\MXTmpFiles\gpio.tmp
2025-11-21 15:36:17,319 [INFO] CodeEngine:265 - oldGeneratedFile, D:\BITSILICA_WORKSHEETS\STM32L476RG\STM32F407G\01\Core\Src\stm32f4xx_it.c_save
2025-11-21 15:36:20,561 [INFO] CodeEngine:289 - Generated code: D:\BITSILICA_WORKSHEETS\STM32L476RG\STM32F407G\01\Core\Src\stm32f4xx_it.c
2025-11-21 15:36:20,579 [INFO] CodeEngine:265 - oldGeneratedFile, D:\BITSILICA_WORKSHEETS\STM32L476RG\STM32F407G\01\Core\Inc\stm32f4xx_it.h_save
2025-11-21 15:36:20,756 [INFO] CodeEngine:289 - Generated code: D:\BITSILICA_WORKSHEETS\STM32L476RG\STM32F407G\01\Core\Inc\stm32f4xx_it.h
2025-11-21 15:36:20,806 [INFO] CodeEngine:265 - oldGeneratedFile, D:\BITSILICA_WORKSHEETS\STM32L476RG\STM32F407G\01\Core\Src\stm32f4xx_hal_msp.c_save
2025-11-21 15:36:21,137 [INFO] CodeEngine:289 - Generated code: D:\BITSILICA_WORKSHEETS\STM32L476RG\STM32F407G\01\Core\Src\stm32f4xx_hal_msp.c
2025-11-21 15:36:21,155 [INFO] CodeEngine:265 - oldGeneratedFile, D:\BITSILICA_WORKSHEETS\STM32L476RG\STM32F407G\01\MXTmpFiles\system.tmp_save
2025-11-21 15:36:21,232 [INFO] CodeEngine:289 - Generated code: D:\BITSILICA_WORKSHEETS\STM32L476RG\STM32F407G\01\MXTmpFiles\system.tmp
2025-11-21 15:36:21,286 [INFO] CodeEngine:321 - oldGeneratedFile, D:\BITSILICA_WORKSHEETS\STM32L476RG\STM32F407G\01\Core\Inc\stm32f4xx_hal_conf.h_save
2025-11-21 15:36:22,039 [INFO] CodeEngine:345 - Generated code: D:\BITSILICA_WORKSHEETS\STM32L476RG\STM32F407G\01\Core\Inc\stm32f4xx_hal_conf.h
2025-11-21 15:36:22,146 [INFO] CodeEngine:265 - oldGeneratedFile, D:\BITSILICA_WORKSHEETS\STM32L476RG\STM32F407G\01\Core\Inc\main.h_save
2025-11-21 15:36:22,253 [INFO] CodeEngine:289 - Generated code: D:\BITSILICA_WORKSHEETS\STM32L476RG\STM32F407G\01\Core\Inc\main.h
2025-11-21 15:36:22,472 [INFO] CodeEngine:265 - oldGeneratedFile, D:\BITSILICA_WORKSHEETS\STM32L476RG\STM32F407G\01\Core\Src\main.c_save
2025-11-21 15:36:23,319 [INFO] CodeEngine:289 - Generated code: D:\BITSILICA_WORKSHEETS\STM32L476RG\STM32F407G\01\Core\Src\main.c
2025-11-21 15:36:27,764 [INFO] ProjectBuilder:3606 - Time for Copy HAL[1] : 936mS.
2025-11-21 15:36:28,080 [INFO] ProjectBuilder:5216 - Project Generator version: 4.7.0-B52
2025-11-21 15:36:28,882 [INFO] ConfigFileManager:1595 - The Die is : DIE413
2025-11-21 15:36:32,838 [INFO] ProjectBuilder:5496 - Time for Generating toolchain IDE Files: 4758mS.
2025-11-21 15:36:32,840 [INFO] ProjectBuilder:3463 - Time for Copy CMSIS : 1mS.
2025-11-21 15:36:32,859 [INFO] ProjectBuilder:3463 - Time for Copy CMSIS : 0mS.
2025-11-21 16:08:52,943 [INFO] WebApp:194 - Connection lost
2025-11-21 16:09:45,918 [INFO] WebApp:191 - Connection restablished
2025-11-21 16:51:30,788 [INFO] MainUpdater:2872 - connection check result : 10
2025-11-21 16:51:30,840 [INFO] McuFinderGlobals:76 - Set McuFinderConnectedMode to true
2025-11-21 16:51:31,932 [INFO] ServerAccessManage:452 - Complete download http(s) 200
2025-11-21 16:51:31,951 [INFO] ServerAccessManage:509 - Download File mcusAds.json._tmp_
2025-11-21 16:51:32,084 [INFO] LoadUrlFilesThread:156 - End of LoadUrlFiles Thread
2025-11-21 16:51:32,407 [INFO] ServerAccessManage:452 - Complete download http(s) 200
2025-11-21 16:51:32,442 [INFO] ServerAccessManage:509 - Download File cube-finder-db.zip
2025-11-21 16:51:36,526 [INFO] FileExtend:248 - Unzip File : cube-finder-db.zip
2025-11-21 16:51:36,527 [INFO] FileExtend:263 - Standard Zip Deflate
2025-11-21 16:51:37,924 [INFO] LoadUrlFilesThread:156 - End of LoadUrlFiles Thread
2025-11-21 16:51:38,936 [INFO] ServerAccessManage:452 - Complete download http(s) 200
2025-11-21 16:51:38,936 [INFO] ServerAccessManage:509 - Download File crdb.zip
2025-11-21 16:51:39,949 [INFO] FileExtend:248 - Unzip File : crdb.zip
2025-11-21 16:51:39,949 [INFO] FileExtend:263 - Standard Zip Deflate
2025-11-21 16:51:40,078 [INFO] LoadUrlFilesThread:156 - End of LoadUrlFiles Thread
2025-11-21 16:51:40,256 [INFO] ServerAccessManage:452 - Complete download http(s) 200
2025-11-21 16:51:40,257 [INFO] ServerAccessManage:509 - Download File tutoVideoDB.zip
2025-11-21 16:51:40,276 [INFO] FileExtend:248 - Unzip File : tutoVideoDB.zip
2025-11-21 16:51:40,276 [INFO] FileExtend:263 - Standard Zip Deflate
2025-11-21 16:51:40,392 [INFO] LoadUrlFilesThread:156 - End of LoadUrlFiles Thread
2025-11-21 16:51:40,488 [WARN] DbFile:41 - Overriding database path with different value: C:\Users\augus\.stmcufinder\plugins\mcufinder/ => C:\Users\augus\.stmcufinder\plugins\mcufinder
2025-11-21 16:51:40,636 [INFO] ServerAccessManage:452 - Complete download http(s) 200
2025-11-21 16:51:40,637 [INFO] ServerAccessManage:509 - Download File api_config.json
2025-11-21 16:51:40,750 [INFO] LoadUrlFilesThread:156 - End of LoadUrlFiles Thread
2025-11-21 16:51:40,770 [INFO] DbMcusAds:53 - JSON generation date=Mon Nov 10 16:13:00 IST 2025 (1762771380746)
2025-11-21 16:51:40,913 [INFO] ApiDb:448 - Save user favorites file C:\Users\augus/.stm32cubeide/favorites.mcus.txt: 0 item(s)
2025-11-21 16:51:40,915 [INFO] ApiDb:452 - User favorites MCUs=[]
2025-11-21 16:51:41,708 [INFO] ApiDb:581 - Connected to CubeFinder SQLite database (C:\Users\augus\.stmcufinder\plugins\mcufinder\mcu\cube-finder-db.db)
2025-11-21 16:51:41,837 [INFO] ApiDb:668 - CubeFinder database Data Model version=2.1
2025-11-21 16:51:41,837 [INFO] ApiDb:669 - CubeFinder database Configuration version=3.0.39
2025-11-21 16:51:41,837 [INFO] ApiDb:670 - CubeFinder database generation date=2025-11-05 (1762334721)
2025-11-21 16:51:41,837 [INFO] ApiDb:671 - CubeFinder database FW Pack versions=[FP-ATR-ASTRA1_V2.0.0, FP-SNS-FLIGHT1_V5.1.0, FP-SNS-MOTENV1_V5.1.0, FP-SNS-MOTENVWB1_V1.4.0, FP-SNS-SMARTAG2_V1.2.0, FP-SNS-STBOX1_V2.1.0, STM32Cube_FW_C0_V1.4.0, STM32Cube_FW_F4_V1.28.3, STM32Cube_FW_F7_V1.17.4, STM32Cube_FW_G0_V1.6.2, STM32Cube_FW_G4_V1.6.1, STM32Cube_FW_H5_V1.5.1, STM32Cube_FW_H7RS_V1.3.0, STM32Cube_FW_H7_V1.12.1, STM32Cube_FW_L0_V1.12.2, STM32Cube_FW_L4_V1.18.1, STM32Cube_FW_L5_V1.6.0, STM32Cube_FW_N6_V1.3.0, STM32Cube_FW_U0_V1.3.0, STM32Cube_FW_U3_V1.2.1, STM32Cube_FW_U5_V1.8.0, STM32Cube_FW_WB0_V1.4.0, STM32Cube_FW_WBA_V1.8.0, STM32Cube_FW_WB_V1.24.0, STM32Cube_FW_WL3_V1.3.0, STM32Cube_FW_WL_V1.4.0, X-CUBE-ALGOBUILD_V1.4.0, X-CUBE-ALS_V1.0.2, X-CUBE-AZRTOS-F4_V1.1.0, X-CUBE-AZRTOS-F7_V1.1.0, X-CUBE-AZRTOS-G0_V1.1.0, X-CUBE-AZRTOS-G4_V2.0.0, X-CUBE-AZRTOS-H7RS_V1.1.0, X-CUBE-AZRTOS-H7_V3.4.0, X-CUBE-AZRTOS-L4_V2.0.0, X-CUBE-AZRTOS-L5_V2.0.0, X-CUBE-AZRTOS-WB_V2.0.0, X-CUBE-AZRTOS-WL_V2.0.0, X-CUBE-BLE1_V7.1.0, X-CUBE-BLE2_V3.3.0, X-CUBE-BLEMGR_V4.1.0, X-CUBE-EEPRMA1_V5.2.0, X-CUBE-FREERTOS_V1.3.1, X-CUBE-GNSS1_V6.0.0, X-CUBE-MEMS1_V11.3.0, X-CUBE-NFC4_V3.0.0, X-CUBE-NFC7_V2.0.0, X-CUBE-SFXS2LP1_V4.0.0, X-CUBE-ST67W61_V1.1.0, X-CUBE-SUBG2_V5.0.0, X-CUBE-TOF1_V3.4.3]
2025-11-21 16:51:44,223 [INFO] ApiDb:240 - Found 880 in-development CPN: [B-G473E-ZEST1S, B-WB1M-WPAN1, B-WBA5M-WPAN, B-WL5M-SUBG1, NUCLEO-C031C6, NUCLEO-C051C8, NUCLEO-C071RB, NUCLEO-C092RC, NUCLEO-H503RB, NUCLEO-H533RE, NUCLEO-H563ZI, NUCLEO-H7S3L8, NUCLEO-N657X0-Q, NUCLEO-U031R8, NUCLEO-U083RC, NUCLEO-U385RG-Q, NUCLEO-U545RE-Q, NUCLEO-U5A5ZJ-Q, NUCLEO-WB05KZ, NUCLEO-WB07CC, NUCLEO-WB09KE, NUCLEO-WBA52CG, NUCLEO-WBA55CG, NUCLEO-WL33CC1, NUCLEO-WL33CC2, STEVAL-PROTEUS1, STEVAL-SMARTAG2, STEVAL-STWINBX1, STM320518-EVAL, STM32C0116-DK, STM32C011D6Y3TR, STM32C011D6Y6TR, STM32C011F4P3, STM32C011F4P6, STM32C011F4U3, STM32C011F4U6TR, STM32C011F6P3, STM32C011F6P6, STM32C011F6U3, STM32C011F6U6TR, STM32C011J4M3, STM32C011J4M6, STM32C011J6M3, STM32C011J6M6, STM32C0316-DK, STM32C031C4T3, STM32C031C4T6, STM32C031C4U3, STM32C031C4U6, STM32C031C6T3, STM32C031C6T6, STM32C031C6U3, STM32C031C6U6, STM32C031F4P3, STM32C031F4P6, STM32C031F6P3, STM32C031F6P6, STM32C031G4U3, STM32C031G4U6, STM32C031G6U3, STM32C031G6U6, STM32C031K4T3, STM32C031K4T6, STM32C031K4U3, STM32C031K4U6, STM32C031K6T3, STM32C031K6T6, STM32C031K6U3, STM32C031K6U6, STM32C051C6T6, STM32C051C6U6, STM32C051C8T6, STM32C051C8U6, STM32C051D8Y6TR, STM32C051F6P6, STM32C051F8P6, STM32C051G6U6, STM32C051G8U6, STM32C051K6T6, STM32C051K6U6, STM32C051K8T6, STM32C071C8T6, STM32C071C8T6N, STM32C071C8U6, STM32C071C8U6N, STM32C071CBT6, STM32C071CBT6N, STM32C071CBU6, STM32C071CBU6N, STM32C071F8P6, STM32C071F8P6N, STM32C071FBP6, STM32C071FBP6N, STM32C071FBY6TR, STM32C071G8U6, STM32C071G8U6N, STM32C071GBU6, STM32C071GBU6N, STM32C071K8T6, STM32C071K8T6N, STM32C071K8U6, STM32C071K8U6N, STM32C071KBT6, STM32C071KBT6N, STM32C071KBU6, STM32C071KBU6N, STM32C071R8T6, STM32C071R8T6N, STM32C071RBI6N, STM32C071RBT6, STM32C071RBT6N, STM32C091CBT6, STM32C091CBU6, STM32C091CCT6, STM32C091CCU6, STM32C091ECY6TR, STM32C091FBP6, STM32C091FCP6, STM32C091GBU6, STM32C091GCU6, STM32C091KBT6, STM32C091KBU6, STM32C091KCT6, STM32C091KCU6, STM32C091RBT6, STM32C091RCI6, STM32C091RCT6, STM32C092CBT6, STM32C092CBU6, STM32C092CCT6, STM32C092CCU6, STM32C092ECY6TR, STM32C092FBP6, STM32C092FCP6, STM32C092GBU6, STM32C092GCU6, STM32C092KBT6, STM32C092KBU6, STM32C092KCT6, STM32C092KCU6, STM32C092RBT6, STM32C092RCI6, STM32C092RCT6, STM32G071K8TXN, STM32G071K8UXN, STM32G081GBU6N, STM32G081KBT6N, STM32G081KBUXN, STM32G0B1CCT6N, STM32G0B1KCT6, STM32G0B1NEY6TR, STM32G0B1RCT6N, STM32G0C1CCT6, STM32G0C1CCT6N, STM32G0C1CCU6N, STM32G0C1CET6N, STM32G0C1CEU6N, STM32G0C1KCT6, STM32G0C1NEY6TR, STM32G0C1RCI6N, STM32G0C1RCT6N, STM32G0C1REI6N, STM32G0C1RET6N, STM32G0C1VCI6, STM32G0C1VEI6, STM32G411C6T3, STM32G411C6T6, STM32G411C6U3, STM32G411C6U6, STM32G411C8T3, STM32G411C8T6, STM32G411C8U3, STM32G411C8U6, STM32G411CBT3, STM32G411CBT6, STM32G411CBU3, STM32G411CBU6, STM32G411K6T3, STM32G411K6T6, STM32G411K6U3, STM32G411K6U6, STM32G411K8T3, STM32G411K8T6, STM32G411K8U3, STM32G411K8U6, STM32G411KBT3, STM32G411KBT6, STM32G411KBU3, STM32G411KBU6, STM32G411M6T3, STM32G411M6T6, STM32G411M8T3, STM32G411M8T6, STM32G411MBT3, STM32G411MBT6, STM32G411R6T3, STM32G411R6T6, STM32G411R8T3, STM32G411R8T6, STM32G411RBT3, STM32G411RBT6, STM32G414CBT3, STM32G414CBT6, STM32G414CBU3, STM32G414CBU6, STM32G414CCT3, STM32G414CCT6, STM32G414CCU3, STM32G414CCU6, STM32G414MBT3, STM32G414MBT6, STM32G414MCT3, STM32G414MCT6, STM32G414RBT3, STM32G414RBT6, STM32G414RCT3, STM32G414RCT6, STM32G414VBT3, STM32G414VBT6, STM32G414VCT3, STM32G414VCT6, STM32G431CBT3Z, STM32G431RBT3Z, STM32G471CCT6, STM32G471CCU6, STM32G471CET3, STM32G471CET6, STM32G471CEU3, STM32G471CEU6, STM32G471MCT6, STM32G471MET3, STM32G471MET6, STM32G471MEY6TR, STM32G471QCT6, STM32G471QET3, STM32G471RCT6, STM32G471RET3, STM32G471RET6, STM32G471VCH6, STM32G471VCI6, STM32G471VCT6, STM32G471VEH3, STM32G471VEH6, STM32G471VEI3, STM32G471VEI6, STM32G471VET3, STM32G471VET6, STM32G473QET3Z, STM32G473RET3Z, STM32G474CCT6, STM32G491RET3Z, STM32H503CBT6, STM32H503CBU6, STM32H503EBY6TR, STM32H503KBU6, STM32H503RBT6, STM32H523CCT6, STM32H523CCU6, STM32H523CET6, STM32H523CEU6, STM32H523HEY6TR, STM32H523RCT6, STM32H523RET6, STM32H523VCI6, STM32H523VCT6, STM32H523VEI6, STM32H523VET6, STM32H523ZCJ6, STM32H523ZCT6, STM32H523ZEJ6, STM32H523ZET6, STM32H533CET6, STM32H533CEU6, STM32H533HEY6TR, STM32H533RET6, STM32H533VEI6, STM32H533VET6, STM32H533ZEJ6, STM32H533ZET6, STM32H562AGI6, STM32H562AII6, STM32H562IGK6, STM32H562IGT6, STM32H562IIK6, STM32H562IIT6, STM32H562RGT6, STM32H562RGV6, STM32H562RIT6, STM32H562RIV6, STM32H562VGT6, STM32H562VIT6, STM32H562ZGT6, STM32H562ZIT6, STM32H563AGI6, STM32H563AII3Q, STM32H563AII6, STM32H563IGK6, STM32H563IGT6, STM32H563IIK3Q, STM32H563IIK6, STM32H563IIT3Q, STM32H563IIT6, STM32H563MIY3QTR, STM32H563RGT6, STM32H563RGV6, STM32H563RIT6, STM32H563RIV6, STM32H563VGT6, STM32H563VIT3Q, STM32H563VIT6, STM32H563ZGT6, STM32H563ZIT3Q, STM32H563ZIT6, STM32H573AII3Q, STM32H573AII6, STM32H573I-DK, STM32H573IIK3Q, STM32H573IIK6, STM32H573IIT3Q, STM32H573IIT6, STM32H573MIY3QTR, STM32H573RIT6, STM32H573RIV6, STM32H573VIT3Q, STM32H573VIT6, STM32H573ZIT3Q, STM32H573ZIT6, STM32H7R3A8I6, STM32H7R3I8K6, STM32H7R3I8T6, STM32H7R3L8H6, STM32H7R3L8H6H, STM32H7R3R8V6, STM32H7R3V8H6, STM32H7R3V8T6, STM32H7R3V8Y6TR, STM32H7R3Z8J6, STM32H7R3Z8T6, STM32H7R7A8I6, STM32H7R7I8K6, STM32H7R7I8T6, STM32H7R7L8H6, STM32H7R7L8H6H, STM32H7R7Z8J6, STM32H7S3A8I6, STM32H7S3I8K6, STM32H7S3I8T6, STM32H7S3L8H6, STM32H7S3L8H6H, STM32H7S3R8V6, STM32H7S3V8H6, STM32H7S3V8T6, STM32H7S3V8Y6TR, STM32H7S3Z8J6, STM32H7S3Z8T6, STM32H7S78-DK, STM32H7S7A8I6, STM32H7S7I8K6, STM32H7S7I8T6, STM32H7S7L8H6, STM32H7S7L8H6H, STM32H7S7Z8J6, STM32L4R5QGI6STR, STM32MP131AAE3, STM32MP131AAF3, STM32MP131AAG3, STM32MP131CAE3, STM32MP131CAF3, STM32MP131CAG3, STM32MP131DAE7, STM32MP131DAF7, STM32MP131DAG7, STM32MP131FAE7, STM32MP131FAF7, STM32MP131FAG7, STM32MP133AAE3, STM32MP133AAF3, STM32MP133AAG3, STM32MP133CAE3, STM32MP133CAF3, STM32MP133CAG3, STM32MP133DAE7, STM32MP133DAF7, STM32MP133DAG7, STM32MP133FAE7, STM32MP133FAF7, STM32MP133FAG7, STM32MP135AAE3, STM32MP135AAF3, STM32MP135AAG3, STM32MP135CAE3, STM32MP135CAF3, STM32MP135CAG3, STM32MP135DAE7, STM32MP135DAF7, STM32MP135DAG7, STM32MP135F-DK, STM32MP135FAE7, STM32MP135FAF7, STM32MP135FAF7T, STM32MP135FAF7U, STM32MP135FAG7, STM32MP211AAL3, STM32MP211AAM3, STM32MP211AAN3, STM32MP211AAO3, STM32MP211CAL3, STM32MP211CAM3, STM32MP211CAN3, STM32MP211CAO3, STM32MP211DAL3, STM32MP211DAM3, STM32MP211DAN3, STM32MP211DAO3, STM32MP211FAL3, STM32MP211FAM3, STM32MP211FAN3, STM32MP211FAO3, STM32MP213AAL3, STM32MP213AAM3, STM32MP213AAN3, STM32MP213AAO3, STM32MP213CAL3, STM32MP213CAM3, STM32MP213CAN3, STM32MP213CAO3, STM32MP213DAL3, STM32MP213DAM3, STM32MP213DAN3, STM32MP213DAO3, STM32MP213FAL3, STM32MP213FAM3, STM32MP213FAN3, STM32MP213FAO3, STM32MP215AAL3, STM32MP215AAM3, STM32MP215AAN3, STM32MP215AAO3, STM32MP215CAL3, STM32MP215CAM3, STM32MP215CAN3, STM32MP215CAO3, STM32MP215DAL3, STM32MP215DAM3, STM32MP215DAN3, STM32MP215DAO3, STM32MP215F-DK, STM32MP215FAL3, STM32MP215FAM3, STM32MP215FAN3, STM32MP215FAO3, STM32MP231AAJ3, STM32MP231AAK3, STM32MP231AAL3, STM32MP231CAJ3, STM32MP231CAK3, STM32MP231CAL3, STM32MP231DAJ3, STM32MP231DAK3, STM32MP231DAL3, STM32MP231FAJ3, STM32MP231FAK3, STM32MP231FAL3, STM32MP233AAJ3, STM32MP233AAK3, STM32MP233AAL3, STM32MP233CAJ3, STM32MP233CAK3, STM32MP233CAL3, STM32MP233DAJ3, STM32MP233DAK3, STM32MP233DAL3, STM32MP233FAJ3, STM32MP233FAK3, STM32MP233FAL3, STM32MP235AAJ3, STM32MP235AAK3, STM32MP235AAL3, STM32MP235CAJ3, STM32MP235CAK3, STM32MP235CAL3, STM32MP235DAJ3, STM32MP235DAK3, STM32MP235DAL3, STM32MP235FAJ3, STM32MP235FAK3, STM32MP235FAL3, STM32MP251AAI3, STM32MP251AAK3, STM32MP251AAL3, STM32MP251CAI3, STM32MP251CAK3, STM32MP251CAL3, STM32MP251DAI3, STM32MP251DAK3, STM32MP251DAL3, STM32MP251FAI3, STM32MP251FAK3, STM32MP251FAL3, STM32MP253AAI3, STM32MP253AAK3, STM32MP253AAL3, STM32MP253CAI3, STM32MP253CAK3, STM32MP253CAL3, STM32MP253DAI3, STM32MP253DAK3, STM32MP253DAL3, STM32MP253FAI3, STM32MP253FAK3, STM32MP253FAL3, STM32MP255AAI3, STM32MP255AAK3, STM32MP255AAL3, STM32MP255CAI3, STM32MP255CAK3, STM32MP255CAL3, STM32MP255DAI3, STM32MP255DAK3, STM32MP255DAL3, STM32MP255FAI3, STM32MP255FAK3, STM32MP255FAL3, STM32MP257AAI3, STM32MP257AAK3, STM32MP257AAL3, STM32MP257CAI3, STM32MP257CAK3, STM32MP257CAL3, STM32MP257DAI3, STM32MP257DAK3, STM32MP257DAL3, STM32MP257F-DK, STM32MP257F-EV1, STM32MP257FAI3, STM32MP257FAK3, STM32MP257FAL3, STM32N645A0H3Q, STM32N645B0H3Q, STM32N645I0H3Q, STM32N645L0H3Q, STM32N645X0H3Q, STM32N645Z0H3Q, STM32N647A0H3Q, STM32N647B0H3Q, STM32N647I0H3Q, STM32N647L0H3Q, STM32N647X0H3Q, STM32N647Z0H3Q, STM32N655A0H3Q, STM32N655B0H3Q, STM32N655I0H3Q, STM32N655L0H3Q, STM32N655X0H3Q, STM32N655Z0H3Q, STM32N6570-DK, STM32N657A0H3Q, STM32N657B0H3Q, STM32N657I0H3Q, STM32N657L0H3Q, STM32N657X0H3Q, STM32N657Z0H3Q, STM32U031C6T6, STM32U031C6U6, STM32U031C8T6, STM32U031C8U6, STM32U031F4P6, STM32U031F6P6, STM32U031F8P6, STM32U031G6Y6TR, STM32U031G8Y6TR, STM32U031K4U6, STM32U031K6U6, STM32U031K8U6, STM32U031R6I6, STM32U031R6T6, STM32U031R8I6, STM32U031R8T6, STM32U073C8T6, STM32U073C8U6, STM32U073CBT6, STM32U073CBU6, STM32U073CCT6, STM32U073CCU6, STM32U073H8Y6TR, STM32U073HBY6TR, STM32U073HCY6TR, STM32U073K8U6, STM32U073KBU6, STM32U073KCU6, STM32U073M8I6, STM32U073M8T6, STM32U073MBI6, STM32U073MBT6, STM32U073MCI6, STM32U073MCT6, STM32U073R8I6, STM32U073R8T6, STM32U073RBI6, STM32U073RBT6, STM32U073RCI6, STM32U073RCT6, STM32U083C-DK, STM32U083CCT6, STM32U083CCU6, STM32U083HCY6TR, STM32U083KCU6, STM32U083MCI6, STM32U083MCT6, STM32U083RCI6, STM32U083RCT6, STM32U375CET6, STM32U375CET6Q, STM32U375CEU6, STM32U375CEU6Q, STM32U375CEY6QTR, STM32U375CGT6, STM32U375CGT6Q, STM32U375CGU6, STM32U375CGU6Q, STM32U375CGY6QTR, STM32U375KEU6, STM32U375KGU6, STM32U375REI6, STM32U375REI6Q, STM32U375RET6, STM32U375RET6Q, STM32U375REY6GTR, STM32U375REY6QTR, STM32U375RGI6, STM32U375RGI6Q, STM32U375RGT6, STM32U375RGT6Q, STM32U375RGY6GTR, STM32U375RGY6QTR, STM32U375VEI6, STM32U375VEI6Q, STM32U375VET6, STM32U375VET6Q, STM32U375VGI6, STM32U375VGI6Q, STM32U375VGT6, STM32U375VGT6Q, STM32U385CGT6, STM32U385CGT6Q, STM32U385CGU6, STM32U385CGU6Q, STM32U385CGY6QTR, STM32U385KGU6, STM32U385RGI6, STM32U385RGI6Q, STM32U385RGT6, STM32U385RGT6Q, STM32U385RGY6GTR, STM32U385RGY6QTR, STM32U385VGI6, STM32U385VGI6Q, STM32U385VGT6, STM32U385VGT6Q, STM32U535CBT6, STM32U535CBT6Q, STM32U535CBU6, STM32U535CBU6Q, STM32U535CCT6, STM32U535CCT6Q, STM32U535CCU6, STM32U535CCU6Q, STM32U535CET6, STM32U535CET6Q, STM32U535CEU6, STM32U535CEU6Q, STM32U535JEY6QTR, STM32U535NCY6QTR, STM32U535NEY6QTR, STM32U535RBI6, STM32U535RBI6Q, STM32U535RBT6, STM32U535RBT6Q, STM32U535RCI6, STM32U535RCI6Q, STM32U535RCT6, STM32U535RCT6Q, STM32U535REI6, STM32U535REI6Q, STM32U535RET6, STM32U535RET6Q, STM32U535VCI6, STM32U535VCI6Q, STM32U535VCT6, STM32U535VCT6Q, STM32U535VEI6, STM32U535VEI6Q, STM32U535VET6, STM32U535VET6Q, STM32U545CET6, STM32U545CET6Q, STM32U545CEU6, STM32U545CEU6Q, STM32U545JEY6QTR, STM32U545NEY6QTR, STM32U545REI6, STM32U545REI6Q, STM32U545RET6, STM32U545RET6Q, STM32U545VEI6, STM32U545VEI6Q, STM32U545VET6, STM32U545VET6Q, STM32U595AIH6, STM32U595AIH6Q, STM32U595AJH6, STM32U595AJH6Q, STM32U595QII6, STM32U595QII6Q, STM32U595QJI6, STM32U595QJI6Q, STM32U595RIT6, STM32U595RIT6Q, STM32U595RJT6, STM32U595RJT6Q, STM32U595VIT6, STM32U595VIT6Q, STM32U595VJT6, STM32U595VJT6Q, STM32U595ZIT6, STM32U595ZIT6Q, STM32U595ZIY6QTR, STM32U595ZJT6, STM32U595ZJT6Q, STM32U595ZJY6QTR, STM32U599BJY6QTR, STM32U599NIH6Q, STM32U599NJH6Q, STM32U599VIT6Q, STM32U599VJT6, STM32U599VJT6Q, STM32U599ZIT6Q, STM32U599ZIY6QTR, STM32U599ZJT6Q, STM32U599ZJY6QTR, STM32U5A5AJH6, STM32U5A5AJH6Q, STM32U5A5QII3Q , STM32U5A5QJI6, STM32U5A5QJI6Q, STM32U5A5RJT6, STM32U5A5RJT6Q, STM32U5A5VJT6, STM32U5A5VJT6Q, STM32U5A5ZJT6, STM32U5A5ZJT6Q, STM32U5A5ZJY6QTR, STM32U5A9BJY6QTR, STM32U5A9J-DK, STM32U5A9NJH6Q, STM32U5A9VJT6Q, STM32U5A9ZJT6Q, STM32U5A9ZJY6QTR, STM32U5F7VIT6, STM32U5F7VIT6Q, STM32U5F7VJT6, STM32U5F7VJT6Q, STM32U5F9BJY6QTR, STM32U5F9NJH6Q, STM32U5F9VIT6Q, STM32U5F9VJT6Q, STM32U5F9ZIJ6QTR, STM32U5F9ZIT6Q, STM32U5F9ZJJ6QTR, STM32U5F9ZJT6Q, STM32U5G7VJT6, STM32U5G7VJT6Q, STM32U5G9BJY6QTR, STM32U5G9J-DK1, STM32U5G9J-DK2, STM32U5G9NJH6Q, STM32U5G9VJT6Q, STM32U5G9ZJJ6QTR, STM32U5G9ZJT6Q, STM32WB05KZV6TR, STM32WB05KZV7TR, STM32WB05TZF6TR, STM32WB05TZF7TR, STM32WB06CCF6TR, STM32WB06CCF7TR, STM32WB06CCV6TR, STM32WB06CCV7TR, STM32WB06KCV6TR, STM32WB06KCV7TR, STM32WB07CCF6TR, STM32WB07CCF7TR, STM32WB07CCV6TR, STM32WB07CCV7TR, STM32WB07KCV6TR, STM32WB07KCV7TR, STM32WB09KEV6TR, STM32WB09KEV7TR, STM32WB09TEF6TR, STM32WB09TEF7TR, STM32WB1MMCH6, STM32WBA50KGU6, STM32WBA50KGU6TR, STM32WBA52CEU6, STM32WBA52CEU6TR, STM32WBA52CEU7, STM32WBA52CEU7TR, STM32WBA52CGU6, STM32WBA52CGU6TR, STM32WBA52CGU6U, STM32WBA52CGU7, STM32WBA52CGU7TR, STM32WBA52KEU6, STM32WBA52KEU6TR, STM32WBA52KGU6, STM32WBA52KGU6TR, STM32WBA54CEU6, STM32WBA54CEU6TR, STM32WBA54CEU7, STM32WBA54CEU7TR, STM32WBA54CGU6, STM32WBA54CGU6TR, STM32WBA54CGU7, STM32WBA54CGU7TR, STM32WBA54KEU6, STM32WBA54KEU6TR, STM32WBA54KEU7, STM32WBA54KEU7TR, STM32WBA54KGU6, STM32WBA54KGU6TR, STM32WBA54KGU7, STM32WBA54KGU7TR, STM32WBA55CEU6, STM32WBA55CEU6TR, STM32WBA55CEU7, STM32WBA55CEU7TR, STM32WBA55CGU6, STM32WBA55CGU6TR, STM32WBA55CGU6U, STM32WBA55CGU7, STM32WBA55CGU7TR, STM32WBA55G-DK1, STM32WBA55HEF6, STM32WBA55HEF7, STM32WBA55HGF6, STM32WBA55HGF7, STM32WBA55UEI6, STM32WBA55UEI6TR, STM32WBA55UEI7, STM32WBA55UEI7TR, STM32WBA55UGI6, STM32WBA55UGI6TR, STM32WBA55UGI7, STM32WBA55UGI7TR, STM32WBA5MMGH6TR, STM32WBA62MGF6, STM32WBA62MIF6, STM32WBA65MGF7, STM32WBA65MIF6, STM32WBA65MIF7, STM32WL30K8V6, STM32WL30KBV6, STM32WL31C8V6, STM32WL31CBV6, STM32WL31K8V6, STM32WL31KBV6, STM32WL33C8V6, STM32WL33C8V6X, STM32WL33CBV6, STM32WL33CBV6X, STM32WL33CCV6, STM32WL33CCV6A, STM32WL33CCV6X, STM32WL33K8V7, STM32WL33K8V7X, STM32WL33KBV7 , STM32WL33KBV7X, STM32WL33KCV7, STM32WL33KCV7X, STM32WL5MOCH6, STM32WL5MOCH6TR]
2025-11-21 16:51:44,260 [INFO] DbMcus:218 - Found 4876 MCUs, 4876 are supported
2025-11-21 16:51:44,261 [INFO] ApiDb:423 - Load user favorites file C:\Users\augus/.stm32cubeide/favorites.mcus.txt: 0 item(s)
2025-11-21 16:51:44,261 [INFO] ApiDb:427 - User favorites MCUs=[]
2025-11-21 16:51:44,261 [INFO] DbMcus:224 - Set 0 / 0 favorites MCUs
2025-11-21 16:51:44,629 [INFO] ApiDb:448 - Save user favorites file C:\Users\augus/.stm32cubeide/favorites.boards.txt: 1 item(s)
2025-11-21 16:51:44,629 [INFO] ApiDb:452 - User favorites Boards=[NUCLEO-L476RG]
2025-11-21 16:51:44,632 [INFO] ApiDb:581 - Connected to CubeFinder SQLite database (C:\Users\augus\.stmcufinder\plugins\mcufinder\mcu\cube-finder-db.db)
2025-11-21 16:51:44,761 [INFO] ApiDb:668 - CubeFinder database Data Model version=2.1
2025-11-21 16:51:44,761 [INFO] ApiDb:669 - CubeFinder database Configuration version=3.0.39
2025-11-21 16:51:44,761 [INFO] ApiDb:670 - CubeFinder database generation date=2025-11-05 (1762334721)
2025-11-21 16:51:44,761 [INFO] ApiDb:671 - CubeFinder database FW Pack versions=[FP-ATR-ASTRA1_V2.0.0, FP-SNS-FLIGHT1_V5.1.0, FP-SNS-MOTENV1_V5.1.0, FP-SNS-MOTENVWB1_V1.4.0, FP-SNS-SMARTAG2_V1.2.0, FP-SNS-STBOX1_V2.1.0, STM32Cube_FW_C0_V1.4.0, STM32Cube_FW_F4_V1.28.3, STM32Cube_FW_F7_V1.17.4, STM32Cube_FW_G0_V1.6.2, STM32Cube_FW_G4_V1.6.1, STM32Cube_FW_H5_V1.5.1, STM32Cube_FW_H7RS_V1.3.0, STM32Cube_FW_H7_V1.12.1, STM32Cube_FW_L0_V1.12.2, STM32Cube_FW_L4_V1.18.1, STM32Cube_FW_L5_V1.6.0, STM32Cube_FW_N6_V1.3.0, STM32Cube_FW_U0_V1.3.0, STM32Cube_FW_U3_V1.2.1, STM32Cube_FW_U5_V1.8.0, STM32Cube_FW_WB0_V1.4.0, STM32Cube_FW_WBA_V1.8.0, STM32Cube_FW_WB_V1.24.0, STM32Cube_FW_WL3_V1.3.0, STM32Cube_FW_WL_V1.4.0, X-CUBE-ALGOBUILD_V1.4.0, X-CUBE-ALS_V1.0.2, X-CUBE-AZRTOS-F4_V1.1.0, X-CUBE-AZRTOS-F7_V1.1.0, X-CUBE-AZRTOS-G0_V1.1.0, X-CUBE-AZRTOS-G4_V2.0.0, X-CUBE-AZRTOS-H7RS_V1.1.0, X-CUBE-AZRTOS-H7_V3.4.0, X-CUBE-AZRTOS-L4_V2.0.0, X-CUBE-AZRTOS-L5_V2.0.0, X-CUBE-AZRTOS-WB_V2.0.0, X-CUBE-AZRTOS-WL_V2.0.0, X-CUBE-BLE1_V7.1.0, X-CUBE-BLE2_V3.3.0, X-CUBE-BLEMGR_V4.1.0, X-CUBE-EEPRMA1_V5.2.0, X-CUBE-FREERTOS_V1.3.1, X-CUBE-GNSS1_V6.0.0, X-CUBE-MEMS1_V11.3.0, X-CUBE-NFC4_V3.0.0, X-CUBE-NFC7_V2.0.0, X-CUBE-SFXS2LP1_V4.0.0, X-CUBE-ST67W61_V1.1.0, X-CUBE-SUBG2_V5.0.0, X-CUBE-TOF1_V3.4.3]
2025-11-21 16:51:44,842 [INFO] DbBoardsSqlite:226 - include board P-NUCLEO-WB55-NUCLEO as a kit item of type 'Nucleo-64'
2025-11-21 16:51:44,843 [INFO] DbBoardsSqlite:226 - include board P-NUCLEO-WB55-USBDONGLE as a kit item of type 'Nucleo USB Dongle'
2025-11-21 16:51:44,843 [INFO] DbBoardsSqlite:226 - include board STEVAL-IDP005V1 as a kit item of type 'Evaluation Board'
2025-11-21 16:51:44,843 [INFO] DbBoardsSqlite:226 - include board STEVAL-IDP005V2 as a kit item of type 'Evaluation Board'
2025-11-21 16:51:44,992 [INFO] ApiDb:240 - Found 880 in-development CPN: [B-G473E-ZEST1S, B-WB1M-WPAN1, B-WBA5M-WPAN, B-WL5M-SUBG1, NUCLEO-C031C6, NUCLEO-C051C8, NUCLEO-C071RB, NUCLEO-C092RC, NUCLEO-H503RB, NUCLEO-H533RE, NUCLEO-H563ZI, NUCLEO-H7S3L8, NUCLEO-N657X0-Q, NUCLEO-U031R8, NUCLEO-U083RC, NUCLEO-U385RG-Q, NUCLEO-U545RE-Q, NUCLEO-U5A5ZJ-Q, NUCLEO-WB05KZ, NUCLEO-WB07CC, NUCLEO-WB09KE, NUCLEO-WBA52CG, NUCLEO-WBA55CG, NUCLEO-WL33CC1, NUCLEO-WL33CC2, STEVAL-PROTEUS1, STEVAL-SMARTAG2, STEVAL-STWINBX1, STM320518-EVAL, STM32C0116-DK, STM32C011D6Y3TR, STM32C011D6Y6TR, STM32C011F4P3, STM32C011F4P6, STM32C011F4U3, STM32C011F4U6TR, STM32C011F6P3, STM32C011F6P6, STM32C011F6U3, STM32C011F6U6TR, STM32C011J4M3, STM32C011J4M6, STM32C011J6M3, STM32C011J6M6, STM32C0316-DK, STM32C031C4T3, STM32C031C4T6, STM32C031C4U3, STM32C031C4U6, STM32C031C6T3, STM32C031C6T6, STM32C031C6U3, STM32C031C6U6, STM32C031F4P3, STM32C031F4P6, STM32C031F6P3, STM32C031F6P6, STM32C031G4U3, STM32C031G4U6, STM32C031G6U3, STM32C031G6U6, STM32C031K4T3, STM32C031K4T6, STM32C031K4U3, STM32C031K4U6, STM32C031K6T3, STM32C031K6T6, STM32C031K6U3, STM32C031K6U6, STM32C051C6T6, STM32C051C6U6, STM32C051C8T6, STM32C051C8U6, STM32C051D8Y6TR, STM32C051F6P6, STM32C051F8P6, STM32C051G6U6, STM32C051G8U6, STM32C051K6T6, STM32C051K6U6, STM32C051K8T6, STM32C071C8T6, STM32C071C8T6N, STM32C071C8U6, STM32C071C8U6N, STM32C071CBT6, STM32C071CBT6N, STM32C071CBU6, STM32C071CBU6N, STM32C071F8P6, STM32C071F8P6N, STM32C071FBP6, STM32C071FBP6N, STM32C071FBY6TR, STM32C071G8U6, STM32C071G8U6N, STM32C071GBU6, STM32C071GBU6N, STM32C071K8T6, STM32C071K8T6N, STM32C071K8U6, STM32C071K8U6N, STM32C071KBT6, STM32C071KBT6N, STM32C071KBU6, STM32C071KBU6N, STM32C071R8T6, STM32C071R8T6N, STM32C071RBI6N, STM32C071RBT6, STM32C071RBT6N, STM32C091CBT6, STM32C091CBU6, STM32C091CCT6, STM32C091CCU6, STM32C091ECY6TR, STM32C091FBP6, STM32C091FCP6, STM32C091GBU6, STM32C091GCU6, STM32C091KBT6, STM32C091KBU6, STM32C091KCT6, STM32C091KCU6, STM32C091RBT6, STM32C091RCI6, STM32C091RCT6, STM32C092CBT6, STM32C092CBU6, STM32C092CCT6, STM32C092CCU6, STM32C092ECY6TR, STM32C092FBP6, STM32C092FCP6, STM32C092GBU6, STM32C092GCU6, STM32C092KBT6, STM32C092KBU6, STM32C092KCT6, STM32C092KCU6, STM32C092RBT6, STM32C092RCI6, STM32C092RCT6, STM32G071K8TXN, STM32G071K8UXN, STM32G081GBU6N, STM32G081KBT6N, STM32G081KBUXN, STM32G0B1CCT6N, STM32G0B1KCT6, STM32G0B1NEY6TR, STM32G0B1RCT6N, STM32G0C1CCT6, STM32G0C1CCT6N, STM32G0C1CCU6N, STM32G0C1CET6N, STM32G0C1CEU6N, STM32G0C1KCT6, STM32G0C1NEY6TR, STM32G0C1RCI6N, STM32G0C1RCT6N, STM32G0C1REI6N, STM32G0C1RET6N, STM32G0C1VCI6, STM32G0C1VEI6, STM32G411C6T3, STM32G411C6T6, STM32G411C6U3, STM32G411C6U6, STM32G411C8T3, STM32G411C8T6, STM32G411C8U3, STM32G411C8U6, STM32G411CBT3, STM32G411CBT6, STM32G411CBU3, STM32G411CBU6, STM32G411K6T3, STM32G411K6T6, STM32G411K6U3, STM32G411K6U6, STM32G411K8T3, STM32G411K8T6, STM32G411K8U3, STM32G411K8U6, STM32G411KBT3, STM32G411KBT6, STM32G411KBU3, STM32G411KBU6, STM32G411M6T3, STM32G411M6T6, STM32G411M8T3, STM32G411M8T6, STM32G411MBT3, STM32G411MBT6, STM32G411R6T3, STM32G411R6T6, STM32G411R8T3, STM32G411R8T6, STM32G411RBT3, STM32G411RBT6, STM32G414CBT3, STM32G414CBT6, STM32G414CBU3, STM32G414CBU6, STM32G414CCT3, STM32G414CCT6, STM32G414CCU3, STM32G414CCU6, STM32G414MBT3, STM32G414MBT6, STM32G414MCT3, STM32G414MCT6, STM32G414RBT3, STM32G414RBT6, STM32G414RCT3, STM32G414RCT6, STM32G414VBT3, STM32G414VBT6, STM32G414VCT3, STM32G414VCT6, STM32G431CBT3Z, STM32G431RBT3Z, STM32G471CCT6, STM32G471CCU6, STM32G471CET3, STM32G471CET6, STM32G471CEU3, STM32G471CEU6, STM32G471MCT6, STM32G471MET3, STM32G471MET6, STM32G471MEY6TR, STM32G471QCT6, STM32G471QET3, STM32G471RCT6, STM32G471RET3, STM32G471RET6, STM32G471VCH6, STM32G471VCI6, STM32G471VCT6, STM32G471VEH3, STM32G471VEH6, STM32G471VEI3, STM32G471VEI6, STM32G471VET3, STM32G471VET6, STM32G473QET3Z, STM32G473RET3Z, STM32G474CCT6, STM32G491RET3Z, STM32H503CBT6, STM32H503CBU6, STM32H503EBY6TR, STM32H503KBU6, STM32H503RBT6, STM32H523CCT6, STM32H523CCU6, STM32H523CET6, STM32H523CEU6, STM32H523HEY6TR, STM32H523RCT6, STM32H523RET6, STM32H523VCI6, STM32H523VCT6, STM32H523VEI6, STM32H523VET6, STM32H523ZCJ6, STM32H523ZCT6, STM32H523ZEJ6, STM32H523ZET6, STM32H533CET6, STM32H533CEU6, STM32H533HEY6TR, STM32H533RET6, STM32H533VEI6, STM32H533VET6, STM32H533ZEJ6, STM32H533ZET6, STM32H562AGI6, STM32H562AII6, STM32H562IGK6, STM32H562IGT6, STM32H562IIK6, STM32H562IIT6, STM32H562RGT6, STM32H562RGV6, STM32H562RIT6, STM32H562RIV6, STM32H562VGT6, STM32H562VIT6, STM32H562ZGT6, STM32H562ZIT6, STM32H563AGI6, STM32H563AII3Q, STM32H563AII6, STM32H563IGK6, STM32H563IGT6, STM32H563IIK3Q, STM32H563IIK6, STM32H563IIT3Q, STM32H563IIT6, STM32H563MIY3QTR, STM32H563RGT6, STM32H563RGV6, STM32H563RIT6, STM32H563RIV6, STM32H563VGT6, STM32H563VIT3Q, STM32H563VIT6, STM32H563ZGT6, STM32H563ZIT3Q, STM32H563ZIT6, STM32H573AII3Q, STM32H573AII6, STM32H573I-DK, STM32H573IIK3Q, STM32H573IIK6, STM32H573IIT3Q, STM32H573IIT6, STM32H573MIY3QTR, STM32H573RIT6, STM32H573RIV6, STM32H573VIT3Q, STM32H573VIT6, STM32H573ZIT3Q, STM32H573ZIT6, STM32H7R3A8I6, STM32H7R3I8K6, STM32H7R3I8T6, STM32H7R3L8H6, STM32H7R3L8H6H, STM32H7R3R8V6, STM32H7R3V8H6, STM32H7R3V8T6, STM32H7R3V8Y6TR, STM32H7R3Z8J6, STM32H7R3Z8T6, STM32H7R7A8I6, STM32H7R7I8K6, STM32H7R7I8T6, STM32H7R7L8H6, STM32H7R7L8H6H, STM32H7R7Z8J6, STM32H7S3A8I6, STM32H7S3I8K6, STM32H7S3I8T6, STM32H7S3L8H6, STM32H7S3L8H6H, STM32H7S3R8V6, STM32H7S3V8H6, STM32H7S3V8T6, STM32H7S3V8Y6TR, STM32H7S3Z8J6, STM32H7S3Z8T6, STM32H7S78-DK, STM32H7S7A8I6, STM32H7S7I8K6, STM32H7S7I8T6, STM32H7S7L8H6, STM32H7S7L8H6H, STM32H7S7Z8J6, STM32L4R5QGI6STR, STM32MP131AAE3, STM32MP131AAF3, STM32MP131AAG3, STM32MP131CAE3, STM32MP131CAF3, STM32MP131CAG3, STM32MP131DAE7, STM32MP131DAF7, STM32MP131DAG7, STM32MP131FAE7, STM32MP131FAF7, STM32MP131FAG7, STM32MP133AAE3, STM32MP133AAF3, STM32MP133AAG3, STM32MP133CAE3, STM32MP133CAF3, STM32MP133CAG3, STM32MP133DAE7, STM32MP133DAF7, STM32MP133DAG7, STM32MP133FAE7, STM32MP133FAF7, STM32MP133FAG7, STM32MP135AAE3, STM32MP135AAF3, STM32MP135AAG3, STM32MP135CAE3, STM32MP135CAF3, STM32MP135CAG3, STM32MP135DAE7, STM32MP135DAF7, STM32MP135DAG7, STM32MP135F-DK, STM32MP135FAE7, STM32MP135FAF7, STM32MP135FAF7T, STM32MP135FAF7U, STM32MP135FAG7, STM32MP211AAL3, STM32MP211AAM3, STM32MP211AAN3, STM32MP211AAO3, STM32MP211CAL3, STM32MP211CAM3, STM32MP211CAN3, STM32MP211CAO3, STM32MP211DAL3, STM32MP211DAM3, STM32MP211DAN3, STM32MP211DAO3, STM32MP211FAL3, STM32MP211FAM3, STM32MP211FAN3, STM32MP211FAO3, STM32MP213AAL3, STM32MP213AAM3, STM32MP213AAN3, STM32MP213AAO3, STM32MP213CAL3, STM32MP213CAM3, STM32MP213CAN3, STM32MP213CAO3, STM32MP213DAL3, STM32MP213DAM3, STM32MP213DAN3, STM32MP213DAO3, STM32MP213FAL3, STM32MP213FAM3, STM32MP213FAN3, STM32MP213FAO3, STM32MP215AAL3, STM32MP215AAM3, STM32MP215AAN3, STM32MP215AAO3, STM32MP215CAL3, STM32MP215CAM3, STM32MP215CAN3, STM32MP215CAO3, STM32MP215DAL3, STM32MP215DAM3, STM32MP215DAN3, STM32MP215DAO3, STM32MP215F-DK, STM32MP215FAL3, STM32MP215FAM3, STM32MP215FAN3, STM32MP215FAO3, STM32MP231AAJ3, STM32MP231AAK3, STM32MP231AAL3, STM32MP231CAJ3, STM32MP231CAK3, STM32MP231CAL3, STM32MP231DAJ3, STM32MP231DAK3, STM32MP231DAL3, STM32MP231FAJ3, STM32MP231FAK3, STM32MP231FAL3, STM32MP233AAJ3, STM32MP233AAK3, STM32MP233AAL3, STM32MP233CAJ3, STM32MP233CAK3, STM32MP233CAL3, STM32MP233DAJ3, STM32MP233DAK3, STM32MP233DAL3, STM32MP233FAJ3, STM32MP233FAK3, STM32MP233FAL3, STM32MP235AAJ3, STM32MP235AAK3, STM32MP235AAL3, STM32MP235CAJ3, STM32MP235CAK3, STM32MP235CAL3, STM32MP235DAJ3, STM32MP235DAK3, STM32MP235DAL3, STM32MP235FAJ3, STM32MP235FAK3, STM32MP235FAL3, STM32MP251AAI3, STM32MP251AAK3, STM32MP251AAL3, STM32MP251CAI3, STM32MP251CAK3, STM32MP251CAL3, STM32MP251DAI3, STM32MP251DAK3, STM32MP251DAL3, STM32MP251FAI3, STM32MP251FAK3, STM32MP251FAL3, STM32MP253AAI3, STM32MP253AAK3, STM32MP253AAL3, STM32MP253CAI3, STM32MP253CAK3, STM32MP253CAL3, STM32MP253DAI3, STM32MP253DAK3, STM32MP253DAL3, STM32MP253FAI3, STM32MP253FAK3, STM32MP253FAL3, STM32MP255AAI3, STM32MP255AAK3, STM32MP255AAL3, STM32MP255CAI3, STM32MP255CAK3, STM32MP255CAL3, STM32MP255DAI3, STM32MP255DAK3, STM32MP255DAL3, STM32MP255FAI3, STM32MP255FAK3, STM32MP255FAL3, STM32MP257AAI3, STM32MP257AAK3, STM32MP257AAL3, STM32MP257CAI3, STM32MP257CAK3, STM32MP257CAL3, STM32MP257DAI3, STM32MP257DAK3, STM32MP257DAL3, STM32MP257F-DK, STM32MP257F-EV1, STM32MP257FAI3, STM32MP257FAK3, STM32MP257FAL3, STM32N645A0H3Q, STM32N645B0H3Q, STM32N645I0H3Q, STM32N645L0H3Q, STM32N645X0H3Q, STM32N645Z0H3Q, STM32N647A0H3Q, STM32N647B0H3Q, STM32N647I0H3Q, STM32N647L0H3Q, STM32N647X0H3Q, STM32N647Z0H3Q, STM32N655A0H3Q, STM32N655B0H3Q, STM32N655I0H3Q, STM32N655L0H3Q, STM32N655X0H3Q, STM32N655Z0H3Q, STM32N6570-DK, STM32N657A0H3Q, STM32N657B0H3Q, STM32N657I0H3Q, STM32N657L0H3Q, STM32N657X0H3Q, STM32N657Z0H3Q, STM32U031C6T6, STM32U031C6U6, STM32U031C8T6, STM32U031C8U6, STM32U031F4P6, STM32U031F6P6, STM32U031F8P6, STM32U031G6Y6TR, STM32U031G8Y6TR, STM32U031K4U6, STM32U031K6U6, STM32U031K8U6, STM32U031R6I6, STM32U031R6T6, STM32U031R8I6, STM32U031R8T6, STM32U073C8T6, STM32U073C8U6, STM32U073CBT6, STM32U073CBU6, STM32U073CCT6, STM32U073CCU6, STM32U073H8Y6TR, STM32U073HBY6TR, STM32U073HCY6TR, STM32U073K8U6, STM32U073KBU6, STM32U073KCU6, STM32U073M8I6, STM32U073M8T6, STM32U073MBI6, STM32U073MBT6, STM32U073MCI6, STM32U073MCT6, STM32U073R8I6, STM32U073R8T6, STM32U073RBI6, STM32U073RBT6, STM32U073RCI6, STM32U073RCT6, STM32U083C-DK, STM32U083CCT6, STM32U083CCU6, STM32U083HCY6TR, STM32U083KCU6, STM32U083MCI6, STM32U083MCT6, STM32U083RCI6, STM32U083RCT6, STM32U375CET6, STM32U375CET6Q, STM32U375CEU6, STM32U375CEU6Q, STM32U375CEY6QTR, STM32U375CGT6, STM32U375CGT6Q, STM32U375CGU6, STM32U375CGU6Q, STM32U375CGY6QTR, STM32U375KEU6, STM32U375KGU6, STM32U375REI6, STM32U375REI6Q, STM32U375RET6, STM32U375RET6Q, STM32U375REY6GTR, STM32U375REY6QTR, STM32U375RGI6, STM32U375RGI6Q, STM32U375RGT6, STM32U375RGT6Q, STM32U375RGY6GTR, STM32U375RGY6QTR, STM32U375VEI6, STM32U375VEI6Q, STM32U375VET6, STM32U375VET6Q, STM32U375VGI6, STM32U375VGI6Q, STM32U375VGT6, STM32U375VGT6Q, STM32U385CGT6, STM32U385CGT6Q, STM32U385CGU6, STM32U385CGU6Q, STM32U385CGY6QTR, STM32U385KGU6, STM32U385RGI6, STM32U385RGI6Q, STM32U385RGT6, STM32U385RGT6Q, STM32U385RGY6GTR, STM32U385RGY6QTR, STM32U385VGI6, STM32U385VGI6Q, STM32U385VGT6, STM32U385VGT6Q, STM32U535CBT6, STM32U535CBT6Q, STM32U535CBU6, STM32U535CBU6Q, STM32U535CCT6, STM32U535CCT6Q, STM32U535CCU6, STM32U535CCU6Q, STM32U535CET6, STM32U535CET6Q, STM32U535CEU6, STM32U535CEU6Q, STM32U535JEY6QTR, STM32U535NCY6QTR, STM32U535NEY6QTR, STM32U535RBI6, STM32U535RBI6Q, STM32U535RBT6, STM32U535RBT6Q, STM32U535RCI6, STM32U535RCI6Q, STM32U535RCT6, STM32U535RCT6Q, STM32U535REI6, STM32U535REI6Q, STM32U535RET6, STM32U535RET6Q, STM32U535VCI6, STM32U535VCI6Q, STM32U535VCT6, STM32U535VCT6Q, STM32U535VEI6, STM32U535VEI6Q, STM32U535VET6, STM32U535VET6Q, STM32U545CET6, STM32U545CET6Q, STM32U545CEU6, STM32U545CEU6Q, STM32U545JEY6QTR, STM32U545NEY6QTR, STM32U545REI6, STM32U545REI6Q, STM32U545RET6, STM32U545RET6Q, STM32U545VEI6, STM32U545VEI6Q, STM32U545VET6, STM32U545VET6Q, STM32U595AIH6, STM32U595AIH6Q, STM32U595AJH6, STM32U595AJH6Q, STM32U595QII6, STM32U595QII6Q, STM32U595QJI6, STM32U595QJI6Q, STM32U595RIT6, STM32U595RIT6Q, STM32U595RJT6, STM32U595RJT6Q, STM32U595VIT6, STM32U595VIT6Q, STM32U595VJT6, STM32U595VJT6Q, STM32U595ZIT6, STM32U595ZIT6Q, STM32U595ZIY6QTR, STM32U595ZJT6, STM32U595ZJT6Q, STM32U595ZJY6QTR, STM32U599BJY6QTR, STM32U599NIH6Q, STM32U599NJH6Q, STM32U599VIT6Q, STM32U599VJT6, STM32U599VJT6Q, STM32U599ZIT6Q, STM32U599ZIY6QTR, STM32U599ZJT6Q, STM32U599ZJY6QTR, STM32U5A5AJH6, STM32U5A5AJH6Q, STM32U5A5QII3Q , STM32U5A5QJI6, STM32U5A5QJI6Q, STM32U5A5RJT6, STM32U5A5RJT6Q, STM32U5A5VJT6, STM32U5A5VJT6Q, STM32U5A5ZJT6, STM32U5A5ZJT6Q, STM32U5A5ZJY6QTR, STM32U5A9BJY6QTR, STM32U5A9J-DK, STM32U5A9NJH6Q, STM32U5A9VJT6Q, STM32U5A9ZJT6Q, STM32U5A9ZJY6QTR, STM32U5F7VIT6, STM32U5F7VIT6Q, STM32U5F7VJT6, STM32U5F7VJT6Q, STM32U5F9BJY6QTR, STM32U5F9NJH6Q, STM32U5F9VIT6Q, STM32U5F9VJT6Q, STM32U5F9ZIJ6QTR, STM32U5F9ZIT6Q, STM32U5F9ZJJ6QTR, STM32U5F9ZJT6Q, STM32U5G7VJT6, STM32U5G7VJT6Q, STM32U5G9BJY6QTR, STM32U5G9J-DK1, STM32U5G9J-DK2, STM32U5G9NJH6Q, STM32U5G9VJT6Q, STM32U5G9ZJJ6QTR, STM32U5G9ZJT6Q, STM32WB05KZV6TR, STM32WB05KZV7TR, STM32WB05TZF6TR, STM32WB05TZF7TR, STM32WB06CCF6TR, STM32WB06CCF7TR, STM32WB06CCV6TR, STM32WB06CCV7TR, STM32WB06KCV6TR, STM32WB06KCV7TR, STM32WB07CCF6TR, STM32WB07CCF7TR, STM32WB07CCV6TR, STM32WB07CCV7TR, STM32WB07KCV6TR, STM32WB07KCV7TR, STM32WB09KEV6TR, STM32WB09KEV7TR, STM32WB09TEF6TR, STM32WB09TEF7TR, STM32WB1MMCH6, STM32WBA50KGU6, STM32WBA50KGU6TR, STM32WBA52CEU6, STM32WBA52CEU6TR, STM32WBA52CEU7, STM32WBA52CEU7TR, STM32WBA52CGU6, STM32WBA52CGU6TR, STM32WBA52CGU6U, STM32WBA52CGU7, STM32WBA52CGU7TR, STM32WBA52KEU6, STM32WBA52KEU6TR, STM32WBA52KGU6, STM32WBA52KGU6TR, STM32WBA54CEU6, STM32WBA54CEU6TR, STM32WBA54CEU7, STM32WBA54CEU7TR, STM32WBA54CGU6, STM32WBA54CGU6TR, STM32WBA54CGU7, STM32WBA54CGU7TR, STM32WBA54KEU6, STM32WBA54KEU6TR, STM32WBA54KEU7, STM32WBA54KEU7TR, STM32WBA54KGU6, STM32WBA54KGU6TR, STM32WBA54KGU7, STM32WBA54KGU7TR, STM32WBA55CEU6, STM32WBA55CEU6TR, STM32WBA55CEU7, STM32WBA55CEU7TR, STM32WBA55CGU6, STM32WBA55CGU6TR, STM32WBA55CGU6U, STM32WBA55CGU7, STM32WBA55CGU7TR, STM32WBA55G-DK1, STM32WBA55HEF6, STM32WBA55HEF7, STM32WBA55HGF6, STM32WBA55HGF7, STM32WBA55UEI6, STM32WBA55UEI6TR, STM32WBA55UEI7, STM32WBA55UEI7TR, STM32WBA55UGI6, STM32WBA55UGI6TR, STM32WBA55UGI7, STM32WBA55UGI7TR, STM32WBA5MMGH6TR, STM32WBA62MGF6, STM32WBA62MIF6, STM32WBA65MGF7, STM32WBA65MIF6, STM32WBA65MIF7, STM32WL30K8V6, STM32WL30KBV6, STM32WL31C8V6, STM32WL31CBV6, STM32WL31K8V6, STM32WL31KBV6, STM32WL33C8V6, STM32WL33C8V6X, STM32WL33CBV6, STM32WL33CBV6X, STM32WL33CCV6, STM32WL33CCV6A, STM32WL33CCV6X, STM32WL33K8V7, STM32WL33K8V7X, STM32WL33KBV7 , STM32WL33KBV7X, STM32WL33KCV7, STM32WL33KCV7X, STM32WL5MOCH6, STM32WL5MOCH6TR]
2025-11-21 16:51:45,451 [INFO] BoardInfo:889 - No configuration file found for board P-NUCLEO-WB55
2025-11-21 16:51:45,453 [INFO] DbBoards:161 - Kit is not supported: P-NUCLEO-WB55
2025-11-21 16:51:45,463 [INFO] BoardInfo:889 - No configuration file found for board STEVAL-BFA001V1B
2025-11-21 16:51:45,465 [INFO] DbBoards:161 - Kit is not supported: STEVAL-BFA001V1B
2025-11-21 16:51:45,466 [INFO] BoardInfo:889 - No configuration file found for board STEVAL-BFA001V2B
2025-11-21 16:51:45,468 [INFO] DbBoards:161 - Kit is not supported: STEVAL-BFA001V2B
2025-11-21 16:51:45,867 [INFO] DbBoards:168 - Found 212 boards, 209 are supported
2025-11-21 16:51:45,867 [INFO] DbBoards:169 - Found 212 boards, 43 of them is supported for  Bsp
2025-11-21 16:51:45,872 [INFO] ApiDb:423 - Load user favorites file C:\Users\augus/.stm32cubeide/favorites.boards.txt: 1 item(s)
2025-11-21 16:51:45,872 [INFO] ApiDb:427 - User favorites Boards=[NUCLEO-L476RG]
2025-11-21 16:51:45,872 [INFO] DbBoards:198 - Set 1 / 1 favorites Boards
2025-11-21 16:51:46,981 [INFO] LoadUrlFilesThread:185 - End of LoadServerUrlFiles without Thread
2025-11-21 16:51:46,981 [INFO] TargetSelectorAdapter:259 - Refresh data is successful
2025-11-21 16:51:47,065 [INFO] ApiDb:668 - CubeFinder database Data Model version=2.1
2025-11-21 16:51:47,065 [INFO] ApiDb:669 - CubeFinder database Configuration version=3.0.39
2025-11-21 16:51:47,065 [INFO] ApiDb:670 - CubeFinder database generation date=2025-11-05 (1762334721)
2025-11-21 16:51:47,065 [INFO] ApiDb:671 - CubeFinder database FW Pack versions=[FP-ATR-ASTRA1_V2.0.0, FP-SNS-FLIGHT1_V5.1.0, FP-SNS-MOTENV1_V5.1.0, FP-SNS-MOTENVWB1_V1.4.0, FP-SNS-SMARTAG2_V1.2.0, FP-SNS-STBOX1_V2.1.0, STM32Cube_FW_C0_V1.4.0, STM32Cube_FW_F4_V1.28.3, STM32Cube_FW_F7_V1.17.4, STM32Cube_FW_G0_V1.6.2, STM32Cube_FW_G4_V1.6.1, STM32Cube_FW_H5_V1.5.1, STM32Cube_FW_H7RS_V1.3.0, STM32Cube_FW_H7_V1.12.1, STM32Cube_FW_L0_V1.12.2, STM32Cube_FW_L4_V1.18.1, STM32Cube_FW_L5_V1.6.0, STM32Cube_FW_N6_V1.3.0, STM32Cube_FW_U0_V1.3.0, STM32Cube_FW_U3_V1.2.1, STM32Cube_FW_U5_V1.8.0, STM32Cube_FW_WB0_V1.4.0, STM32Cube_FW_WBA_V1.8.0, STM32Cube_FW_WB_V1.24.0, STM32Cube_FW_WL3_V1.3.0, STM32Cube_FW_WL_V1.4.0, X-CUBE-ALGOBUILD_V1.4.0, X-CUBE-ALS_V1.0.2, X-CUBE-AZRTOS-F4_V1.1.0, X-CUBE-AZRTOS-F7_V1.1.0, X-CUBE-AZRTOS-G0_V1.1.0, X-CUBE-AZRTOS-G4_V2.0.0, X-CUBE-AZRTOS-H7RS_V1.1.0, X-CUBE-AZRTOS-H7_V3.4.0, X-CUBE-AZRTOS-L4_V2.0.0, X-CUBE-AZRTOS-L5_V2.0.0, X-CUBE-AZRTOS-WB_V2.0.0, X-CUBE-AZRTOS-WL_V2.0.0, X-CUBE-BLE1_V7.1.0, X-CUBE-BLE2_V3.3.0, X-CUBE-BLEMGR_V4.1.0, X-CUBE-EEPRMA1_V5.2.0, X-CUBE-FREERTOS_V1.3.1, X-CUBE-GNSS1_V6.0.0, X-CUBE-MEMS1_V11.3.0, X-CUBE-NFC4_V3.0.0, X-CUBE-NFC7_V2.0.0, X-CUBE-SFXS2LP1_V4.0.0, X-CUBE-ST67W61_V1.1.0, X-CUBE-SUBG2_V5.0.0, X-CUBE-TOF1_V3.4.3]
2025-11-21 16:51:48,061 [ERROR] DbExamplesSqlite:437 - Missing JSON key: board_cpn
2025-11-21 16:51:48,061 [ERROR] DbExamplesSqlite:437 - Missing JSON key: board_cpn
2025-11-21 16:51:48,061 [ERROR] DbExamplesSqlite:437 - Missing JSON key: board_cpn
2025-11-21 16:51:48,062 [ERROR] DbExamplesSqlite:437 - Missing JSON key: board_cpn
2025-11-21 16:51:48,471 [ERROR] DbExamplesSqlite:437 - Missing JSON key: board_cpn
2025-11-21 16:51:48,471 [ERROR] DbExamplesSqlite:437 - Missing JSON key: board_cpn
2025-11-21 16:51:48,483 [INFO] DbExamplesSqlite:395 - Ignored 42 examples not supported by CubeIDE
2025-11-21 16:51:48,483 [INFO] DbExamplesSqlite:396 - Found 10883 examples active
2025-11-21 16:51:48,483 [INFO] DbExamplesSqlite:397 - Found 0 examples obsolete
2025-11-21 16:51:48,484 [INFO] DbExamplesSqlite:398 - Found 0 examples under development
2025-11-21 16:51:48,484 [INFO] DbExamplesSqlite:399 - Found 85 examples not building
2025-11-21 16:51:48,488 [INFO] DbExamples:125 - Found 10926 examples
2025-11-21 16:51:48,599 [ERROR] DbExamples:208 - Found 73 examples with invalid data (board or MCU)
2025-11-21 16:51:48,599 [INFO] DbExamples:222 - Found 134 boards with related examples
2025-11-21 16:51:48,601 [INFO] DbExamples:235 - Found 111 MCUs with related examples
2025-11-21 16:51:48,631 [INFO] ApiDb:414 - User favorites file not found: C:\Users\augus/.stm32cubeide/favorites.examples.txt
2025-11-21 16:51:48,633 [INFO] DbExamples:250 - Set 0 / 0 favorites Examples
2025-11-21 16:51:48,733 [INFO] McuFinderGlobals:76 - Set McuFinderConnectedMode to true
2025-11-21 16:51:48,831 [INFO] MultiScanPanel:200 - Auto-refresh data requested => check proxy status ongoing
2025-11-21 16:51:48,852 [INFO] FinderPluginLoader:96 - Searching for filters in installed packs
2025-11-21 16:51:51,949 [INFO] LoadUrlFilesThread:185 - End of LoadServerUrlFiles without Thread
2025-11-21 16:51:51,950 [INFO] DetailPanel:341 - Set advertising image to C:/Users/augus/STM32Cube/Repository/\en.mcu-finder-preevent.jpg
2025-11-21 16:51:58,937 [INFO] MultiScanPanel:200 - Auto-refresh data requested => check proxy status ongoing
2025-11-21 16:51:59,122 [INFO] LoadUrlFilesThread:185 - End of LoadServerUrlFiles without Thread
2025-11-21 16:51:59,123 [INFO] DetailPanel:341 - Set advertising image to C:/Users/augus/STM32Cube/Repository/\en.mcu-finder-preevent.jpg
2025-11-21 16:51:59,132 [INFO] DbBoards:642 - Loading board mini-images...
2025-11-21 16:52:06,784 [ERROR] DbBoards:659 - Image file not found for board STM32MP215F-DK: C:\Users\augus\.stmcufinder\plugins\mcufinder//mcu//boards_images/STM32MP215F-DK.jpg
2025-11-21 16:52:07,292 [INFO] DbBoards:665 - Loaded 211 board mini-images
2025-11-21 16:52:47,413 [INFO] MainUpdater:2872 - connection check result : 10
2025-11-21 16:52:47,413 [INFO] MainUpdater:2872 - connection check result : 10
2025-11-21 16:52:48,130 [INFO] I2sManager:658 - 9.6E7
2025-11-21 16:52:48,131 [INFO] I2sManager:195 - I2S Clock Value : 9.6E7
2025-11-21 16:52:48,132 [INFO] I2sManager:553 - AudioClock : 93750Divider : 2Odd : 0
2025-11-21 16:52:48,281 [INFO] MicroXplorer:468 - Change Database Path : 
2025-11-21 16:52:48,281 [INFO] MicroXplorer:498 - Change Database Version : DB.6.0.150
2025-11-21 16:52:48,544 [ERROR] ProjectManagerView:395 - 
java.lang.NullPointerException: Cannot invoke "javax.swing.JTextField.getText()" because the return value of "java.util.List.get(int)" is null
	at com.st.microxplorer.plugins.projectmanager.gui.ProjectChoiceTab$9.caretUpdate(ProjectChoiceTab.java:2706) ~[filemanager.jar:?]
	at javax.swing.text.JTextComponent.fireCaretUpdate(JTextComponent.java:408) ~[?:?]
	at javax.swing.text.JTextComponent$MutableCaretEvent.fire(JTextComponent.java:4484) ~[?:?]
	at javax.swing.text.JTextComponent$MutableCaretEvent.stateChanged(JTextComponent.java:4506) ~[?:?]
	at javax.swing.text.DefaultCaret.fireStateChanged(DefaultCaret.java:857) ~[?:?]
	at javax.swing.text.DefaultCaret.changeCaretPosition(DefaultCaret.java:1343) ~[?:?]
	at javax.swing.text.DefaultCaret.handleSetDot(DefaultCaret.java:1242) ~[?:?]
	at javax.swing.text.DefaultCaret.setDot(DefaultCaret.java:1223) ~[?:?]
	at javax.swing.text.DefaultCaret$Handler.insertUpdate(DefaultCaret.java:1819) ~[?:?]
	at javax.swing.text.AbstractDocument.fireInsertUpdate(AbstractDocument.java:227) ~[?:?]
	at javax.swing.text.AbstractDocument.handleInsertString(AbstractDocument.java:781) ~[?:?]
	at javax.swing.text.AbstractDocument.insertString(AbstractDocument.java:740) ~[?:?]
	at javax.swing.text.PlainDocument.insertString(PlainDocument.java:131) ~[?:?]
	at javax.swing.text.AbstractDocument.replace(AbstractDocument.java:699) ~[?:?]
	at javax.swing.text.JTextComponent.setText(JTextComponent.java:1725) ~[?:?]
	at com.st.microxplorer.plugins.projectmanager.gui.ProjectChoiceTab.createHeapStackFields(ProjectChoiceTab.java:993) ~[filemanager.jar:?]
	at com.st.microxplorer.plugins.projectmanager.gui.ProjectChoiceTab.buildLinkSettingsPanel(ProjectChoiceTab.java:3813) ~[filemanager.jar:?]
	at com.st.microxplorer.plugins.projectmanager.gui.ProjectChoiceTab.defineWindowsFields(ProjectChoiceTab.java:1987) ~[filemanager.jar:?]
	at com.st.microxplorer.plugins.projectmanager.gui.ProjectChoiceTab.updateSettings(ProjectChoiceTab.java:558) ~[filemanager.jar:?]
	at com.st.microxplorer.plugins.projectmanager.gui.ProjectSettingsPanel.UpdateDialog(ProjectSettingsPanel.java:247) ~[filemanager.jar:?]
	at com.st.microxplorer.plugins.projectmanager.ProjectManagerView.propertyChange(ProjectManagerView.java:392) ~[filemanager.jar:?]
	at java.beans.PropertyChangeSupport.fire(PropertyChangeSupport.java:343) ~[?:?]
	at java.beans.PropertyChangeSupport.firePropertyChange(PropertyChangeSupport.java:335) ~[?:?]
	at java.beans.PropertyChangeSupport.firePropertyChange(PropertyChangeSupport.java:268) ~[?:?]
	at com.st.microxplorer.util.MXPropertyChangeSupport.firePropertyChange(MXPropertyChangeSupport.java:54) ~[STM32CubeMX.jar:?]
	at com.st.microxplorer.mxsystem.MxSystem.closeConfig(MxSystem.java:899) ~[STM32CubeMX.jar:?]
	at com.st.microxplorer.maingui.MainPanel.closeConfig(MainPanel.java:792) ~[STM32CubeMX.jar:?]
	at com.st.microxplorer.plugins.filemanager.engine.OpenFileManager.loadConfigurationFile(OpenFileManager.java:288) ~[filemanager.jar:?]
	at com.st.microxplorer.plugins.filemanager.engine.MainFileManager.userLoadConfig(MainFileManager.java:364) ~[filemanager.jar:?]
	at com.st.microxplorer.plugins.filemanager.FileManagerView.getSpecificTask(FileManagerView.java:268) ~[filemanager.jar:?]
	at com.st.stm32cube.common.mx.editor.CubeMxEditor.getMxTabbedPaneInstance(CubeMxEditor.java:1191) ~[com.st.stm32cube.common.mx_6.15.0.202507011659/:?]
	at com.st.stm32cube.common.mx.editor.CubeMxEditor$12$1.createSwingComponent(CubeMxEditor.java:1068) ~[com.st.stm32cube.common.mx_6.15.0.202507011659/:?]
	at com.st.stm32cube.common.mx.oss.core.awtswtbridge.EmbeddedSwingComposite.doComponentCreation(EmbeddedSwingComposite.java:492) ~[com.st.stm32cube.common.mx.oss_6.15.0.202507011659/:?]
	at com.st.stm32cube.common.mx.oss.core.awtswtbridge.EmbeddedSwingComposite$4.run(EmbeddedSwingComposite.java:291) ~[com.st.stm32cube.common.mx.oss_6.15.0.202507011659/:?]
	at com.st.stm32cube.common.mx.oss.core.awtswtbridge.AwtEnvironment$2.run(AwtEnvironment.java:166) ~[com.st.stm32cube.common.mx.oss_6.15.0.202507011659/:?]
	at java.awt.event.InvocationEvent.dispatch(InvocationEvent.java:318) ~[?:?]
	at java.awt.EventQueue.dispatchEventImpl(EventQueue.java:773) ~[?:?]
	at java.awt.EventQueue$4.run(EventQueue.java:720) ~[?:?]
	at java.awt.EventQueue$4.run(EventQueue.java:714) ~[?:?]
	at java.security.AccessController.doPrivileged(AccessController.java:400) ~[?:?]
	at java.security.ProtectionDomain$JavaSecurityAccessImpl.doIntersectionPrivilege(ProtectionDomain.java:87) ~[?:?]
	at java.awt.EventQueue.dispatchEvent(EventQueue.java:742) ~[?:?]
	at java.awt.EventDispatchThread.pumpOneEventForFilters(EventDispatchThread.java:203) ~[?:?]
	at java.awt.EventDispatchThread.pumpEventsForFilter(EventDispatchThread.java:124) ~[?:?]
	at java.awt.EventDispatchThread.pumpEventsForHierarchy(EventDispatchThread.java:113) ~[?:?]
	at java.awt.EventDispatchThread.pumpEvents(EventDispatchThread.java:109) ~[?:?]
	at java.awt.EventDispatchThread.pumpEvents(EventDispatchThread.java:101) ~[?:?]
	at java.awt.EventDispatchThread.run(EventDispatchThread.java:90) ~[?:?]
2025-11-21 16:52:48,571 [WARN] ThirdParty:871 - waiting for thirdparty lock release [close project]
2025-11-21 16:52:48,572 [INFO] ThirdParty:873 - entering critical section [close project]
2025-11-21 16:52:48,572 [INFO] ThirdParty:883 - exiting critical section [close project]
2025-11-21 16:52:48,576 [INFO] PinOutPanel:1589 - setPackage(No Configuration,No Configuration)
2025-11-21 16:52:48,753 [WARN] IpParametersView:155 - Warning: This peripheral hasn't parameters
2025-11-21 16:52:48,808 [WARN] MainPanel:289 - <html><b><center>Warning: This peripheral has no parameters to be configured<br></b></html>
2025-11-21 16:52:48,821 [INFO] UtilMem:75 - Begin LoadConfig() Used Memory: 976188976 Bytes (1073741824)
2025-11-21 16:52:48,823 [INFO] OpenFileManager:355 - Change cursor
2025-11-21 16:52:48,924 [INFO] RulesReader:64 - Compatibility file has been processed (317 Rules)
2025-11-21 16:52:48,950 [INFO] ProjectFactory:514 - No CPN specified for board STM32F407G-DISC1 => set CPN to STM32F407VGT6
2025-11-21 16:52:48,950 [INFO] Mcu:2029 - Initializing MCU STM32F407V(E-G)Tx STM32F407VGTx STM32F407VGT6
2025-11-21 16:52:52,811 [INFO] Context:786 - Trying to add GPIOservice into a context  which must be forbidden
2025-11-21 16:52:54,464 [INFO] Rule:233 - rule 117617 - U5Cobra4M][GTZC] default value MPCBB3 and MPCBB5 - Not Secured memory - MPCBB1 is applicable
2025-11-21 16:52:54,464 [INFO] Rule:233 - rule 117617 - U5Cobra4M][GTZC] default value MPCBB3 and MPCBB5 - Not Secured memory - MPCBB1 is applicable
2025-11-21 16:52:54,465 [INFO] Rule:233 - rule 117617 - U5Cobra4M][GTZC] default value MPCBB3 and MPCBB5 - Not Secured memory - MPCBB2 is applicable
2025-11-21 16:52:54,465 [INFO] Rule:233 - rule 117617 - U5Cobra4M][GTZC] default value MPCBB3 and MPCBB5 - Not Secured memory - MPCBB2 is applicable
2025-11-21 16:52:54,465 [INFO] Rule:233 - rule 117617 - U5Cobra4M][GTZC] default value MPCBB3 and MPCBB5 - Not Secured memory - MPCBB3 is applicable
2025-11-21 16:52:54,465 [INFO] Rule:233 - rule 117617 - U5Cobra4M][GTZC] default value MPCBB3 and MPCBB5 - Not Secured memory - MPCBB3 is applicable
2025-11-21 16:52:54,465 [INFO] Rule:233 - rule 117617 - U5Cobra4M][GTZC] default value MPCBB3 and MPCBB5 - Not Secured memory - MPCBB4 is applicable
2025-11-21 16:52:54,465 [INFO] Rule:233 - rule 117617 - U5Cobra4M][GTZC] default value MPCBB3 and MPCBB5 - Not Secured memory - MPCBB4 is applicable
2025-11-21 16:52:54,465 [INFO] Rule:233 - rule 117617 - U5Cobra4M][GTZC] default value MPCBB3 and MPCBB5 - Secured memory - MPCBB1 is applicable
2025-11-21 16:52:54,465 [INFO] Rule:233 - rule 117617 - U5Cobra4M][GTZC] default value MPCBB3 and MPCBB5 - Secured memory - MPCBB2 is applicable
2025-11-21 16:52:54,465 [INFO] Rule:233 - rule 117617 - U5Cobra4M][GTZC] default value MPCBB3 and MPCBB5 - Secured memory - MPCBB3 is applicable
2025-11-21 16:52:54,465 [INFO] Rule:233 - rule 117617 - U5Cobra4M][GTZC] default value MPCBB3 and MPCBB5 - Secured memory - MPCBB4 is applicable
2025-11-21 16:52:54,465 [INFO] Rule:233 - rule 117617 - U5Cobra4M][GTZC] default value MPCBB3 and MPCBB5 - Privileged memory - MPCBB1 is applicable
2025-11-21 16:52:54,465 [INFO] Rule:233 - rule 117617 - U5Cobra4M][GTZC] default value MPCBB3 and MPCBB5 - Privileged memory - MPCBB2 is applicable
2025-11-21 16:52:54,465 [INFO] Rule:233 - rule 117617 - U5Cobra4M][GTZC] default value MPCBB3 and MPCBB5 - Privileged memory - MPCBB3 is applicable
2025-11-21 16:52:54,465 [INFO] Rule:233 - rule 117617 - U5Cobra4M][GTZC] default value MPCBB3 and MPCBB5 - Privileged memory - MPCBB4 is applicable
2025-11-21 16:52:54,465 [INFO] Rule:233 - rule 117617 - U5Cobra4M][GTZC] default value MPCBB3 and MPCBB5 - Not Privileged memory - MPCBB1 is applicable
2025-11-21 16:52:54,465 [INFO] Rule:233 - rule 117617 - U5Cobra4M][GTZC] default value MPCBB3 and MPCBB5 - Not Privileged memory - MPCBB2 is applicable
2025-11-21 16:52:54,465 [INFO] Rule:233 - rule 117617 - U5Cobra4M][GTZC] default value MPCBB3 and MPCBB5 - Not Privileged memory - MPCBB3 is applicable
2025-11-21 16:52:54,466 [INFO] Rule:233 - rule 117617 - U5Cobra4M][GTZC] default value MPCBB3 and MPCBB5 - Not Privileged memory - MPCBB4 is applicable
2025-11-21 16:52:54,466 [INFO] Rule:233 - rule 117617 - U5Cobra4M][GTZC] default value MPCBB3 and MPCBB5 - Privileged memory - MPCBB1 is applicable
2025-11-21 16:52:54,466 [INFO] Rule:233 - rule 117617 - U5Cobra4M][GTZC] default value MPCBB3 and MPCBB5 - Privileged memory - MPCBB2 is applicable
2025-11-21 16:52:54,466 [INFO] Rule:233 - rule 117617 - U5Cobra4M][GTZC] default value MPCBB3 and MPCBB5 - Privileged memory - MPCBB3 is applicable
2025-11-21 16:52:54,466 [INFO] Rule:233 - rule 117617 - U5Cobra4M][GTZC] default value MPCBB3 and MPCBB5 - Privileged memory - MPCBB4 is applicable
2025-11-21 16:52:54,466 [INFO] Rule:233 - rule 117617 - U5Cobra4M][GTZC] default value MPCBB3 and MPCBB5 - Privileged memory - MPCBB1 is applicable
2025-11-21 16:52:54,466 [INFO] Rule:233 - rule 117617 - U5Cobra4M][GTZC] default value MPCBB3 and MPCBB5 - Privileged memory - MPCBB2 is applicable
2025-11-21 16:52:54,466 [INFO] Rule:233 - rule 117617 - U5Cobra4M][GTZC] default value MPCBB3 and MPCBB5 - Privileged memory - MPCBB3 is applicable
2025-11-21 16:52:54,466 [INFO] Rule:233 - rule 117617 - U5Cobra4M][GTZC] default value MPCBB3 and MPCBB5 - Privileged memory - MPCBB4 is applicable
2025-11-21 16:52:54,466 [INFO] Rule:233 - rule 117617 - U5Cobra4M][GTZC] default value MPCBB3 and MPCBB5 - Not Privileged memory - MPCBB1 is applicable
2025-11-21 16:52:54,466 [INFO] Rule:233 - rule 117617 - U5Cobra4M][GTZC] default value MPCBB3 and MPCBB5 - Not Privileged memory - MPCBB2 is applicable
2025-11-21 16:52:54,466 [INFO] Rule:233 - rule 117617 - U5Cobra4M][GTZC] default value MPCBB3 and MPCBB5 - Not Privileged memory - MPCBB3 is applicable
2025-11-21 16:52:54,466 [INFO] Rule:233 - rule 117617 - U5Cobra4M][GTZC] default value MPCBB3 and MPCBB5 - Not Privileged memory - MPCBB4 is applicable
2025-11-21 16:52:54,466 [INFO] Rule:233 - rule 117617 - U5Cobra4M][GTZC] default value MPCBB3 and MPCBB5 - Privileged memory - MPCBB1 is applicable
2025-11-21 16:52:54,466 [INFO] Rule:233 - rule 117617 - U5Cobra4M][GTZC] default value MPCBB3 and MPCBB5 - Privileged memory - MPCBB2 is applicable
2025-11-21 16:52:54,466 [INFO] Rule:233 - rule 117617 - U5Cobra4M][GTZC] default value MPCBB3 and MPCBB5 - Privileged memory - MPCBB3 is applicable
2025-11-21 16:52:54,467 [INFO] Rule:233 - rule 117617 - U5Cobra4M][GTZC] default value MPCBB3 and MPCBB5 - Privileged memory - MPCBB4 is applicable
2025-11-21 16:52:54,467 [INFO] Rule:233 - rule Rename SubGHz_Phy SUBGHZ_APPLICATION SUBGHZ_PINGPONG to SUBGHZ_ADV_APPLICATION is applicable
2025-11-21 16:52:54,467 [INFO] Rule:233 - rule Rename Enabled to IBEACON is applicable
2025-11-21 16:52:54,467 [INFO] Rule:233 - rule GTZC_S instance for project manager is applicable
2025-11-21 16:52:54,467 [INFO] Rule:233 - rule GTZC_S instance for context M33S is applicable
2025-11-21 16:52:54,467 [INFO] Rule:233 - rule GTZC_S instance value for IP GTZC is applicable
2025-11-21 16:52:54,467 [INFO] Rule:233 - rule GTZC_S instance for mcu.IP is applicable
2025-11-21 16:52:54,467 [INFO] Rule:233 - rule GTZC_S instance for VP is applicable
2025-11-21 16:52:54,467 [INFO] Rule:233 - rule GTZC_S instance for signal is applicable
2025-11-21 16:52:54,468 [INFO] Rule:233 - rule GTZC_S instance for mcu.Pin is applicable
2025-11-21 16:52:54,468 [INFO] Rule:233 - rule GTZC_S instance for VP is applicable
2025-11-21 16:52:54,468 [INFO] Rule:233 - rule GTZC_S instance for signal is applicable
2025-11-21 16:52:54,468 [INFO] Rule:233 - rule GTZC_S instance for mcu is applicable
2025-11-21 16:52:54,468 [INFO] Rule:233 - rule GTZC_S instance for mcu.Pin is applicable
2025-11-21 16:52:54,468 [INFO] Rule:233 - rule GTZC_S instance value for IP GTZC is applicable
2025-11-21 16:52:54,468 [INFO] Rule:233 - rule GTZC_S instance for project manager is applicable
2025-11-21 16:52:54,468 [INFO] Rule:233 - rule GTZC_S instance for context M33S is applicable
2025-11-21 16:52:54,468 [INFO] Rule:233 - rule GTZC_S instance for VP is applicable
2025-11-21 16:52:54,468 [INFO] Rule:233 - rule GTZC_S instance for signal is applicable
2025-11-21 16:52:54,468 [INFO] Rule:233 - rule SPDIFRX instance for mcu is applicable
2025-11-21 16:52:54,468 [INFO] Rule:233 - rule Rename Tracer Mode is applicable
2025-11-21 16:52:54,468 [INFO] Rule:233 - rule SPDIFRX instance value for IP SPDIFRX is applicable
2025-11-21 16:52:54,468 [INFO] Rule:233 - rule SPDIFRX instance for signal is applicable
2025-11-21 16:52:54,468 [INFO] Rule:233 - rule SPDIFRX instance for project manager is applicable
2025-11-21 16:52:54,468 [INFO] Rule:233 - rule SPDIFRX instance for project manager is applicable
2025-11-21 16:52:54,468 [INFO] Rule:233 - rule ADC Scan  fix with FW F7 is applicable
2025-11-21 16:52:54,470 [INFO] Rule:233 - rule ADC Scan  fix with FW F7 is applicable
2025-11-21 16:52:54,470 [INFO] Rule:233 - rule WakeUp0 Mode is applicable
2025-11-21 16:52:54,470 [INFO] Rule:233 - rule WakeUp0 SIGNAL is applicable
2025-11-21 16:52:54,470 [INFO] Rule:233 - rule WakeUp1 Mode is applicable
2025-11-21 16:52:54,470 [INFO] Rule:233 - rule WakeUp1 SIGNAL is applicable
2025-11-21 16:52:54,470 [INFO] Rule:233 - rule WakeUp2 Mode is applicable
2025-11-21 16:52:54,470 [INFO] Rule:233 - rule WakeUp2 SIGNAL is applicable
2025-11-21 16:52:54,470 [INFO] Rule:233 - rule WakeUp4 Mode is applicable
2025-11-21 16:52:54,470 [INFO] Rule:233 - rule WakeUp4 SIGNAL is applicable
2025-11-21 16:52:54,470 [INFO] Rule:233 - rule WakeUp5 Mode is applicable
2025-11-21 16:52:54,470 [INFO] Rule:233 - rule WakeUp5 SIGNAL is applicable
2025-11-21 16:52:54,470 [INFO] Rule:233 - rule Add RTC Activate Clock Source is applicable
2025-11-21 16:52:54,470 [INFO] Rule:233 - rule Add RTC Activate Calendar 1 is applicable
2025-11-21 16:52:54,470 [INFO] Rule:233 - rule Add RTC Activate Calendar 2 is applicable
2025-11-21 16:52:54,470 [INFO] Rule:233 - rule Add RTC Activate Calendar 3 is applicable
2025-11-21 16:52:54,470 [INFO] Rule:233 - rule UART/USART TX Mode is applicable
2025-11-21 16:52:54,470 [INFO] Rule:233 - rule UART/USART RX Mode is applicable
2025-11-21 16:52:54,470 [INFO] Rule:233 - rule UART/USART RX TX Mode is applicable
2025-11-21 16:52:54,470 [INFO] Rule:233 - rule UART/USART PARITY NONE is applicable
2025-11-21 16:52:54,470 [INFO] Rule:233 - rule UART/USART PARITY EVEN is applicable
2025-11-21 16:52:54,470 [INFO] Rule:233 - rule UART/USART PARITY ODD is applicable
2025-11-21 16:52:54,470 [INFO] Rule:233 - rule USART StopBits 1 is applicable
2025-11-21 16:52:54,471 [INFO] Rule:233 - rule USART StopBits 2 is applicable
2025-11-21 16:52:54,471 [INFO] Rule:233 - rule USART StopBits 1.5 is applicable
2025-11-21 16:52:54,471 [INFO] Rule:233 - rule USART StopBits 0.5 is applicable
2025-11-21 16:52:54,471 [INFO] Rule:233 - rule UART/USART WORD LENGTH 7 is applicable
2025-11-21 16:52:54,471 [INFO] Rule:233 - rule UART/USART WORD LENGTH 8 is applicable
2025-11-21 16:52:54,471 [INFO] Rule:233 - rule UART/USART WORD LENGTH 9 is applicable
2025-11-21 16:52:54,471 [INFO] Rule:233 - rule Rename FMC NAND NCE signal is applicable
2025-11-21 16:52:54,471 [INFO] Rule:233 - rule Rename FMC NAND INT signal is applicable
2025-11-21 16:52:54,471 [INFO] Rule:233 - rule Change Default Value for LSE Drive Capability for WB family is applicable
2025-11-21 16:52:54,471 [INFO] Rule:233 - rule Change Default Value for ADC Clock Prescaler G0 family is applicable
2025-11-21 16:52:54,471 [INFO] Rule:233 - rule Change Default Value for ADC ExternalTrigConv L4 family is applicable
2025-11-21 16:52:54,471 [INFO] Rule:233 - rule Change Default Value for ADC ExternalTrigInjecConv L4 family is applicable
2025-11-21 16:52:54,471 [INFO] Rule:233 - rule Change Default Value for ADC ExternalTrigConv F3 family is applicable
2025-11-21 16:52:54,471 [INFO] Rule:233 - rule Change Default Value for ADC ExternalTrigInjecConv F3 family is applicable
2025-11-21 16:52:54,471 [INFO] Rule:233 - rule Change Default Value for ADC ExternalTrigConv Goldfish serie is applicable
2025-11-21 16:52:54,471 [INFO] Rule:233 - rule Change Default Value for ADC ExternalTrigInjecConv Goldfish serie is applicable
2025-11-21 16:52:54,471 [INFO] Rule:233 - rule Change Default Value for ADC ExternalTrigConv L0 family is applicable
2025-11-21 16:52:54,471 [INFO] Rule:233 - rule Change Default Value for ADC ExternalTrigConv F0 family is applicable
2025-11-21 16:52:54,471 [INFO] Rule:233 - rule Change Default Value for ADC ExternalTrigConvn L1 family is applicable
2025-11-21 16:52:54,471 [INFO] Rule:233 - rule Change Default Value for ADC ExternalTrigInjecConv L1 family is applicable
2025-11-21 16:52:54,471 [INFO] Rule:233 - rule Change Default Value for ADC ExternalTrigConv F1 family is applicable
2025-11-21 16:52:54,471 [INFO] Rule:233 - rule Change Default Value for ADC ExternalTrigInjecConv F1 family is applicable
2025-11-21 16:52:54,471 [INFO] Rule:233 - rule Change Default Value for ADC ExternalTrigConv F7 family is applicable
2025-11-21 16:52:54,472 [INFO] Rule:233 - rule Change Default Value for ADC ExternalTrigInjecConv F7 family is applicable
2025-11-21 16:52:54,472 [INFO] Rule:233 - rule Change Default Value for ADC ExternalTrigConv F4 and F2 family is applicable
2025-11-21 16:52:54,472 [INFO] Rule:233 - rule Change Default Value for ADC ExternalTrigInjecConv F4 and F2 family is applicable
2025-11-21 16:52:54,472 [INFO] Rule:233 - rule ADC SamplingTime fix with FW L0  is applicable
2025-11-21 16:52:54,472 [INFO] Rule:233 - rule ADC SamplingTime fix with FW L0  is applicable
2025-11-21 16:52:54,472 [INFO] Rule:233 - rule ADC SamplingTime fix with FW L0 is applicable
2025-11-21 16:52:54,472 [INFO] Rule:233 - rule ADC SamplingTime fix with FW L0 is applicable
2025-11-21 16:52:54,472 [INFO] Rule:233 - rule ADC SamplingTime fix with FW L0  is applicable
2025-11-21 16:52:54,472 [INFO] Rule:233 - rule ADC SamplingTime fix with FW L0 is applicable
2025-11-21 16:52:54,472 [INFO] Rule:233 - rule Rename USB_OE Signal is applicable
2025-11-21 16:52:54,472 [INFO] Rule:233 - rule Rename Activate_OE Mode is applicable
2025-11-21 16:52:54,472 [INFO] Rule:233 - rule Rename DIE462/DIE415 pin PC14/OSC32_IN -> PC14-OSC32_IN (PC14) is applicable
2025-11-21 16:52:54,472 [INFO] Rule:233 - rule Rename DIE462/DIE415 pin PC15/OSC32_OUT -> PC15-OSC32_OUT (PC15) is applicable
2025-11-21 16:52:54,472 [INFO] Rule:233 - rule Rename DIE462/DIE415 pin PH0/OSC_IN -> PH0-OSC_IN (PH0) is applicable
2025-11-21 16:52:54,472 [INFO] Rule:233 - rule Rename DIE462/DIE415 pin PH1/OSC_OUT -> PH1-OSC_OUT (PH1) is applicable
2025-11-21 16:52:54,472 [INFO] Rule:233 - rule Rename DIE462 pin PA13 -> PA13 (JTMS/SWDIO) is applicable
2025-11-21 16:52:54,473 [INFO] Rule:233 - rule Rename DIE415 pin PA13 -> PA13 (JTMS/SWDIO) is applicable
2025-11-21 16:52:54,473 [INFO] Rule:233 - rule Rename DIE462 pin PA14 -> PA14 (JTCK/SWCLK) is applicable
2025-11-21 16:52:54,473 [INFO] Rule:233 - rule Rename DIE415 pin PA14 -> PA14 (JTCK/SWCLK) is applicable
2025-11-21 16:52:54,473 [INFO] Rule:233 - rule Rename DIE462/DIE415 pin PA15 -> PA15 (JTDI) is applicable
2025-11-21 16:52:54,473 [INFO] Rule:233 - rule Rename DIE462 pin PB3 -> PB3 (JTD0/TRACESWO) is applicable
2025-11-21 16:52:54,473 [INFO] Rule:233 - rule Rename DIE415 pin PB3 -> PB3 (JTD0-TRACESWO) is applicable
2025-11-21 16:52:54,473 [INFO] Rule:233 - rule Rename DIE462/DIE415 pin PB4 -> PB4 (NJTRST) is applicable
2025-11-21 16:52:54,473 [INFO] Rule:233 - rule Rename DIE462 pin PH3/BOOT0 -> PH3-BOOT0 (BOOT0) is applicable
2025-11-21 16:52:54,473 [INFO] Rule:233 - rule Rename CRYP DataEncryptionTypesList to Algorithm is applicable
2025-11-21 16:52:54,473 [INFO] Rule:233 - rule Rename AES DataEncryptionTypesList to Algorithm is applicable
2025-11-21 16:52:54,473 [INFO] Rule:233 - rule Rename TDESECB to CRYP_TDES_ECB is applicable
2025-11-21 16:52:54,473 [INFO] Rule:233 - rule Rename TDESCBC to CRYP_TDES_CBC is applicable
2025-11-21 16:52:54,473 [INFO] Rule:233 - rule Rename DESECB to CRYP_DES_ECB is applicable
2025-11-21 16:52:54,473 [INFO] Rule:233 - rule Rename DESCBC to CRYP_DES_CBC is applicable
2025-11-21 16:52:54,473 [INFO] Rule:233 - rule Rename AESECB to CRYP_AES_ECB is applicable
2025-11-21 16:52:54,473 [INFO] Rule:233 - rule Rename AESCBC to CRYP_AES_CBC is applicable
2025-11-21 16:52:54,473 [INFO] Rule:233 - rule Rename AESCTR to CRYP_AES_CTR is applicable
2025-11-21 16:52:54,473 [INFO] Rule:233 - rule Rename AESGCM to CRYP_AES_GCM is applicable
2025-11-21 16:52:54,473 [INFO] Rule:233 - rule Rename AESCCM to CRYP_AES_CCM is applicable
2025-11-21 16:52:54,475 [INFO] Rule:233 - rule Rename CAN TimeSeg1 to BS1 is applicable
2025-11-21 16:52:54,475 [INFO] Rule:233 - rule Rename CAN TimeSeg2 to BS2 is applicable
2025-11-21 16:52:54,475 [INFO] Rule:233 - rule Rename CAN SyncJumpWidth to SJW is applicable
2025-11-21 16:52:54,475 [INFO] Rule:233 - rule TimeTriggeredMode to TTCM is applicable
2025-11-21 16:52:54,475 [INFO] Rule:233 - rule Rename CAN AutoBusOff to ABOM is applicable
2025-11-21 16:52:54,475 [INFO] Rule:233 - rule Rename CAN AutoWakeUp to AWUM is applicable
2025-11-21 16:52:54,475 [INFO] Rule:233 - rule Rename CAN AutoRetransmission to NART is applicable
2025-11-21 16:52:54,475 [INFO] Rule:233 - rule Rename CAN ReceiveFifoLocked to RFLM is applicable
2025-11-21 16:52:54,475 [INFO] Rule:233 - rule Rename CAN TransmitFifoPriority to TXFP is applicable
2025-11-21 16:52:54,475 [INFO] Rule:233 - rule Rename HRTIMER HRTIM_OUTPUTFAULTLEVEL_HIGH in HRTIMER HRTIM_OUTPUTFAULTLEVEL_HIGHZ is applicable
2025-11-21 16:52:54,475 [INFO] Rule:233 - rule Rename TIMER TIM_CLEARINPUTSOURCE_OCREFCLR in  TIMER TIM_CLEARINPUTSOURCE_NONE for F7 family is applicable
2025-11-21 16:52:54,475 [INFO] Rule:233 - rule FDCAN_R1 - Rename FDCAN mode Master into Classic is applicable
2025-11-21 16:52:54,475 [INFO] Rule:233 - rule FDCAN_R2 - Rename FDCAN mode Slave into Classic is applicable
2025-11-21 16:52:54,475 [INFO] Rule:233 - rule FDCAN1_R3 - if PA10.Mode=FullDuplex, add Pin PA12 is applicable
2025-11-21 16:52:54,476 [INFO] Rule:233 - rule FDCAN1_R3 - if PA9.Mode=FullDuplex, add Pin PA11 is applicable
2025-11-21 16:52:54,476 [INFO] Rule:233 - rule FDCAN1_R3 - Alternatepin_1 - if PE1.Mode=FullDuplex, add Pin PB9 is applicable
2025-11-21 16:52:54,476 [INFO] Rule:233 - rule FDCAN1_R3 - Alternatepin_1 - if PE0.Mode=FullDuplex, add Pin PB8 is applicable
2025-11-21 16:52:54,476 [INFO] Rule:233 - rule FDCAN1_R3 - Alternatepin_2 - if PD5.Mode=FullDuplex, add Pin PD1 is applicable
2025-11-21 16:52:54,476 [INFO] Rule:233 - rule FDCAN1_R3 - Alternatepin_2 - if PD4.Mode=FullDuplex, add Pin PD0 is applicable
2025-11-21 16:52:54,476 [INFO] Rule:233 - rule FDCAN1_R4 - Rename Mode FullDuplex into Enable FDCAN_TXFD for pin PA10 is applicable
2025-11-21 16:52:54,476 [INFO] Rule:233 - rule FDCAN1_R4 - Rename Mode FullDuplex into Enable FDCAN_TXFD for pin PA9 is applicable
2025-11-21 16:52:54,476 [INFO] Rule:233 - rule FDCAN1_R4 - Alternatepin_1 - Rename Mode FullDuplex into Enable FDCAN_TXFD for pin PE1 is applicable
2025-11-21 16:52:54,476 [INFO] Rule:233 - rule FDCAN1_R4 - Alternatepin_1 - Rename Mode FullDuplex into Enable FDCAN_TXFD for pin PE0 is applicable
2025-11-21 16:52:54,476 [INFO] Rule:233 - rule FDCAN1_R4 - Alternatepin_2 - Rename Mode FullDuplex into Enable FDCAN_TXFD for pin PD5 is applicable
2025-11-21 16:52:54,476 [INFO] Rule:233 - rule FDCAN1_R4 - Alternatepin_2 - Rename Mode FullDuplex into Enable FDCAN_TXFD for pin PD4 is applicable
2025-11-21 16:52:54,476 [INFO] Rule:233 - rule FDCAN2_R3 - if PD10.Mode=FullDuplex, add Pin PB13 is applicable
2025-11-21 16:52:54,476 [INFO] Rule:233 - rule FDCAN2_R3 - if PD9.Mode=FullDuplex, add Pin PB12 is applicable
2025-11-21 16:52:54,476 [INFO] Rule:233 - rule FDCAN2_R3 - Alternatepin_1 - if PB7.Mode=FullDuplex, add Pin PB6 is applicable
2025-11-21 16:52:54,476 [INFO] Rule:233 - rule FDCAN2_R3 - Alternatepin_1 - if PD9.Mode=FullDuplex, add Pin PB12 is applicable
2025-11-21 16:52:54,476 [INFO] Rule:233 - rule FDCAN2_R4 - Rename Mode FullDuplex into Enable FDCAN_TXFD for pin PD10 is applicable
2025-11-21 16:52:54,476 [INFO] Rule:233 - rule FDCAN2_R4 - Rename Mode FullDuplex into Enable FDCAN_TXFD for pin PD9 is applicable
2025-11-21 16:52:54,477 [INFO] Rule:233 - rule FDCAN2_R4 - Alternatepin_1 - Rename Mode FullDuplex into Enable FDCAN_TXFD for pin PB7 is applicable
2025-11-21 16:52:54,477 [INFO] Rule:233 - rule FDCAN2_R4 - Alternatepin_1 - Rename Mode FullDuplex into Enable FDCAN_TXFD for pin PD6 is applicable
2025-11-21 16:52:54,477 [INFO] Rule:233 - rule USART TxPinLevelInvertParam Mode is applicable
2025-11-21 16:52:54,477 [INFO] Rule:233 - rule USART RxPinLevelInvertParam Mode is applicable
2025-11-21 16:52:54,477 [INFO] Rule:233 - rule USART DataInvertParam Mode is applicable
2025-11-21 16:52:54,477 [INFO] Rule:233 - rule USART SwapParam Mode is applicable
2025-11-21 16:52:54,477 [INFO] Rule:233 - rule USART OverrunDisableParam Mode is applicable
2025-11-21 16:52:54,477 [INFO] Rule:233 - rule USART DMADisableonRxErrorParam Mode is applicable
2025-11-21 16:52:54,477 [INFO] Rule:233 - rule USART MSBFirstParam Mode is applicable
2025-11-21 16:52:54,477 [INFO] Rule:233 - rule Update MwName for USB_DEVICE is applicable
2025-11-21 16:52:54,477 [INFO] Rule:233 - rule Change PWR_Regulator_Voltage_Scale Default Value for RCC  H7 family is applicable
2025-11-21 16:52:54,477 [INFO] Rule:233 - rule UART/USART IPParameter rename Prescaler parameter to ClockPrescaler is applicable
2025-11-21 16:52:54,477 [INFO] Rule:233 - rule UART/USART Prescaler rename Prescaler parameter to ClockPrescaler is applicable
2025-11-21 16:52:54,477 [INFO] Rule:233 - rule TIM1CLockSelection is applicable
2025-11-21 16:52:54,477 [INFO] Rule:233 - rule TIM15CLockSelection is applicable
2025-11-21 16:52:54,477 [INFO] Rule:233 - rule align RCC SDMMC3CLockSelection default value on MP1 is applicable
2025-11-21 16:52:54,477 [INFO] Rule:233 - rule align RCC SDMMC12CLockSelection default value on MP1 is applicable
2025-11-21 16:52:54,477 [INFO] Rule:233 - rule align RCC QSPICLockSelection default value on MP1 is applicable
2025-11-21 16:52:54,478 [INFO] Rule:233 - rule align RCC QSPICLockSelection default value on MP1 is applicable
2025-11-21 16:52:54,478 [INFO] Rule:233 - rule align RCC SPI6CLockSelection default value on MP1 is applicable
2025-11-21 16:52:54,478 [INFO] Rule:233 - rule align RCC LPTIM23CLockSelection default value on MP1 is applicable
2025-11-21 16:52:54,478 [INFO] Rule:233 - rule align RCC LPTIM1CLockSelection default value on MP1 is applicable
2025-11-21 16:52:54,478 [INFO] Rule:233 - rule align RCC USART1CLockSelection default value on MP1 is applicable
2025-11-21 16:52:54,478 [INFO] Rule:233 - rule align RCC USART24CLockSelection default value on MP1 is applicable
2025-11-21 16:52:54,478 [INFO] Rule:233 - rule align RCC USART6CLockSelection default value on MP1 is applicable
2025-11-21 16:52:54,478 [INFO] Rule:233 - rule align RCC UART78CLockSelection default value on MP1 is applicable
2025-11-21 16:52:54,478 [INFO] Rule:233 - rule align RCC USART35CLockSelection default value on MP1 is applicable
2025-11-21 16:52:54,478 [INFO] Rule:233 - rule align RCC SPI45CLockSelection default value on MP1 is applicable
2025-11-21 16:52:54,478 [INFO] Rule:233 - rule align RCC I2C46CLockSelection BCLK value on MP1 is applicable
2025-11-21 16:52:54,478 [INFO] Rule:233 - rule align RCC SPI45CLockSelection default value on MP1 is applicable
2025-11-21 16:52:54,478 [INFO] Rule:233 - rule align RCC I2C12CLockSelection default value on MP1 is applicable
2025-11-21 16:52:54,478 [INFO] Rule:233 - rule align RCC I2C35CLockSelection default value on MP1 is applicable
2025-11-21 16:52:54,478 [INFO] Rule:233 - rule align RCC LPTIM45CLockSelection default value on MP1 is applicable
2025-11-21 16:52:54,478 [INFO] Rule:233 - rule Rename DCMI PIXCK signal is applicable
2025-11-21 16:52:54,478 [INFO] Rule:233 - rule Change Default Value for I2C46CLockSelection MP1 family is applicable
2025-11-21 16:52:54,479 [INFO] Rule:233 - rule Change Default Value for UART for G4, G0 and WB families is applicable
2025-11-21 16:52:54,479 [INFO] Rule:233 - rule Change Default Value for USART for G4, G0 and WB families is applicable
2025-11-21 16:52:54,479 [INFO] Rule:233 - rule Change Default Value for USART for G4 family is applicable
2025-11-21 16:52:54,479 [INFO] Rule:233 - rule Change USART1CLockSelection refparam name for MP1 is applicable
2025-11-21 16:52:54,479 [INFO] Rule:233 - rule Change USART2CLockSelection refparam name for MP1 is applicable
2025-11-21 16:52:54,479 [INFO] Rule:233 - rule Change USART3CLockSelection refparam name for MP1 is applicable
2025-11-21 16:52:54,479 [INFO] Rule:233 - rule Change UART4CLockSelection refparam name for MP1 is applicable
2025-11-21 16:52:54,479 [INFO] Rule:233 - rule Change UART5CLockSelection refparam name for MP1 is applicable
2025-11-21 16:52:54,479 [INFO] Rule:233 - rule Change LPUART1CLockSelection refparam name for MP1 is applicable
2025-11-21 16:52:54,479 [INFO] Rule:233 - rule Change LPTIM1CLockSelection refparam name for MP1 is applicable
2025-11-21 16:52:54,479 [INFO] Rule:233 - rule Change LPTIM2CLockSelection refparam name for MP1 is applicable
2025-11-21 16:52:54,479 [INFO] Rule:233 - rule Change RCC_MCO1Source refparam name for MP1 is applicable
2025-11-21 16:52:54,479 [INFO] Rule:233 - rule Change LSCOSource1 refparam name for MP1 is applicable
2025-11-21 16:52:54,479 [INFO] Rule:233 - rule Change SMPSCLockSelection refparam name for MP1 is applicable
2025-11-21 16:52:54,479 [INFO] Rule:233 - rule Change LPTIM3CLockSelection refparam name for MP1 is applicable
2025-11-21 16:52:54,479 [INFO] Rule:233 - rule Change MPCBB* Default Template Mode to Parameters is applicable
2025-11-21 16:52:54,479 [INFO] Rule:233 - rule Change MPCWM* or MPCBB* Secure Mode to Parameters is applicable
2025-11-21 16:52:54,480 [INFO] Rule:233 - rule Change MPCWM* or MPCBB* No Secure Mode to Parameters is applicable
2025-11-21 16:52:54,480 [INFO] Rule:233 - rule Change TZSC IP Secure Mode to Parameters is applicable
2025-11-21 16:52:54,480 [INFO] Rule:233 - rule Change TZSC IP No Secure Mode to Parameters is applicable
2025-11-21 16:52:54,480 [INFO] Rule:233 - rule Change TZSC IP Privilege Mode to Parameters is applicable
2025-11-21 16:52:54,480 [INFO] Rule:233 - rule Change TZSC IP No Privilege Mode to Parameters is applicable
2025-11-21 16:52:54,480 [INFO] Rule:233 - rule Change TZIC IT Secure Mode to Parameters is applicable
2025-11-21 16:52:54,480 [INFO] Rule:233 - rule Change TZIC IT No Secure Mode to Parameters is applicable
2025-11-21 16:52:54,480 [INFO] Rule:233 - rule Add MPCBB1_NonSecureArea_Start_Address value with referenced to MPCBB1_NonSecureArea_Start value is applicable
2025-11-21 16:52:54,480 [INFO] Rule:233 - rule Add MPCBB2_NonSecureArea_Start_Address value with referenced to MPCBB2_NonSecureArea_Start value is applicable
2025-11-21 16:52:54,480 [INFO] Rule:233 - rule Add MPCWM1_NonSecureArea*_Start_Address value with referenced to MPCWM1_NonSecureArea*_Start value is applicable
2025-11-21 16:52:54,480 [INFO] Rule:233 - rule Add MPCWM2_NonSecureArea*_Start_Address value with referenced to MPCWM2_NonSecureArea*_Start value is applicable
2025-11-21 16:52:54,480 [INFO] Rule:233 - rule Add MPCWM3_NonSecureArea_Start_Address value with referenced to MPCWM3_NonSecureArea_Start value is applicable
2025-11-21 16:52:54,480 [INFO] Rule:233 - rule Change Default Value for PLL1UserDefinedConfig is applicable
2025-11-21 16:52:54,480 [INFO] Rule:233 - rule Change GPIO_PuPd Default Value for USART in async mode is applicable
2025-11-21 16:52:54,480 [INFO] Rule:233 - rule Change SMPSDivider Default Value is applicable
2025-11-21 16:52:54,480 [INFO] Rule:233 - rule OPAMP is applicable
2025-11-21 16:52:54,481 [INFO] Rule:233 - rule LPUART IPParameter rename Prescaler parameter to ClockPrescaler for STM32H7 is applicable
2025-11-21 16:52:54,481 [INFO] Rule:233 - rule LPUART IPParameter rename Prescaler parameter to ClockPrescaler for STM32H7 is applicable
2025-11-21 16:52:54,481 [INFO] Rule:233 - rule LPUART IPParameter rename Prescaler parameter to ClockPrescaler for STM32WB is applicable
2025-11-21 16:52:54,481 [INFO] Rule:233 - rule LPUART IPParameter rename Prescaler parameter to ClockPrescaler for STM32WB is applicable
2025-11-21 16:52:54,481 [INFO] Rule:233 - rule LPUART IPParameter rename Prescaler parameter to ClockPrescaler for STM32G4 is applicable
2025-11-21 16:52:54,481 [INFO] Rule:233 - rule LPUART IPParameter rename Prescaler parameter to ClockPrescaler for STM32G4 is applicable
2025-11-21 16:52:54,481 [INFO] Rule:233 - rule LPUART IPParameter rename Prescaler parameter to ClockPrescaler for STM32L5 is applicable
2025-11-21 16:52:54,481 [INFO] Rule:233 - rule LPUART IPParameter rename Prescaler parameter to ClockPrescaler for STM32L5 is applicable
2025-11-21 16:52:54,481 [INFO] Rule:233 - rule LPUART IPParameter rename Prescaler parameter to ClockPrescaler for STM32G4 is applicable
2025-11-21 16:52:54,481 [INFO] Rule:233 - rule LPUART IPParameter rename Prescaler parameter to ClockPrescaler for STM32G4 is applicable
2025-11-21 16:52:54,481 [INFO] Rule:233 - rule USB device lib V2.5.3 for L0 rename USBD_SUPPORT_USER_STRING parameter to USBD_SUPPORT_USER_STRING_DESC4 is applicable
2025-11-21 16:52:54,481 [INFO] Rule:233 - rule I2SCLockSelection clock entry align is applicable
2025-11-21 16:52:54,481 [INFO] Rule:233 - rule Assign TIMx context if used as SYS timebase is applicable
2025-11-21 16:52:54,481 [INFO] Rule:233 - rule Change GPIO_Pu Default Value for I2C is applicable
2025-11-21 16:52:54,481 [INFO] Rule:233 - rule Change GPIO_Pu Default Value for SMBus is applicable
2025-11-21 16:52:54,481 [INFO] Rule:233 - rule change FDCAN default value is applicable
2025-11-21 16:52:54,481 [INFO] Rule:233 - rule Change mode sai is applicable
2025-11-21 16:52:54,481 [INFO] Rule:233 - rule **Change sai mode is applicable
2025-11-21 16:52:54,482 [INFO] Rule:233 - rule Rename STM32WPAN CFG_BLE_IRK to CFG_BLE_IR is applicable
2025-11-21 16:52:54,482 [INFO] Rule:233 - rule Rename STM32WPAN CFG_BLE_ERK to CFG_BLE_ER is applicable
2025-11-21 16:52:54,482 [INFO] Rule:233 - rule Rename STM32WPAN CFG_BLE_IRK_HEX to CFG_BLE_IR_HEX is applicable
2025-11-21 16:52:54,482 [INFO] Rule:233 - rule Rename STM32WPAN CFG_BLE_ERK_HEX to CFG_BLE_ER_HEX is applicable
2025-11-21 16:52:54,482 [INFO] Rule:233 - rule Adapt Old IOC before rework replace old CORTEX_M33/CORTEX_M55 attributes by the new one. is applicable
2025-11-21 16:52:54,482 [INFO] Rule:233 - rule Rename parametre of RCC RCC_APBDBG_DIV2 to RCC_TIMPRES_DIV2 is applicable
2025-11-21 16:52:54,482 [INFO] Rule:233 - rule Rename DIE493 pin PA10 [PA12] -> PA10 is applicable
2025-11-21 16:52:54,482 [INFO] Rule:233 - rule Rename DIE493 pin PA9 [PA11] -> PA9 is applicable
2025-11-21 16:52:54,482 [INFO] Rule:233 - rule Rename DIE492 PartNumber CPN STM32WBA5MJGHx -> STM32WBA5MMGHx is applicable
2025-11-21 16:52:54,482 [INFO] Rule:233 - rule Rename DIE492 PartNumber  Name STM32WBA5MJGHx -> STM32WBA5MMGHx is applicable
2025-11-21 16:52:54,482 [INFO] Rule:233 - rule Rename DIE492 PartNumber UserName STM32WBA5MJGHx -> STM32WBA5MMGHx is applicable
2025-11-21 16:52:54,482 [INFO] Rule:233 - rule Rename DIE492 PartNumber DeviceId STM32WBA5MJGHx -> STM32WBA5MMGHx is applicable
2025-11-21 16:52:54,482 [INFO] Rule:233 - rule Adapt Old IOC CSI. is applicable
2025-11-21 16:52:54,482 [INFO] Rule:233 - rule Adapt Old IOC DCMIPP. is applicable
2025-11-21 16:52:54,482 [INFO] Rule:233 - rule Adapt Old IOC DCMIPP Mode Parallel. is applicable
2025-11-21 16:52:54,482 [INFO] Rule:233 - rule Adapt Old IOC LTDC. is applicable
2025-11-21 16:52:54,482 [INFO] Rule:233 - rule Rename STM32MP2 RIF Peripheral LTDC RIF.RISUP.LTDC_L0L1.Privilege -> RIF.RISUP.LTDC_L1L2.Privilege is applicable
2025-11-21 16:52:54,482 [INFO] Rule:233 - rule Rename STM32MP2 RIF Peripheral LTDC RIF.RISUP.LTDC_L0L1.Privilege -> RIF.RISUP.LTDC_L1L2.Privilege is applicable
2025-11-21 16:52:54,482 [INFO] Rule:233 - rule Rename STM32MP2 RIF Peripheral LTDC RIF.RISUP.LTDC_L0L1.Lock -> RIF.RISUP.LTDC_L1L2.Lock is applicable
2025-11-21 16:52:54,484 [INFO] Rule:233 - rule Rename STM32MP2 RIF Peripheral LTDC RIF.RISUP.LTDC_L2.Lock -> RIF.RISUP.LTDC_L3.Lock is applicable
2025-11-21 16:52:54,484 [INFO] Rule:233 - rule Adapt the old IOC example for updating the SYS when it is misconfigured. is applicable
2025-11-21 16:52:54,484 [INFO] Rule:233 - rule Rename STM32C09 Mcu.Package LQFP64 -> LQFP48 is applicable
2025-11-21 16:52:54,484 [INFO] Rule:233 - rule Adapt the old IOC example for updating the SYS when it is misconfigured. is applicable
2025-11-21 16:52:54,484 [INFO] Rule:233 - rule Adapt the old IOC example for updating the SYS when it is misconfigured. is applicable
2025-11-21 16:52:54,546 [INFO] DbConfProperties:307 - Apply Compatibility (54/282 Rules)
2025-11-21 16:52:54,570 [INFO] ImportTextPane:234 - (OptionalMessage_ERROR) Unable to find key (Mcu.ThirdPartyNb) in loaded IOC file
2025-11-21 16:52:54,573 [INFO] ImportTextPane:234 - (OptionalMessage_ERROR) Pin35 (VP_RIF_VS_RIF1) cannot be retrieved for this MCU
2025-11-21 16:52:54,723 [INFO] RtosManager:558 - Registered RTOS mode: class=CMSIS, group=RTOS, mode=CMSIS_V1, owner=FREERTOS
2025-11-21 16:52:54,724 [INFO] RtosManager:558 - Registered RTOS mode: class=CMSIS, group=RTOS2, mode=CMSIS_V2, owner=FREERTOS
2025-11-21 16:52:54,724 [INFO] RtosManager:558 - Registered RTOS mode: class=RTOS, group=Core, mode=CMSIS_V1, owner=FREERTOS
2025-11-21 16:52:54,724 [INFO] RtosManager:558 - Registered RTOS mode: class=RTOS, group=Core, mode=CMSIS_V2, owner=FREERTOS
2025-11-21 16:52:54,724 [WARN] ModelIntegratedComponent:184 - Missing modes for component STMicroelectronics:FreeRTOS:0.0.1:STMicroelectronics:RTOS:FreeRTOS:Core:::10.2.0:
2025-11-21 16:52:54,779 [WARN] ModelIntegratedComponent:63 - No mode defined for component null
2025-11-21 16:52:54,779 [WARN] ModelIntegratedComponent:63 - No mode defined for component null
2025-11-21 16:52:54,779 [WARN] ModelIntegratedComponent:63 - No mode defined for component null
2025-11-21 16:52:54,779 [WARN] ModelIntegratedComponent:63 - No mode defined for component null
2025-11-21 16:52:54,779 [WARN] ModelIntegratedComponent:63 - No mode defined for component null
2025-11-21 16:52:54,779 [WARN] ModelIntegratedComponent:63 - No mode defined for component null
2025-11-21 16:52:54,780 [WARN] ModelIntegratedComponent:63 - No mode defined for component null
2025-11-21 16:52:54,780 [WARN] ModelIntegratedComponent:63 - No mode defined for component null
2025-11-21 16:52:54,780 [WARN] ModelIntegratedComponent:63 - No mode defined for component null
2025-11-21 16:52:54,780 [WARN] ModelIntegratedComponent:63 - No mode defined for component null
2025-11-21 16:52:54,780 [WARN] ModelIntegratedComponent:63 - No mode defined for component null
2025-11-21 16:52:54,780 [WARN] ModelIntegratedComponent:63 - No mode defined for component null
2025-11-21 16:52:54,780 [WARN] ModelIntegratedComponent:63 - No mode defined for component null
2025-11-21 16:52:54,780 [WARN] ModelIntegratedComponent:63 - No mode defined for component null
2025-11-21 16:52:54,780 [WARN] ModelIntegratedComponent:63 - No mode defined for component null
2025-11-21 16:52:54,780 [WARN] ModelIntegratedComponent:63 - No mode defined for component null
2025-11-21 16:52:54,780 [WARN] ModelIntegratedComponent:63 - No mode defined for component null
2025-11-21 16:52:54,780 [WARN] ModelIntegratedComponent:63 - No mode defined for component null
2025-11-21 16:52:54,780 [WARN] ModelIntegratedComponent:63 - No mode defined for component null
2025-11-21 16:52:54,780 [WARN] ModelIntegratedComponent:63 - No mode defined for component null
2025-11-21 16:52:54,780 [WARN] ModelIntegratedComponent:63 - No mode defined for component null
2025-11-21 16:52:54,780 [WARN] ModelIntegratedComponent:63 - No mode defined for component null
2025-11-21 16:52:54,780 [WARN] ModelIntegratedComponent:63 - No mode defined for component null
2025-11-21 16:52:54,781 [WARN] ModelIntegratedComponent:63 - No mode defined for component null
2025-11-21 16:52:54,781 [WARN] ModelIntegratedComponent:63 - No mode defined for component null
2025-11-21 16:52:54,781 [WARN] ModelIntegratedComponent:63 - No mode defined for component null
2025-11-21 16:52:54,781 [WARN] ModelIntegratedComponent:63 - No mode defined for component null
2025-11-21 16:52:54,781 [WARN] ModelIntegratedComponent:63 - No mode defined for component null
2025-11-21 16:52:54,781 [WARN] ModelIntegratedComponent:63 - No mode defined for component null
2025-11-21 16:52:54,781 [WARN] ModelIntegratedComponent:63 - No mode defined for component null
2025-11-21 16:52:54,781 [WARN] ModelIntegratedComponent:63 - No mode defined for component null
2025-11-21 16:52:54,781 [WARN] ModelIntegratedComponent:63 - No mode defined for component null
2025-11-21 16:52:54,781 [WARN] ModelIntegratedComponent:63 - No mode defined for component null
2025-11-21 16:52:54,781 [WARN] ModelIntegratedComponent:63 - No mode defined for component null
2025-11-21 16:52:54,781 [WARN] ModelIntegratedComponent:63 - No mode defined for component null
2025-11-21 16:52:54,781 [WARN] ModelPack:524 - Component already loaded: STMicroelectronics:HAL Drivers:0.0.0:STMicroelectronics:Device:STMicro_Driver:XSPI:HAL::0.0.1:HAL_XSPI
2025-11-21 16:52:55,020 [INFO] ThirdPartyModel:298 - Start build external matchings
2025-11-21 16:52:56,243 [INFO] ThirdPartyModel:316 - End build external matchings
2025-11-21 16:52:56,291 [INFO] ImportTextPane:234 - (OptionalMessage_ERROR) IP (RCC) : Parameter (RTCHSEDivFreq_Value) has invalid value (4000000)
2025-11-21 16:52:56,914 [INFO] UtilMem:75 - End LoadConfig() Used Memory: 994937864 Bytes (1073741824)
2025-11-21 16:52:57,432 [WARN] ThirdParty:833 - waiting for thirdparty lock release [change project]
2025-11-21 16:52:57,432 [INFO] ThirdParty:835 - entering critical section [change project]
2025-11-21 16:52:57,432 [INFO] ThirdParty:1030 - CMSIS Pack Vendor :STMicroelectronics X-CUBE-PM33A1 1.0.0
2025-11-21 16:52:57,432 [INFO] ThirdParty:1030 - CMSIS Pack Vendor :STMicroelectronics USBPD 4.1
2025-11-21 16:52:57,432 [INFO] ThirdParty:1030 - CMSIS Pack Vendor :STMicroelectronics X-CUBE-NFC9 1.0.0
2025-11-21 16:52:57,432 [INFO] ThirdParty:1030 - CMSIS Pack Vendor :STMicroelectronics USB_HOST 2.0.0
2025-11-21 16:52:57,432 [INFO] ThirdParty:1030 - CMSIS Pack Vendor :STMicroelectronics FP-SNS-MOTENVWB1 1.4.0
2025-11-21 16:52:57,432 [INFO] ThirdParty:1030 - CMSIS Pack Vendor :STMicroelectronics X-CUBE-AZRTOS-F4 1.1.0
2025-11-21 16:52:57,432 [INFO] ThirdParty:1030 - CMSIS Pack Vendor :STMicroelectronics LIBJPEG 8.0.0
2025-11-21 16:52:57,433 [INFO] ThirdParty:1030 - CMSIS Pack Vendor :STMicroelectronics FP-ATR-ASTRA1 2.0.2
2025-11-21 16:52:57,433 [INFO] ThirdParty:1030 - CMSIS Pack Vendor :wolfSSL I-CUBE-wolfSSL 5.8.2
2025-11-21 16:52:57,433 [INFO] ThirdParty:1030 - CMSIS Pack Vendor :STMicroelectronics X-CUBE-BLE1 7.1.0
2025-11-21 16:52:57,433 [INFO] ThirdParty:1030 - CMSIS Pack Vendor :STMicroelectronics X-CUBE-SMBUS 2.1.0
2025-11-21 16:52:57,433 [INFO] ThirdParty:1030 - CMSIS Pack Vendor :wolfSSL I-CUBE-wolfMQTT 1.19.2
2025-11-21 16:52:57,433 [INFO] ThirdParty:1030 - CMSIS Pack Vendor :STMicroelectronics USB_DEVICE 3.0.0
2025-11-21 16:52:57,433 [INFO] ThirdParty:1030 - CMSIS Pack Vendor :STMicroelectronics X-CUBE-ISPU 2.1.0
2025-11-21 16:52:57,433 [INFO] ThirdParty:1030 - CMSIS Pack Vendor :STMicroelectronics X-CUBE-EEPRMA1 5.2.0
2025-11-21 16:52:57,433 [INFO] ThirdParty:1030 - CMSIS Pack Vendor :STMicroelectronics X-CUBE-IPS 3.2.0
2025-11-21 16:52:57,433 [INFO] ThirdParty:1030 - CMSIS Pack Vendor :STMicroelectronics X-CUBE-BLEMGR 4.1.0
2025-11-21 16:52:57,433 [INFO] ThirdParty:1030 - CMSIS Pack Vendor :STMicroelectronics X-CUBE-AZRTOS-WB 2.0.0
2025-11-21 16:52:57,433 [INFO] ThirdParty:1030 - CMSIS Pack Vendor :STMicroelectronics X-CUBE-NFC12 1.0.0
2025-11-21 16:52:57,433 [INFO] ThirdParty:1030 - CMSIS Pack Vendor :STMicroelectronics X-CUBE-AZRTOS-F7 1.1.0
2025-11-21 16:52:57,433 [INFO] ThirdParty:1030 - CMSIS Pack Vendor :STMicroelectronics X-CUBE-AZRTOS-L5 2.0.0
2025-11-21 16:52:57,433 [INFO] ThirdParty:1030 - CMSIS Pack Vendor :STMicroelectronics USB_DEVICE 2.0.0
2025-11-21 16:52:57,433 [INFO] ThirdParty:1030 - CMSIS Pack Vendor :STMicroelectronics X-CUBE-NFC6 3.1.0
2025-11-21 16:52:57,433 [INFO] ThirdParty:1030 - CMSIS Pack Vendor :STMicroelectronics X-CUBE-ST67W61 1.1.0
2025-11-21 16:52:57,433 [INFO] ThirdParty:1030 - CMSIS Pack Vendor :Cesanta I-CUBE-Mongoose 7.19.0
2025-11-21 16:52:57,433 [INFO] ThirdParty:1030 - CMSIS Pack Vendor :quantropi X-CUBE-qispace-sdk-base 2.1.0
2025-11-21 16:52:57,433 [INFO] ThirdParty:1030 - CMSIS Pack Vendor :STMicroelectronics FP-SNS-MOTENV1 5.1.0
2025-11-21 16:52:57,433 [INFO] ThirdParty:1030 - CMSIS Pack Vendor :STMicroelectronics FreeRTOS 0.0.1
2025-11-21 16:52:57,434 [INFO] ThirdParty:1030 - CMSIS Pack Vendor :STMicroelectronics X-CUBE-AZRTOS-G0 1.1.0
2025-11-21 16:52:57,434 [INFO] ThirdParty:1030 - CMSIS Pack Vendor :STMicroelectronics X-CUBE-NFC4 3.0.0
2025-11-21 16:52:57,434 [INFO] ThirdParty:1030 - CMSIS Pack Vendor :STMicroelectronics X-CUBE-SUBG2 5.0.0
2025-11-21 16:52:57,434 [INFO] ThirdParty:1030 - CMSIS Pack Vendor :STMicroelectronics X-CUBE-AZRTOS-H7RS 1.1.0
2025-11-21 16:52:57,434 [INFO] ThirdParty:1030 - CMSIS Pack Vendor :STMicroelectronics STM32_WPAN 1.0.0
2025-11-21 16:52:57,434 [INFO] ThirdParty:1030 - CMSIS Pack Vendor :EmbeddedOffice I-CUBE-FS-RTOS 1.0.1
2025-11-21 16:52:57,434 [INFO] ThirdParty:1030 - CMSIS Pack Vendor :STMicroelectronics lwIP 2.0.3
2025-11-21 16:52:57,434 [INFO] ThirdParty:1030 - CMSIS Pack Vendor :WES I-CUBE-Cesium 1.4.0
2025-11-21 16:52:57,434 [INFO] ThirdParty:1030 - CMSIS Pack Vendor :STMicroelectronics USB_HOST 1.0.0
2025-11-21 16:52:57,434 [INFO] ThirdParty:1030 - CMSIS Pack Vendor :Infineon AIROC-Wi-Fi-Bluetooth-STM32 1.7.1
2025-11-21 16:52:57,434 [INFO] ThirdParty:1030 - CMSIS Pack Vendor :STMicroelectronics X-CUBE-AZRTOS-G4 2.0.0
2025-11-21 16:52:57,434 [INFO] ThirdParty:1030 - CMSIS Pack Vendor :STMicroelectronics X-CUBE-WB05N 2.0.0
2025-11-21 16:52:57,434 [INFO] ThirdParty:1030 - CMSIS Pack Vendor :STMicroelectronics PDM2PCM 3.1.0
2025-11-21 16:52:57,434 [INFO] ThirdParty:1030 - CMSIS Pack Vendor :STMicroelectronics PDM2PCM 3.3.0
2025-11-21 16:52:57,434 [INFO] ThirdParty:1030 - CMSIS Pack Vendor :wolfSSL I-CUBE-wolfTPM 3.8.0
2025-11-21 16:52:57,435 [INFO] ThirdParty:1030 - CMSIS Pack Vendor :STMicroelectronics X-CUBE-AZRTOS-H7 3.4.0
2025-11-21 16:52:57,435 [INFO] ThirdParty:1030 - CMSIS Pack Vendor :STMicroelectronics X-CUBE-DISPLAY 3.0.0
2025-11-21 16:52:57,435 [INFO] ThirdParty:1030 - CMSIS Pack Vendor :wolfSSL I-CUBE-wolfSSH 1.4.20
2025-11-21 16:52:57,435 [INFO] ThirdParty:1030 - CMSIS Pack Vendor :STMicroelectronics X-CUBE-NFC7 2.0.0
2025-11-21 16:52:57,435 [INFO] ThirdParty:1030 - CMSIS Pack Vendor :STMicroelectronics X-CUBE-TCPP 4.2.0
2025-11-21 16:52:57,435 [INFO] ThirdParty:1030 - CMSIS Pack Vendor :RealThread X-CUBE-RT-Thread_Nano 4.1.1
2025-11-21 16:52:57,435 [INFO] ThirdParty:1030 - CMSIS Pack Vendor :STMicroelectronics FP-ATR-SIGFOX1 3.2.0
2025-11-21 16:52:57,435 [INFO] ThirdParty:1030 - CMSIS Pack Vendor :STMicroelectronics X-CUBE-NFC10 1.0.0
2025-11-21 16:52:57,435 [INFO] ThirdParty:1030 - CMSIS Pack Vendor :STMicroelectronics X-CUBE-FREERTOS 1.3.1
2025-11-21 16:52:57,435 [INFO] ThirdParty:1030 - CMSIS Pack Vendor :STMicroelectronics HAL Drivers 0.0.0
2025-11-21 16:52:57,435 [INFO] ThirdParty:1030 - CMSIS Pack Vendor :STMicroelectronics MBEDTLS 2.16.2
2025-11-21 16:52:57,435 [INFO] ThirdParty:1030 - CMSIS Pack Vendor :STMicroelectronics X-CUBE-ST60 1.1.0
2025-11-21 16:52:57,435 [INFO] ThirdParty:1030 - CMSIS Pack Vendor :STMicroelectronics X-CUBE-ALS 1.0.2
2025-11-21 16:52:57,435 [INFO] ThirdParty:1030 - CMSIS Pack Vendor :emotas I-CUBE-CANOPEN 1.3.0
2025-11-21 16:52:57,435 [INFO] ThirdParty:1030 - CMSIS Pack Vendor :STMicroelectronics MBEDTLS 2.14.1
2025-11-21 16:52:57,435 [INFO] ThirdParty:1030 - CMSIS Pack Vendor :STMicroelectronics X-CUBE-GNSS1 7.1.0
2025-11-21 16:52:57,435 [INFO] ThirdParty:1030 - CMSIS Pack Vendor :ITTIA_DB I-CUBE-ITTIADB 8.9.0
2025-11-21 16:52:57,435 [INFO] ThirdParty:1030 - CMSIS Pack Vendor :STMicroelectronics X-CUBE-TOUCHGFX 4.26.0
2025-11-21 16:52:57,435 [INFO] ThirdParty:1030 - CMSIS Pack Vendor :STMicroelectronics X-CUBE-STSE01 1.0.0
2025-11-21 16:52:57,436 [INFO] ThirdParty:1030 - CMSIS Pack Vendor :STMicroelectronics FP-SNS-STBOX1 2.1.0
2025-11-21 16:52:57,436 [INFO] ThirdParty:1030 - CMSIS Pack Vendor :STMicroelectronics X-CUBE-AI 10.2.0
2025-11-21 16:52:57,436 [INFO] ThirdParty:1030 - CMSIS Pack Vendor :STMicroelectronics FP-SNS-STAIOTCFT 1.0.0
2025-11-21 16:52:57,436 [INFO] ThirdParty:1030 - CMSIS Pack Vendor :STMicroelectronics ThreadX 1.0.0
2025-11-21 16:52:57,436 [INFO] ThirdParty:1030 - CMSIS Pack Vendor :STMicroelectronics FP-SNS-SMARTAG2 1.2.0
2025-11-21 16:52:57,436 [INFO] ThirdParty:1030 - CMSIS Pack Vendor :STMicroelectronics FP-SNS-FLIGHT1 5.1.0
2025-11-21 16:52:57,436 [INFO] ThirdParty:1030 - CMSIS Pack Vendor :STMicroelectronics X-CUBE-AZRTOS-WL 2.0.0
2025-11-21 16:52:57,436 [INFO] ThirdParty:1030 - CMSIS Pack Vendor :SEGGER I-CUBE-embOS 1.3.1
2025-11-21 16:52:57,436 [INFO] ThirdParty:1030 - CMSIS Pack Vendor :STMicroelectronics X-CUBE-ALGOBUILD 1.4.0
2025-11-21 16:52:57,436 [INFO] ThirdParty:1030 - CMSIS Pack Vendor :STMicroelectronics X-CUBE-DPower 1.3.0
2025-11-21 16:52:57,436 [INFO] ThirdParty:1030 - CMSIS Pack Vendor :STMicroelectronics X-CUBE-MEMS1 11.3.0
2025-11-21 16:52:57,436 [INFO] ThirdParty:1030 - CMSIS Pack Vendor :STMicroelectronics USB_DEVICE 1.0.0
2025-11-21 16:52:57,436 [INFO] ThirdParty:1030 - CMSIS Pack Vendor :STMicroelectronics X-CUBE-AZRTOS-L4 2.0.0
2025-11-21 16:52:57,436 [INFO] ThirdParty:1030 - CMSIS Pack Vendor :STMicroelectronics ThreadX 0.0.2
2025-11-21 16:52:57,436 [INFO] ThirdParty:1030 - CMSIS Pack Vendor :STMicroelectronics lwIP 2.1.2
2025-11-21 16:52:57,436 [INFO] ThirdParty:1030 - CMSIS Pack Vendor :STMicroelectronics X-CUBE-SFXS2LP1 4.0.0
2025-11-21 16:52:57,437 [INFO] ThirdParty:1030 - CMSIS Pack Vendor :STMicroelectronics X-CUBE-BLE2 3.3.0
2025-11-21 16:52:57,437 [INFO] ThirdParty:1030 - CMSIS Pack Vendor :Avnet-IOTCONNECT X-CUBE-iotc-st67-sdk 1.0.0
2025-11-21 16:52:57,437 [INFO] ThirdParty:1030 - CMSIS Pack Vendor :STMicroelectronics X-CUBE-TOF1 3.4.3
2025-11-21 16:52:57,437 [INFO] ThirdParty:1030 - CMSIS Pack Vendor :STMicroelectronics PDM2PCM 3.2.0
2025-11-21 16:52:57,437 [INFO] ThirdParty:841 - exiting critical section [change project]
2025-11-21 16:52:58,631 [INFO] PinOutPanel:1589 - setPackage(No Configuration,No Configuration)
2025-11-21 16:52:58,635 [INFO] PinOutPanel:1589 - setPackage(STM32F407VGTx,LQFP100)
2025-11-21 16:52:59,603 [INFO] UtilMem:75 - Before build in PCC Used Memory: 1006684112 Bytes (1073741824)
2025-11-21 16:53:00,693 [INFO] UtilMem:75 - After build in PCC Used Memory: 1005002304 Bytes (1073741824)
2025-11-21 16:53:00,727 [INFO] ApiDbMcu:532 - Load IP Config File for USB_HOST
2025-11-21 16:53:00,727 [WARN] BspModel:444 - BSP dependency skipped because of component: name='IOExpander', api='Unknown'
2025-11-21 16:53:00,786 [INFO] IPUIPlugin:80 - create IPUIPlugin
2025-11-21 16:53:00,786 [INFO] IPUIPlugin:80 - create IPUIPlugin
2025-11-21 16:53:00,786 [INFO] IPUIPlugin:80 - create IPUIPlugin
2025-11-21 16:53:00,786 [INFO] IPUIPlugin:80 - create IPUIPlugin
2025-11-21 16:53:00,786 [INFO] IPUIPlugin:80 - create IPUIPlugin
2025-11-21 16:53:00,786 [INFO] IPUIPlugin:80 - create IPUIPlugin
2025-11-21 16:53:00,787 [INFO] IPUIPlugin:80 - create IPUIPlugin
2025-11-21 16:53:00,787 [INFO] IPUIPlugin:80 - create IPUIPlugin
2025-11-21 16:53:00,787 [INFO] IPUIPlugin:80 - create IPUIPlugin
2025-11-21 16:53:00,787 [INFO] IPUIPlugin:80 - create IPUIPlugin
2025-11-21 16:53:00,787 [INFO] IPUIPlugin:80 - create IPUIPlugin
2025-11-21 16:53:00,787 [INFO] IPUIPlugin:80 - create IPUIPlugin
2025-11-21 16:53:00,787 [INFO] IPUIPlugin:80 - create IPUIPlugin
2025-11-21 16:53:00,787 [INFO] IPUIPlugin:80 - create IPUIPlugin
2025-11-21 16:53:00,787 [INFO] IPUIPlugin:80 - create IPUIPlugin
2025-11-21 16:53:00,788 [INFO] IPUIPlugin:80 - create IPUIPlugin
2025-11-21 16:53:00,788 [INFO] IPUIPlugin:80 - create IPUIPlugin
2025-11-21 16:53:00,788 [INFO] IPUIPlugin:80 - create IPUIPlugin
2025-11-21 16:53:00,788 [INFO] IPUIPlugin:80 - create IPUIPlugin
2025-11-21 16:53:00,788 [INFO] IPUIPlugin:80 - create IPUIPlugin
2025-11-21 16:53:00,788 [INFO] IPUIPlugin:80 - create IPUIPlugin
2025-11-21 16:53:00,788 [INFO] IPUIPlugin:80 - create IPUIPlugin
2025-11-21 16:53:00,788 [INFO] IPUIPlugin:80 - create IPUIPlugin
2025-11-21 16:53:00,788 [INFO] IPUIPlugin:80 - create IPUIPlugin
2025-11-21 16:53:00,789 [INFO] IPUIPlugin:80 - create IPUIPlugin
2025-11-21 16:53:00,789 [INFO] IPUIPlugin:80 - create IPUIPlugin
2025-11-21 16:53:00,789 [INFO] IPUIPlugin:80 - create IPUIPlugin
2025-11-21 16:53:00,789 [INFO] IPUIPlugin:80 - create IPUIPlugin
2025-11-21 16:53:00,789 [INFO] IPUIPlugin:80 - create IPUIPlugin
2025-11-21 16:53:00,789 [INFO] IPUIPlugin:80 - create IPUIPlugin
2025-11-21 16:53:00,789 [INFO] IPUIPlugin:80 - create IPUIPlugin
2025-11-21 16:53:00,790 [INFO] IPUIPlugin:80 - create IPUIPlugin
2025-11-21 16:53:00,790 [INFO] IPUIPlugin:80 - create IPUIPlugin
2025-11-21 16:53:00,790 [INFO] IPUIPlugin:80 - create IPUIPlugin
2025-11-21 16:53:00,790 [INFO] IPUIPlugin:80 - create IPUIPlugin
2025-11-21 16:53:00,790 [INFO] IPUIPlugin:80 - create IPUIPlugin
2025-11-21 16:53:00,790 [INFO] IPUIPlugin:80 - create IPUIPlugin
2025-11-21 16:53:00,790 [INFO] IPUIPlugin:80 - create IPUIPlugin
2025-11-21 16:53:00,790 [INFO] IPUIPlugin:80 - create IPUIPlugin
2025-11-21 16:53:00,791 [INFO] IPUIPlugin:80 - create IPUIPlugin
2025-11-21 16:53:00,791 [INFO] IPUIPlugin:80 - create IPUIPlugin
2025-11-21 16:53:00,791 [INFO] IPUIPlugin:80 - create IPUIPlugin
2025-11-21 16:53:00,791 [INFO] IPUIPlugin:80 - create IPUIPlugin
2025-11-21 16:53:00,791 [INFO] IPUIPlugin:80 - create IPUIPlugin
2025-11-21 16:53:00,792 [INFO] IPUIPlugin:80 - create IPUIPlugin
2025-11-21 16:53:00,792 [INFO] IPUIPlugin:80 - create IPUIPlugin
2025-11-21 16:53:00,792 [INFO] IPUIPlugin:80 - create IPUIPlugin
2025-11-21 16:53:00,792 [INFO] IPUIPlugin:80 - create IPUIPlugin
2025-11-21 16:53:00,793 [INFO] IPUIPlugin:80 - create IPUIPlugin
2025-11-21 16:53:00,793 [INFO] IPUIPlugin:80 - create IPUIPlugin
2025-11-21 16:53:00,793 [INFO] IPUIPlugin:80 - create IPUIPlugin
2025-11-21 16:53:00,793 [INFO] IPUIPlugin:80 - create IPUIPlugin
2025-11-21 16:53:00,793 [INFO] IPUIPlugin:80 - create IPUIPlugin
2025-11-21 16:53:00,793 [INFO] IPUIPlugin:80 - create IPUIPlugin
2025-11-21 16:53:00,795 [INFO] IPUIPlugin:80 - create IPUIPlugin
2025-11-21 16:53:00,795 [INFO] IPUIPlugin:80 - create IPUIPlugin
2025-11-21 16:53:00,795 [INFO] IPUIPlugin:80 - create IPUIPlugin
2025-11-21 16:53:00,795 [INFO] IPUIPlugin:80 - create IPUIPlugin
2025-11-21 16:53:00,802 [INFO] ApiDbMcu:532 - Load IP Config File for PDM2PCM
2025-11-21 16:53:00,803 [WARN] IP:2250 - I2C_Coeff_DF not found: check if there is a RefParameter without a condition.
2025-11-21 16:53:00,803 [WARN] IP:2250 - Analog_Filter not found: check if there is a RefParameter without a condition.
2025-11-21 16:53:00,807 [INFO] I2sManager:658 - 9.6E7
2025-11-21 16:53:00,807 [INFO] I2sManager:195 - I2S Clock Value : 9.6E7
2025-11-21 16:53:00,808 [INFO] I2sManager:553 - AudioClock : 93750Divider : 2Odd : 0
2025-11-21 16:53:00,955 [INFO] CADModel:165 - CPN selected for project levelSTM32F407VGT6
2025-11-21 16:53:00,956 [INFO] CADModel:114 - Register for checkConnection events
2025-11-21 16:53:01,018 [INFO] OpenFileManager:386 - Restore cursor
2025-11-21 16:53:01,521 [WARN] IP:2250 - I2C_Coeff_DF not found: check if there is a RefParameter without a condition.
2025-11-21 16:53:01,521 [WARN] IP:2250 - Analog_Filter not found: check if there is a RefParameter without a condition.
2025-11-21 16:53:01,521 [WARN] IP:2250 - I2C_Coeff_DF not found: check if there is a RefParameter without a condition.
2025-11-21 16:53:01,521 [WARN] IP:2250 - Analog_Filter not found: check if there is a RefParameter without a condition.
2025-11-21 16:53:02,036 [INFO] UtilMem:75 - End SaveConfig() Used Memory: 996608512 Bytes (1073741824)
2025-11-21 16:53:02,258 [INFO] UtilMem:75 - End SaveConfig() Used Memory: 1018550696 Bytes (1073741824)
2025-11-21 16:53:03,048 [INFO] BlockDiagram:2775 - set Specific Code input for plugin: SPI
2025-11-21 16:53:03,048 [INFO] BlockDiagram:2775 - set Specific Code input for plugin: I2S
2025-11-21 16:53:03,048 [INFO] BlockDiagram:2775 - set Specific Code input for plugin: SYS
2025-11-21 16:53:03,048 [INFO] BlockDiagram:2775 - set Specific Code input for plugin: RCC
2025-11-21 16:53:03,048 [INFO] BlockDiagram:2775 - set Specific Code input for plugin: I2C
2025-11-21 16:53:03,048 [INFO] BlockDiagram:2775 - set Specific Code input for plugin: USB_OTG_FS
2025-11-21 16:53:03,048 [INFO] BlockDiagram:2775 - set Specific Code input for plugin: NVIC
2025-11-21 16:53:03,048 [INFO] BlockDiagram:2775 - set Specific Code input for plugin: USB_HOST
2025-11-21 16:53:03,048 [INFO] BlockDiagram:2775 - set Specific Code input for plugin: GPIO
2025-11-21 16:53:03,052 [INFO] CodeGenerator:892 - code generatio: config db path: C:\ST\STM32CubeIDE_1.19.0\STM32CubeIDE\plugins\com.st.stm32cube.common.mx_6.15.0.202507011659\\db\
2025-11-21 16:53:03,058 [WARN] IP:2250 - I2C_Coeff_DF not found: check if there is a RefParameter without a condition.
2025-11-21 16:53:03,058 [WARN] IP:2250 - Analog_Filter not found: check if there is a RefParameter without a condition.
2025-11-21 16:53:03,401 [INFO] CodeEngine:265 - oldGeneratedFile, D:\BITSILICA_WORKSHEETS\STM32L476RG\STM32F407G\test_uart\MXTmpFiles\license.tmp_save
2025-11-21 16:53:04,037 [INFO] CodeEngine:289 - Generated code: D:\BITSILICA_WORKSHEETS\STM32L476RG\STM32F407G\test_uart\MXTmpFiles\license.tmp
2025-11-21 16:53:04,173 [INFO] CodeEngine:265 - oldGeneratedFile, D:\BITSILICA_WORKSHEETS\STM32L476RG\STM32F407G\test_uart\MXTmpFiles\gpio.tmp_save
2025-11-21 16:53:04,461 [INFO] CodeEngine:289 - Generated code: D:\BITSILICA_WORKSHEETS\STM32L476RG\STM32F407G\test_uart\MXTmpFiles\gpio.tmp
2025-11-21 16:53:04,779 [WARN] IPConfigManager:3238 - Warning: the RefConfig PWREx_EnableUSBVoltageDetector is not available in your config.xml file
2025-11-21 16:53:04,810 [INFO] CodeEngine:265 - oldGeneratedFile, D:\BITSILICA_WORKSHEETS\STM32L476RG\STM32F407G\test_uart\MXTmpFiles\usb_otg_fs_vars.tmp_save
2025-11-21 16:53:05,075 [INFO] CodeEngine:289 - Generated code: D:\BITSILICA_WORKSHEETS\STM32L476RG\STM32F407G\test_uart\MXTmpFiles\usb_otg_fs_vars.tmp
2025-11-21 16:53:05,104 [INFO] CodeEngine:265 - oldGeneratedFile, D:\BITSILICA_WORKSHEETS\STM32L476RG\STM32F407G\test_uart\MXTmpFiles\usb_otg_fs_inc.tmp_save
2025-11-21 16:53:05,373 [INFO] CodeEngine:289 - Generated code: D:\BITSILICA_WORKSHEETS\STM32L476RG\STM32F407G\test_uart\MXTmpFiles\usb_otg_fs_inc.tmp
2025-11-21 16:53:05,469 [INFO] CodeEngine:265 - oldGeneratedFile, D:\BITSILICA_WORKSHEETS\STM32L476RG\STM32F407G\test_uart\MXTmpFiles\usb_otg_fs_HalInit.tmp_save
2025-11-21 16:53:05,754 [INFO] CodeEngine:289 - Generated code: D:\BITSILICA_WORKSHEETS\STM32L476RG\STM32F407G\test_uart\MXTmpFiles\usb_otg_fs_HalInit.tmp
2025-11-21 16:53:05,859 [INFO] CodeEngine:265 - oldGeneratedFile, D:\BITSILICA_WORKSHEETS\STM32L476RG\STM32F407G\test_uart\MXTmpFiles\usb_otg_fs_Msp.tmp_save
2025-11-21 16:53:06,105 [INFO] CodeEngine:289 - Generated code: D:\BITSILICA_WORKSHEETS\STM32L476RG\STM32F407G\test_uart\MXTmpFiles\usb_otg_fs_Msp.tmp
2025-11-21 16:53:06,773 [INFO] CodeEngine:265 - oldGeneratedFile, D:\BITSILICA_WORKSHEETS\STM32L476RG\STM32F407G\test_uart\USB_HOST\App\usb_host.c_save
2025-11-21 16:53:06,986 [INFO] CodeEngine:289 - Generated code: D:\BITSILICA_WORKSHEETS\STM32L476RG\STM32F407G\test_uart\USB_HOST\App\usb_host.c
2025-11-21 16:53:07,005 [INFO] CodeEngine:265 - oldGeneratedFile, D:\BITSILICA_WORKSHEETS\STM32L476RG\STM32F407G\test_uart\USB_HOST\App\usb_host.h_save
2025-11-21 16:53:07,143 [INFO] CodeEngine:289 - Generated code: D:\BITSILICA_WORKSHEETS\STM32L476RG\STM32F407G\test_uart\USB_HOST\App\usb_host.h
2025-11-21 16:53:07,165 [INFO] CodeEngine:265 - oldGeneratedFile, D:\BITSILICA_WORKSHEETS\STM32L476RG\STM32F407G\test_uart\USB_HOST\Target\usbh_conf.h_save
2025-11-21 16:53:07,304 [INFO] CodeEngine:289 - Generated code: D:\BITSILICA_WORKSHEETS\STM32L476RG\STM32F407G\test_uart\USB_HOST\Target\usbh_conf.h
2025-11-21 16:53:07,328 [INFO] CodeEngine:265 - oldGeneratedFile, D:\BITSILICA_WORKSHEETS\STM32L476RG\STM32F407G\test_uart\USB_HOST\Target\usbh_conf.c_save
2025-11-21 16:53:07,420 [INFO] CodeEngine:289 - Generated code: D:\BITSILICA_WORKSHEETS\STM32L476RG\STM32F407G\test_uart\USB_HOST\Target\usbh_conf.c
2025-11-21 16:53:07,436 [INFO] CodeEngine:265 - oldGeneratedFile, D:\BITSILICA_WORKSHEETS\STM32L476RG\STM32F407G\test_uart\USB_HOST\Target\usbh_platform.c_save
2025-11-21 16:53:07,524 [INFO] CodeEngine:289 - Generated code: D:\BITSILICA_WORKSHEETS\STM32L476RG\STM32F407G\test_uart\USB_HOST\Target\usbh_platform.c
2025-11-21 16:53:07,541 [INFO] CodeEngine:265 - oldGeneratedFile, D:\BITSILICA_WORKSHEETS\STM32L476RG\STM32F407G\test_uart\USB_HOST\Target\usbh_platform.h_save
2025-11-21 16:53:07,656 [INFO] CodeEngine:289 - Generated code: D:\BITSILICA_WORKSHEETS\STM32L476RG\STM32F407G\test_uart\USB_HOST\Target\usbh_platform.h
2025-11-21 16:53:07,708 [INFO] CodeEngine:265 - oldGeneratedFile, D:\BITSILICA_WORKSHEETS\STM32L476RG\STM32F407G\test_uart\Core\Src\stm32f4xx_it.c_save
2025-11-21 16:53:08,053 [INFO] CodeEngine:289 - Generated code: D:\BITSILICA_WORKSHEETS\STM32L476RG\STM32F407G\test_uart\Core\Src\stm32f4xx_it.c
2025-11-21 16:53:08,118 [INFO] CodeEngine:265 - oldGeneratedFile, D:\BITSILICA_WORKSHEETS\STM32L476RG\STM32F407G\test_uart\Core\Inc\stm32f4xx_it.h_save
2025-11-21 16:53:08,195 [INFO] CodeEngine:289 - Generated code: D:\BITSILICA_WORKSHEETS\STM32L476RG\STM32F407G\test_uart\Core\Inc\stm32f4xx_it.h
2025-11-21 16:53:08,229 [INFO] CodeEngine:265 - oldGeneratedFile, D:\BITSILICA_WORKSHEETS\STM32L476RG\STM32F407G\test_uart\Core\Src\stm32f4xx_hal_msp.c_save
2025-11-21 16:53:08,360 [INFO] CodeEngine:289 - Generated code: D:\BITSILICA_WORKSHEETS\STM32L476RG\STM32F407G\test_uart\Core\Src\stm32f4xx_hal_msp.c
2025-11-21 16:53:08,377 [INFO] CodeEngine:265 - oldGeneratedFile, D:\BITSILICA_WORKSHEETS\STM32L476RG\STM32F407G\test_uart\MXTmpFiles\system.tmp_save
2025-11-21 16:53:08,477 [INFO] CodeEngine:289 - Generated code: D:\BITSILICA_WORKSHEETS\STM32L476RG\STM32F407G\test_uart\MXTmpFiles\system.tmp
2025-11-21 16:53:08,510 [INFO] CodeEngine:321 - oldGeneratedFile, D:\BITSILICA_WORKSHEETS\STM32L476RG\STM32F407G\test_uart\Core\Inc\stm32f4xx_hal_conf.h_save
2025-11-21 16:53:08,645 [INFO] CodeEngine:345 - Generated code: D:\BITSILICA_WORKSHEETS\STM32L476RG\STM32F407G\test_uart\Core\Inc\stm32f4xx_hal_conf.h
2025-11-21 16:53:08,705 [INFO] ApiDbMcu:532 - Load IP Config File for I2C1
2025-11-21 16:53:08,710 [INFO] ApiDbMcu:532 - Load IP Config File for I2S3
2025-11-21 16:53:08,714 [INFO] ApiDbMcu:532 - Load IP Config File for SPI1
2025-11-21 16:53:08,720 [INFO] ApiDbMcu:532 - Load IP Config File for RCC
2025-11-21 16:53:08,773 [INFO] CodeEngine:265 - oldGeneratedFile, D:\BITSILICA_WORKSHEETS\STM32L476RG\STM32F407G\test_uart\Core\Inc\main.h_save
2025-11-21 16:53:08,924 [INFO] CodeEngine:289 - Generated code: D:\BITSILICA_WORKSHEETS\STM32L476RG\STM32F407G\test_uart\Core\Inc\main.h
2025-11-21 16:53:08,941 [INFO] CodeEngine:265 - oldGeneratedFile, D:\BITSILICA_WORKSHEETS\STM32L476RG\STM32F407G\test_uart\Core\Src\main.c_save
2025-11-21 16:53:09,111 [INFO] CodeEngine:289 - Generated code: D:\BITSILICA_WORKSHEETS\STM32L476RG\STM32F407G\test_uart\Core\Src\main.c
2025-11-21 16:53:10,270 [INFO] ProjectBuilder:3606 - Time for Copy HAL[1] : 808mS.
2025-11-21 16:53:10,376 [INFO] ProjectBuilder:5216 - Project Generator version: 4.7.0-B52
2025-11-21 16:53:10,454 [INFO] ConfigFileManager:1595 - The Die is : DIE413
2025-11-21 16:53:10,458 [INFO] ApiDbMcu:532 - Load IP Config File for FATFS
2025-11-21 16:53:10,464 [INFO] ApiDbMcu:532 - Load IP Config File for FREERTOS
2025-11-21 16:53:10,469 [INFO] ApiDbMcu:532 - Load IP Config File for LIBJPEG
2025-11-21 16:53:10,474 [INFO] ApiDbMcu:532 - Load IP Config File for LWIP
2025-11-21 16:53:10,481 [INFO] ApiDbMcu:532 - Load IP Config File for MBEDTLS
2025-11-21 16:53:10,490 [INFO] ApiDbMcu:532 - Load IP Config File for USB_DEVICE
2025-11-21 16:53:21,905 [INFO] ProjectBuilder:5496 - Time for Generating toolchain IDE Files: 11530mS.
2025-11-21 16:53:21,908 [INFO] ProjectBuilder:3463 - Time for Copy CMSIS : 1mS.
2025-11-21 16:53:21,927 [INFO] ProjectBuilder:3463 - Time for Copy CMSIS : 0mS.
2025-11-21 16:53:23,430 [INFO] McuFinderGlobals:76 - Set McuFinderConnectedMode to true
2025-11-21 16:53:23,439 [INFO] ApiDb:448 - Save user favorites file C:\Users\augus/.stm32cubeide/favorites.mcus.txt: 0 item(s)
2025-11-21 16:53:23,440 [INFO] ApiDb:452 - User favorites MCUs=[]
2025-11-21 16:53:23,450 [INFO] ApiDb:448 - Save user favorites file C:\Users\augus/.stm32cubeide/favorites.boards.txt: 1 item(s)
2025-11-21 16:53:23,450 [INFO] ApiDb:452 - User favorites Boards=[NUCLEO-L476RG]
2025-11-21 16:53:53,346 [INFO] UtilMem:75 - End SaveConfig() Used Memory: 979061104 Bytes (1073741824)
2025-11-21 16:53:55,429 [INFO] UtilMem:75 - End SaveConfig() Used Memory: 807327584 Bytes (1073741824)
2025-11-21 16:54:01,483 [INFO] UtilMem:75 - End SaveConfig() Used Memory: 937875296 Bytes (1073741824)
2025-11-21 16:54:01,849 [INFO] BlockDiagram:2775 - set Specific Code input for plugin: SPI
2025-11-21 16:54:01,849 [INFO] BlockDiagram:2775 - set Specific Code input for plugin: I2S
2025-11-21 16:54:01,849 [INFO] BlockDiagram:2775 - set Specific Code input for plugin: SYS
2025-11-21 16:54:01,849 [INFO] BlockDiagram:2775 - set Specific Code input for plugin: RCC
2025-11-21 16:54:01,849 [INFO] BlockDiagram:2775 - set Specific Code input for plugin: I2C
2025-11-21 16:54:01,849 [INFO] BlockDiagram:2775 - set Specific Code input for plugin: NVIC
2025-11-21 16:54:01,849 [INFO] BlockDiagram:2775 - set Specific Code input for plugin: USART
2025-11-21 16:54:01,850 [INFO] BlockDiagram:2775 - set Specific Code input for plugin: GPIO
2025-11-21 16:54:01,854 [INFO] CodeGenerator:892 - code generatio: config db path: C:\ST\STM32CubeIDE_1.19.0\STM32CubeIDE\plugins\com.st.stm32cube.common.mx_6.15.0.202507011659\\db\
2025-11-21 16:54:01,857 [WARN] IP:2250 - I2C_Coeff_DF not found: check if there is a RefParameter without a condition.
2025-11-21 16:54:01,857 [WARN] IP:2250 - Analog_Filter not found: check if there is a RefParameter without a condition.
2025-11-21 16:54:02,062 [INFO] CodeEngine:265 - oldGeneratedFile, D:\BITSILICA_WORKSHEETS\STM32L476RG\STM32F407G\test_uart\MXTmpFiles\license.tmp_save
2025-11-21 16:54:02,316 [INFO] CodeEngine:289 - Generated code: D:\BITSILICA_WORKSHEETS\STM32L476RG\STM32F407G\test_uart\MXTmpFiles\license.tmp
2025-11-21 16:54:02,430 [INFO] CodeEngine:265 - oldGeneratedFile, D:\BITSILICA_WORKSHEETS\STM32L476RG\STM32F407G\test_uart\MXTmpFiles\gpio.tmp_save
2025-11-21 16:54:02,546 [INFO] CodeEngine:289 - Generated code: D:\BITSILICA_WORKSHEETS\STM32L476RG\STM32F407G\test_uart\MXTmpFiles\gpio.tmp
2025-11-21 16:54:02,898 [INFO] CodeEngine:265 - oldGeneratedFile, D:\BITSILICA_WORKSHEETS\STM32L476RG\STM32F407G\test_uart\Core\Src\stm32f4xx_it.c_save
2025-11-21 16:54:03,038 [INFO] CodeEngine:289 - Generated code: D:\BITSILICA_WORKSHEETS\STM32L476RG\STM32F407G\test_uart\Core\Src\stm32f4xx_it.c
2025-11-21 16:54:03,059 [INFO] CodeEngine:265 - oldGeneratedFile, D:\BITSILICA_WORKSHEETS\STM32L476RG\STM32F407G\test_uart\Core\Inc\stm32f4xx_it.h_save
2025-11-21 16:54:03,182 [INFO] CodeEngine:289 - Generated code: D:\BITSILICA_WORKSHEETS\STM32L476RG\STM32F407G\test_uart\Core\Inc\stm32f4xx_it.h
2025-11-21 16:54:03,222 [INFO] CodeEngine:265 - oldGeneratedFile, D:\BITSILICA_WORKSHEETS\STM32L476RG\STM32F407G\test_uart\Core\Src\stm32f4xx_hal_msp.c_save
2025-11-21 16:54:03,384 [INFO] CodeEngine:289 - Generated code: D:\BITSILICA_WORKSHEETS\STM32L476RG\STM32F407G\test_uart\Core\Src\stm32f4xx_hal_msp.c
2025-11-21 16:54:03,403 [INFO] CodeEngine:265 - oldGeneratedFile, D:\BITSILICA_WORKSHEETS\STM32L476RG\STM32F407G\test_uart\MXTmpFiles\system.tmp_save
2025-11-21 16:54:03,503 [INFO] CodeEngine:289 - Generated code: D:\BITSILICA_WORKSHEETS\STM32L476RG\STM32F407G\test_uart\MXTmpFiles\system.tmp
2025-11-21 16:54:03,550 [INFO] CodeEngine:321 - oldGeneratedFile, D:\BITSILICA_WORKSHEETS\STM32L476RG\STM32F407G\test_uart\Core\Inc\stm32f4xx_hal_conf.h_save
2025-11-21 16:54:03,819 [INFO] CodeEngine:345 - Generated code: D:\BITSILICA_WORKSHEETS\STM32L476RG\STM32F407G\test_uart\Core\Inc\stm32f4xx_hal_conf.h
2025-11-21 16:54:03,880 [INFO] ApiDbMcu:532 - Load IP Config File for USART2
2025-11-21 16:54:03,910 [INFO] CodeEngine:265 - oldGeneratedFile, D:\BITSILICA_WORKSHEETS\STM32L476RG\STM32F407G\test_uart\Core\Inc\main.h_save
2025-11-21 16:54:04,174 [INFO] CodeEngine:289 - Generated code: D:\BITSILICA_WORKSHEETS\STM32L476RG\STM32F407G\test_uart\Core\Inc\main.h
2025-11-21 16:54:04,213 [INFO] CodeEngine:265 - oldGeneratedFile, D:\BITSILICA_WORKSHEETS\STM32L476RG\STM32F407G\test_uart\Core\Src\main.c_save
2025-11-21 16:54:04,499 [INFO] CodeEngine:289 - Generated code: D:\BITSILICA_WORKSHEETS\STM32L476RG\STM32F407G\test_uart\Core\Src\main.c
2025-11-21 16:54:06,232 [INFO] ProjectBuilder:3606 - Time for Copy HAL[1] : 1088mS.
2025-11-21 16:54:06,251 [INFO] ProjectBuilder:5216 - Project Generator version: 4.7.0-B52
2025-11-21 16:54:06,448 [INFO] ConfigFileManager:1595 - The Die is : DIE413
2025-11-21 16:54:09,734 [INFO] ProjectBuilder:5496 - Time for Generating toolchain IDE Files: 3482mS.
2025-11-21 16:54:09,738 [INFO] ProjectBuilder:3463 - Time for Copy CMSIS : 2mS.
2025-11-21 16:54:09,751 [INFO] ProjectBuilder:3463 - Time for Copy CMSIS : 0mS.
2025-11-21 17:08:29,750 [INFO] WebApp:194 - Connection lost
2025-11-21 17:08:46,826 [INFO] WebApp:191 - Connection restablished
2025-11-21 18:08:41,240 [INFO] WebApp:194 - Connection lost
2025-11-21 18:08:50,750 [INFO] WebApp:191 - Connection restablished
