2025-11-27 18:43:44,658 [INFO] Activator:176 - 


2025-11-27 18:43:44,817 [INFO] Activator:177 - !SESSION log4j initialized
2025-11-27 18:43:49,188 [INFO] LogOutputStream:77 - [STDOUT_REDIRECT] 
2025-11-27 18:43:52,702 [INFO] ApplicationProperties:184 - Using Application install path: C:\ST\STM32CubeIDE_1.19.0\STM32CubeIDE\plugins\com.st.stm32cube.common.mx_6.15.0.202507011659
2025-11-27 18:43:52,724 [INFO] DbMcusXml:78 - Set database path to: C:\ST\STM32CubeIDE_1.19.0\STM32CubeIDE\plugins\com.st.stm32cube.common.mx_6.15.0.202507011659\\db\/mcu/
2025-11-27 18:43:52,725 [INFO] ApiDb:274 - Set plugin database path to: C:\ST\STM32CubeIDE_1.19.0\STM32CubeIDE\plugins\com.st.stm32cube.common.mx_6.15.0.202507011659\\db\/plugins/boardmanager/
2025-11-27 18:43:52,726 [WARN] ApiDb:259 - Overriding images path with different value:  => C:\ST\STM32CubeIDE_1.19.0\STM32CubeIDE\plugins\com.st.stm32cube.common.mx_6.15.0.202507011659\\db\/plugins/mcufinder/images/
2025-11-27 18:43:52,744 [INFO] ApiDb:250 - Set database path to: C:\Users\augus\.stmcufinder\plugins\mcufinder//mcu/
2025-11-27 18:43:52,745 [INFO] DbMcusAds:125 - Set database path to: C:\Users\augus\.stmcufinder\plugins\mcufinder//mcu/
2025-11-27 18:43:52,750 [INFO] CrossReferenceDbSqlite:203 - Set database path to: C:\Users\augus\.stmcufinder\plugins\mcufinder//mcu/cs/
2025-11-27 18:43:52,935 [INFO] RulesReader:64 - Compatibility file has been processed (317 Rules)
2025-11-27 18:43:53,065 [INFO] DbMcusXml:78 - Set database path to: C:\ST\STM32CubeIDE_1.19.0\STM32CubeIDE\plugins\com.st.stm32cube.common.mx_6.15.0.202507011659\\db\/mcu/
2025-11-27 18:43:53,065 [INFO] ApiDb:274 - Set plugin database path to: C:\ST\STM32CubeIDE_1.19.0\STM32CubeIDE\plugins\com.st.stm32cube.common.mx_6.15.0.202507011659\\db\/plugins/boardmanager/
2025-11-27 18:43:53,065 [INFO] ApiDb:261 - Set plugin images path to: C:\ST\STM32CubeIDE_1.19.0\STM32CubeIDE\plugins\com.st.stm32cube.common.mx_6.15.0.202507011659\\db\/plugins/mcufinder/images/
2025-11-27 18:43:53,066 [WARN] DbFile:41 - Overriding database path with different value: C:\Users\augus\.stmcufinder\plugins\mcufinder/ => C:\Users\augus\.stmcufinder\plugins\mcufinder
2025-11-27 18:43:53,066 [INFO] ApiDb:250 - Set database path to: C:\Users\augus\.stmcufinder\plugins\mcufinder//mcu/
2025-11-27 18:43:53,066 [WARN] DbFile:41 - Overriding database path with different value: C:\Users\augus\.stmcufinder\plugins\mcufinder/ => C:\Users\augus\.stmcufinder\plugins\mcufinder
2025-11-27 18:43:53,066 [INFO] DbMcusAds:125 - Set database path to: C:\Users\augus\.stmcufinder\plugins\mcufinder//mcu/
2025-11-27 18:43:53,066 [WARN] DbFile:41 - Overriding database path with different value: C:\Users\augus\.stmcufinder\plugins\mcufinder/ => C:\Users\augus\.stmcufinder\plugins\mcufinder
2025-11-27 18:43:53,066 [WARN] DbFile:41 - Overriding database path with different value: C:\Users\augus\.stmcufinder\plugins\mcufinder/ => C:\Users\augus\.stmcufinder\plugins\mcufinder
2025-11-27 18:43:53,066 [INFO] CrossReferenceDbSqlite:203 - Set database path to: C:\Users\augus\.stmcufinder\plugins\mcufinder//mcu/cs/
2025-11-27 18:43:53,194 [INFO] MainPanel:274 - HeapMemory: 268435456
2025-11-27 18:43:53,395 [INFO] DbMcusXml:78 - Set database path to: C:\ST\STM32CubeIDE_1.19.0\STM32CubeIDE\plugins\com.st.stm32cube.common.mx_6.15.0.202507011659\\db\/mcu/
2025-11-27 18:43:53,396 [INFO] ApiDb:274 - Set plugin database path to: C:\ST\STM32CubeIDE_1.19.0\STM32CubeIDE\plugins\com.st.stm32cube.common.mx_6.15.0.202507011659\\db\/plugins/boardmanager/
2025-11-27 18:43:53,396 [INFO] ApiDb:261 - Set plugin images path to: C:\ST\STM32CubeIDE_1.19.0\STM32CubeIDE\plugins\com.st.stm32cube.common.mx_6.15.0.202507011659\\db\/plugins/mcufinder/images/
2025-11-27 18:43:53,396 [WARN] DbFile:41 - Overriding database path with different value: C:\Users\augus\.stmcufinder\plugins\mcufinder/ => C:\Users\augus\.stmcufinder\plugins\mcufinder
2025-11-27 18:43:53,396 [INFO] ApiDb:250 - Set database path to: C:\Users\augus\.stmcufinder\plugins\mcufinder//mcu/
2025-11-27 18:43:53,396 [WARN] DbFile:41 - Overriding database path with different value: C:\Users\augus\.stmcufinder\plugins\mcufinder/ => C:\Users\augus\.stmcufinder\plugins\mcufinder
2025-11-27 18:43:53,397 [INFO] DbMcusAds:125 - Set database path to: C:\Users\augus\.stmcufinder\plugins\mcufinder//mcu/
2025-11-27 18:43:53,397 [WARN] DbFile:41 - Overriding database path with different value: C:\Users\augus\.stmcufinder\plugins\mcufinder/ => C:\Users\augus\.stmcufinder\plugins\mcufinder
2025-11-27 18:43:53,397 [WARN] DbFile:41 - Overriding database path with different value: C:\Users\augus\.stmcufinder\plugins\mcufinder/ => C:\Users\augus\.stmcufinder\plugins\mcufinder
2025-11-27 18:43:53,397 [INFO] CrossReferenceDbSqlite:203 - Set database path to: C:\Users\augus\.stmcufinder\plugins\mcufinder//mcu/cs/
2025-11-27 18:43:53,419 [INFO] ApplicationProperties:184 - Using Application install path: C:\ST\STM32CubeIDE_1.19.0\STM32CubeIDE\plugins\com.st.stm32cube.common.mx_6.15.0.202507011659
2025-11-27 18:43:53,422 [INFO] PluginManage:196 - Search for loadable plugins [exclusion list=, ]
2025-11-27 18:43:53,424 [INFO] PluginManage:310 - Check plugin analytics
2025-11-27 18:43:53,730 [INFO] AnalyticsPlugin:253 - Accepted Software Licenses: STM32CubeMX.6.15.0
2025-11-27 18:43:53,730 [INFO] AnalyticsPlugin:255 - Accepted CMSIS Pack Licenses: 
2025-11-27 18:43:53,731 [INFO] AnalyticsPlugin:257 - Accepted Firmware Licenses: FW.L4.1.18.0,FW.F4.1.28.0
2025-11-27 18:43:53,735 [INFO] PluginManage:359 - Loaded plugin analytics (category:tool,tabindex:-1)
2025-11-27 18:43:53,735 [INFO] PluginManage:310 - Check plugin cadmodel
2025-11-27 18:43:53,745 [INFO] CADModel:105 - Init CAD model plugin
2025-11-27 18:43:53,745 [INFO] PluginManage:359 - Loaded plugin cadmodel (category:power,tabindex:5)
2025-11-27 18:43:53,746 [INFO] PluginManage:310 - Check plugin clock
2025-11-27 18:43:53,760 [INFO] PluginManage:359 - Loaded plugin clock (category:base,tabindex:2)
2025-11-27 18:43:53,760 [INFO] PluginManage:310 - Check plugin ddr
2025-11-27 18:43:53,773 [INFO] PluginManage:359 - Loaded plugin ddr (category:tool,tabindex:6)
2025-11-27 18:43:53,774 [INFO] PluginManage:310 - Check plugin filemanager
2025-11-27 18:43:53,999 [INFO] PluginManage:359 - Loaded plugin filemanager (category:base,tabindex:10)
2025-11-27 18:43:53,999 [INFO] PluginManage:310 - Check plugin ipmanager
2025-11-27 18:43:54,009 [INFO] PluginManage:359 - Loaded plugin ipmanager (category:base,tabindex:5)
2025-11-27 18:43:54,009 [INFO] PluginManage:310 - Check plugin lpbam
2025-11-27 18:43:54,018 [INFO] PluginManage:359 - Loaded plugin lpbam (category:base,tabindex:0)
2025-11-27 18:43:54,019 [INFO] PluginManage:310 - Check plugin memorymap
2025-11-27 18:43:54,034 [INFO] PluginManage:359 - Loaded plugin memorymap (category:base,tabindex:4)
2025-11-27 18:43:54,035 [INFO] PluginManage:310 - Check plugin pinoutandconfiguration
2025-11-27 18:43:54,045 [INFO] PluginManage:359 - Loaded plugin pinoutandconfiguration (category:base,tabindex:1)
2025-11-27 18:43:54,045 [INFO] PluginManage:310 - Check plugin pinoutconfig
2025-11-27 18:43:54,180 [WARN] SupportedApi:132 - Cannot load RTOS API schema: s4s-elt-must-match.1: The content of 'definitions' must match (annotation?, (simpleType | complexType)?, (unique | key | keyref)*)). A problem was found starting at: attribute.
2025-11-27 18:43:54,352 [INFO] PluginManage:359 - Loaded plugin pinoutconfig (category:base,tabindex:0)
2025-11-27 18:43:54,352 [INFO] PluginManage:310 - Check plugin power
2025-11-27 18:43:54,369 [INFO] PluginManage:359 - Loaded plugin power (category:power,tabindex:4)
2025-11-27 18:43:54,370 [INFO] PluginManage:310 - Check plugin projectmanager
2025-11-27 18:43:54,399 [INFO] PluginManage:359 - Loaded plugin projectmanager (category:projectmanager,tabindex:4)
2025-11-27 18:43:54,400 [INFO] PluginManage:310 - Check plugin rif
2025-11-27 18:43:54,415 [INFO] PluginManage:359 - Loaded plugin rif (category:base,tabindex:3)
2025-11-27 18:43:54,416 [INFO] PluginManage:310 - Check plugin thirdparty
2025-11-27 18:43:54,680 [WARN] IntegrityCheckThread:84 - waiting for thirdparty lock release [integrity check]
2025-11-27 18:43:54,680 [INFO] PluginManage:359 - Loaded plugin thirdparty (category:base,tabindex:-1)
2025-11-27 18:43:54,680 [INFO] PluginManage:310 - Check plugin tools
2025-11-27 18:43:54,680 [INFO] IntegrityCheckThread:86 - entering critical section [integrity check]
2025-11-27 18:43:54,681 [INFO] ThirdPartyUpdaterWithRetryManager:70 - Updater plugin not ready yet. [1/15]
2025-11-27 18:43:54,684 [INFO] PluginManage:359 - Loaded plugin tools (category:base,tabindex:7)
2025-11-27 18:43:54,684 [INFO] PluginManage:310 - Check plugin tutovideos
2025-11-27 18:43:54,897 [INFO] PluginManage:359 - Loaded plugin tutovideos (category:base,tabindex:-1)
2025-11-27 18:43:54,897 [INFO] PluginManage:310 - Check plugin updater
2025-11-27 18:43:54,923 [INFO] PluginManage:359 - Loaded plugin updater (category:base,tabindex:12)
2025-11-27 18:43:54,923 [INFO] PluginManage:310 - Check plugin userauth
2025-11-27 18:43:54,928 [INFO] UserAuth:118 - Init User Auth plugin
2025-11-27 18:43:54,929 [INFO] PluginManage:359 - Loaded plugin userauth (category:base,tabindex:14)
2025-11-27 18:43:54,931 [INFO] PluginManage:283 - PluginManage : Loaded plugins [18]
2025-11-27 18:43:55,334 [INFO] PinOutPanel:1589 - setPackage(No Configuration,No Configuration)
2025-11-27 18:43:55,536 [INFO] CADModel:165 - CPN selected for project level
2025-11-27 18:43:55,536 [INFO] CADModel:114 - Register for checkConnection events
2025-11-27 18:43:55,561 [INFO] IPUIPlugin:80 - create IPUIPlugin
2025-11-27 18:43:55,561 [INFO] PluginManager:220 - loadIPPluginJar : add adc
2025-11-27 18:43:55,567 [INFO] IPUIPlugin:80 - create IPUIPlugin
2025-11-27 18:43:55,567 [INFO] PluginManager:220 - loadIPPluginJar : add aes
2025-11-27 18:43:55,572 [INFO] IPUIPlugin:80 - create IPUIPlugin
2025-11-27 18:43:55,573 [INFO] PluginManager:220 - loadIPPluginJar : add can
2025-11-27 18:43:55,576 [INFO] IPUIPlugin:80 - create IPUIPlugin
2025-11-27 18:43:55,576 [INFO] PluginManager:220 - loadIPPluginJar : add comp
2025-11-27 18:43:55,582 [INFO] IPUIPlugin:80 - create IPUIPlugin
2025-11-27 18:43:55,583 [INFO] PluginManager:220 - loadIPPluginJar : add cryp
2025-11-27 18:43:55,587 [INFO] IPUIPlugin:80 - create IPUIPlugin
2025-11-27 18:43:55,588 [INFO] PluginManager:220 - loadIPPluginJar : add ddr_ctrl_phy
2025-11-27 18:43:55,592 [INFO] IPUIPlugin:80 - create IPUIPlugin
2025-11-27 18:43:55,592 [INFO] PluginManager:220 - loadIPPluginJar : add dfsdm
2025-11-27 18:43:55,600 [INFO] IPUIPlugin:80 - create IPUIPlugin
2025-11-27 18:43:55,600 [INFO] PluginManager:220 - loadIPPluginJar : add dma
2025-11-27 18:43:55,606 [INFO] IPUIPlugin:80 - create IPUIPlugin
2025-11-27 18:43:55,606 [INFO] PluginManager:220 - loadIPPluginJar : add dma3
2025-11-27 18:43:55,611 [INFO] IPUIPlugin:80 - create IPUIPlugin
2025-11-27 18:43:55,611 [INFO] PluginManager:220 - loadIPPluginJar : add extmemmanager
2025-11-27 18:43:55,614 [INFO] IPUIPlugin:80 - create IPUIPlugin
2025-11-27 18:43:55,614 [INFO] PluginManager:220 - loadIPPluginJar : add fatfs
2025-11-27 18:43:55,620 [INFO] IPUIPlugin:80 - create IPUIPlugin
2025-11-27 18:43:55,621 [INFO] PluginManager:220 - loadIPPluginJar : add fmc
2025-11-27 18:43:55,635 [INFO] IPUIPlugin:80 - create IPUIPlugin
2025-11-27 18:43:55,635 [INFO] PluginManager:220 - loadIPPluginJar : add freertos
2025-11-27 18:43:55,638 [INFO] IPUIPlugin:80 - create IPUIPlugin
2025-11-27 18:43:55,638 [INFO] PluginManager:220 - loadIPPluginJar : add genericplugin
2025-11-27 18:43:55,642 [INFO] IPUIPlugin:80 - create IPUIPlugin
2025-11-27 18:43:55,642 [INFO] PluginManager:220 - loadIPPluginJar : add gfxmmu
2025-11-27 18:43:55,648 [INFO] IPUIPlugin:80 - create IPUIPlugin
2025-11-27 18:43:55,648 [INFO] PluginManager:220 - loadIPPluginJar : add gic
2025-11-27 18:43:55,653 [INFO] IPUIPlugin:80 - create IPUIPlugin
2025-11-27 18:43:55,654 [INFO] PluginManager:220 - loadIPPluginJar : add gpio
2025-11-27 18:43:55,658 [INFO] IPUIPlugin:80 - create IPUIPlugin
2025-11-27 18:43:55,658 [INFO] PluginManager:220 - loadIPPluginJar : add gtzc
2025-11-27 18:43:55,663 [INFO] IPUIPlugin:80 - create IPUIPlugin
2025-11-27 18:43:55,663 [INFO] PluginManager:220 - loadIPPluginJar : add hash
2025-11-27 18:43:55,667 [INFO] IPUIPlugin:80 - create IPUIPlugin
2025-11-27 18:43:55,668 [INFO] PluginManager:220 - loadIPPluginJar : add i2c
2025-11-27 18:43:55,671 [INFO] IPUIPlugin:80 - create IPUIPlugin
2025-11-27 18:43:55,671 [INFO] PluginManager:220 - loadIPPluginJar : add i2s
2025-11-27 18:43:55,675 [INFO] IPUIPlugin:80 - create IPUIPlugin
2025-11-27 18:43:55,675 [INFO] PluginManager:220 - loadIPPluginJar : add i3c
2025-11-27 18:43:55,680 [INFO] IPUIPlugin:80 - create IPUIPlugin
2025-11-27 18:43:55,680 [INFO] PluginManager:220 - loadIPPluginJar : add ipddr
2025-11-27 18:43:55,689 [INFO] IPUIPlugin:80 - create IPUIPlugin
2025-11-27 18:43:55,689 [INFO] PluginManager:220 - loadIPPluginJar : add linkedlist
2025-11-27 18:43:55,695 [INFO] IPUIPlugin:80 - create IPUIPlugin
2025-11-27 18:43:55,695 [INFO] PluginManager:220 - loadIPPluginJar : add lorawan
2025-11-27 18:43:55,698 [INFO] IPUIPlugin:80 - create IPUIPlugin
2025-11-27 18:43:55,698 [INFO] PluginManager:220 - loadIPPluginJar : add ltdc
2025-11-27 18:43:55,705 [INFO] IPUIPlugin:80 - create IPUIPlugin
2025-11-27 18:43:55,705 [INFO] PluginManager:220 - loadIPPluginJar : add mdma
2025-11-27 18:43:55,710 [INFO] IPUIPlugin:80 - create IPUIPlugin
2025-11-27 18:43:55,711 [INFO] PluginManager:220 - loadIPPluginJar : add nvic
2025-11-27 18:43:55,716 [INFO] IPUIPlugin:80 - create IPUIPlugin
2025-11-27 18:43:55,716 [INFO] PluginManager:220 - loadIPPluginJar : add opamp
2025-11-27 18:43:55,721 [INFO] IPUIPlugin:80 - create IPUIPlugin
2025-11-27 18:43:55,721 [INFO] PluginManager:220 - loadIPPluginJar : add openamp
2025-11-27 18:43:55,725 [INFO] IPUIPlugin:80 - create IPUIPlugin
2025-11-27 18:43:55,726 [INFO] PluginManager:220 - loadIPPluginJar : add pdm2pcm
2025-11-27 18:43:55,733 [INFO] IPUIPlugin:80 - create IPUIPlugin
2025-11-27 18:43:55,735 [INFO] PluginManager:220 - loadIPPluginJar : add plateformsettings
2025-11-27 18:43:55,739 [INFO] IPUIPlugin:80 - create IPUIPlugin
2025-11-27 18:43:55,772 [INFO] PluginManager:220 - loadIPPluginJar : add quadspi
2025-11-27 18:43:55,776 [INFO] IPUIPlugin:80 - create IPUIPlugin
2025-11-27 18:43:55,777 [INFO] PluginManager:220 - loadIPPluginJar : add radio
2025-11-27 18:43:55,783 [INFO] IPUIPlugin:80 - create IPUIPlugin
2025-11-27 18:43:55,783 [INFO] PluginManager:220 - loadIPPluginJar : add resmgrutility
2025-11-27 18:43:55,789 [INFO] IPUIPlugin:80 - create IPUIPlugin
2025-11-27 18:43:55,789 [INFO] PluginManager:220 - loadIPPluginJar : add sai
2025-11-27 18:43:55,793 [INFO] IPUIPlugin:80 - create IPUIPlugin
2025-11-27 18:43:55,793 [INFO] PluginManager:220 - loadIPPluginJar : add spi
2025-11-27 18:43:55,801 [INFO] IPUIPlugin:80 - create IPUIPlugin
2025-11-27 18:43:55,803 [INFO] PluginManager:220 - loadIPPluginJar : add stm32_wpan
2025-11-27 18:43:55,806 [INFO] IPUIPlugin:80 - create IPUIPlugin
2025-11-27 18:43:55,806 [INFO] PluginManager:220 - loadIPPluginJar : add tim
2025-11-27 18:43:55,811 [INFO] IPUIPlugin:80 - create IPUIPlugin
2025-11-27 18:43:55,811 [INFO] PluginManager:220 - loadIPPluginJar : add touchsensing
2025-11-27 18:43:55,817 [INFO] IPUIPlugin:80 - create IPUIPlugin
2025-11-27 18:43:55,817 [INFO] PluginManager:220 - loadIPPluginJar : add tracer_emb
2025-11-27 18:43:55,821 [INFO] IPUIPlugin:80 - create IPUIPlugin
2025-11-27 18:43:55,821 [INFO] PluginManager:220 - loadIPPluginJar : add ts
2025-11-27 18:43:55,824 [INFO] IPUIPlugin:80 - create IPUIPlugin
2025-11-27 18:43:55,824 [INFO] PluginManager:220 - loadIPPluginJar : add tsc
2025-11-27 18:43:55,827 [INFO] IPUIPlugin:80 - create IPUIPlugin
2025-11-27 18:43:55,827 [INFO] PluginManager:220 - loadIPPluginJar : add ucpd
2025-11-27 18:43:55,832 [INFO] IPUIPlugin:80 - create IPUIPlugin
2025-11-27 18:43:55,832 [INFO] PluginManager:220 - loadIPPluginJar : add usart
2025-11-27 18:43:55,837 [INFO] IPUIPlugin:80 - create IPUIPlugin
2025-11-27 18:43:55,837 [INFO] PluginManager:220 - loadIPPluginJar : add usbx
2025-11-27 18:43:56,009 [FATAL] Updater:351 - Updater called before beeing initialized
2025-11-27 18:43:56,044 [INFO] RulesReader:64 - Compatibility file has been processed (317 Rules)
2025-11-27 18:43:56,061 [INFO] RulesReader:64 - Compatibility file has been processed (317 Rules)
2025-11-27 18:43:56,073 [INFO] CADModel:165 - CPN selected for project level
2025-11-27 18:43:56,073 [INFO] CADModel:114 - Register for checkConnection events
2025-11-27 18:43:56,073 [FATAL] Updater:351 - Updater called before beeing initialized
2025-11-27 18:43:56,073 [ERROR] CADModel:125 - Updater not yet initialized, retry later 
2025-11-27 18:43:56,287 [FATAL] Updater:351 - Updater called before beeing initialized
2025-11-27 18:43:56,289 [INFO] CADModel:165 - CPN selected for project level
2025-11-27 18:43:56,290 [INFO] CADModel:114 - Register for checkConnection events
2025-11-27 18:43:56,290 [FATAL] Updater:351 - Updater called before beeing initialized
2025-11-27 18:43:56,290 [ERROR] CADModel:125 - Updater not yet initialized, retry later 
2025-11-27 18:43:56,293 [FATAL] Updater:351 - Updater called before beeing initialized
2025-11-27 18:43:56,546 [FATAL] Updater:351 - Updater called before beeing initialized
2025-11-27 18:43:56,551 [INFO] DbMcusAds:53 - JSON generation date=Tue Nov 25 19:38:32 IST 2025 (1764079712287)
2025-11-27 18:43:56,551 [FATAL] Updater:351 - Updater called before beeing initialized
2025-11-27 18:43:56,640 [WARN] DetailPanel:346 - Failed to get advertising image, set to default
2025-11-27 18:43:56,856 [FATAL] Updater:351 - Updater called before beeing initialized
2025-11-27 18:43:56,857 [FATAL] Updater:351 - Updater called before beeing initialized
2025-11-27 18:43:56,857 [FATAL] Updater:351 - Updater called before beeing initialized
2025-11-27 18:43:56,857 [WARN] DetailPanel:346 - Failed to get advertising image, set to default
2025-11-27 18:43:56,857 [FATAL] Updater:351 - Updater called before beeing initialized
2025-11-27 18:43:56,916 [ERROR] Updater:1198 - MainUpdater not yet initialized. External WinMGr cannot be set.
2025-11-27 18:43:56,919 [INFO] Updater:1134 - Updater Version found : 6.15.0
2025-11-27 18:43:56,959 [INFO] ApplicationProperties:184 - Using Application install path: C:\ST\STM32CubeIDE_1.19.0\STM32CubeIDE\plugins\com.st.stm32cube.common.mx_6.15.0.202507011659
2025-11-27 18:43:57,449 [INFO] MainUpdater:2872 - connection check result : 10
2025-11-27 18:43:57,450 [INFO] MainUpdater:289 - Updater Check For Update Now.
2025-11-27 18:43:57,450 [INFO] MicroXplorer:498 - Change Database Version : DB.6.0.150
2025-11-27 18:43:57,458 [INFO] McuFinderGlobals:63 - Set McuFinder mode to 2 (CubeIDE integrated)
2025-11-27 18:43:57,460 [INFO] UserAuth:487 - Internet connection configuration mode: 1
2025-11-27 18:43:57,498 [INFO] JxBrowserEngine:152 - Initiate JxBrowser Engine with user profile folder
2025-11-27 18:43:57,686 [INFO] CheckServerUpdateThread:120 - End of CheckServer Thread
2025-11-27 18:43:58,353 [WARN] PackLoader:240 - Cannot read IP mode file for STMicroelectronics.FP-SNS-MOTENVWB1.1.4.0
2025-11-27 18:43:58,370 [WARN] PackLoader:240 - Cannot read IP mode file for STMicroelectronics.FP-ATR-ASTRA1.2.0.2
2025-11-27 18:43:58,384 [WARN] PackLoader:240 - Cannot read IP mode file for STMicroelectronics.X-CUBE-SMBUS.2.1.0
2025-11-27 18:43:58,455 [WARN] PackLoader:240 - Cannot read IP mode file for STMicroelectronics.X-CUBE-AZRTOS-F7.1.1.0
2025-11-27 18:43:58,484 [WARN] PackLoader:240 - Cannot read IP mode file for Cesanta.I-CUBE-Mongoose.7.19.0
2025-11-27 18:43:58,500 [WARN] PackLoader:240 - Cannot read IP mode file for STMicroelectronics.FP-SNS-MOTENV1.5.1.0
2025-11-27 18:43:58,538 [WARN] PackLoader:240 - Cannot read IP mode file for WES.I-CUBE-Cesium.1.4.0
2025-11-27 18:43:58,606 [WARN] PackLoader:240 - Cannot read IP mode file for Infineon.AIROC-Wi-Fi-Bluetooth-STM32.1.7.1
2025-11-27 18:43:58,656 [WARN] PackLoader:240 - Cannot read IP mode file for STMicroelectronics.X-CUBE-AZRTOS-H7.3.4.0
2025-11-27 18:43:58,833 [WARN] PackLoader:240 - Cannot read IP mode file for STMicroelectronics.X-CUBE-DISPLAY.3.0.0
2025-11-27 18:43:58,856 [WARN] PackLoader:240 - Cannot read IP mode file for STMicroelectronics.X-CUBE-NFC10.1.0.0
2025-11-27 18:43:58,866 [WARN] PackLoader:240 - Cannot read IP mode file for STMicroelectronics.X-CUBE-ST60.1.1.0
2025-11-27 18:43:58,876 [WARN] PackLoader:240 - Cannot read IP mode file for emotas.I-CUBE-CANOPEN.1.3.0
2025-11-27 18:43:58,888 [WARN] PackLoader:240 - Cannot read IP mode file for STMicroelectronics.X-CUBE-GNSS1.7.1.0
2025-11-27 18:43:58,901 [WARN] PackLoader:240 - Cannot read IP mode file for STMicroelectronics.FP-SNS-STBOX1.2.1.0
2025-11-27 18:43:58,911 [WARN] PackLoader:240 - Cannot read IP mode file for STMicroelectronics.FP-SNS-SMARTAG2.1.2.0
2025-11-27 18:43:58,937 [WARN] PackLoader:240 - Cannot read IP mode file for STMicroelectronics.FP-SNS-FLIGHT1.5.1.0
2025-11-27 18:43:58,948 [INFO] LogOutputStream:77 - [STDOUT_REDIRECT] 1 : Invalid condition id : UX_CORESTACK_Condition cause : null
2025-11-27 18:43:58,950 [INFO] LogOutputStream:77 - [STDOUT_REDIRECT] 1 : Invalid condition id : UX_CORESTACK_Condition cause : null
2025-11-27 18:43:58,951 [INFO] LogOutputStream:77 - [STDOUT_REDIRECT] 1 : Invalid condition id : UX_CORESTACK_Condition cause : null
2025-11-27 18:43:58,952 [INFO] LogOutputStream:77 - [STDOUT_REDIRECT] 1 : Invalid condition id : UX_CORESTACK_Condition cause : null
2025-11-27 18:43:58,952 [INFO] LogOutputStream:77 - [STDOUT_REDIRECT] 1 : Invalid condition id : UX_CORESTACK_Condition cause : null
2025-11-27 18:43:58,956 [WARN] PackLoader:240 - Cannot read IP mode file for STMicroelectronics.X-CUBE-AZRTOS-WL.2.0.0
2025-11-27 18:43:58,993 [WARN] PackLoader:240 - Cannot read IP mode file for STMicroelectronics.X-CUBE-AZRTOS-H7RS.1.2.0
2025-11-27 18:43:59,006 [WARN] PackLoader:240 - Cannot read IP mode file for STMicroelectronics.X-CUBE-BLE2.3.3.0
2025-11-27 18:43:59,044 [WARN] PackLoader:240 - Cannot read IP mode file for STMicroelectronics.X-CUBE-NFC9.1.0.0
2025-11-27 18:43:59,061 [WARN] PackLoader:240 - Cannot read IP mode file for wolfSSL.I-CUBE-wolfSSL.5.8.2
2025-11-27 18:43:59,078 [WARN] PackLoader:240 - Cannot read IP mode file for STMicroelectronics.X-CUBE-BLE1.7.1.0
2025-11-27 18:43:59,088 [WARN] PackLoader:240 - Cannot read IP mode file for wolfSSL.I-CUBE-wolfMQTT.1.19.2
2025-11-27 18:43:59,101 [WARN] PackLoader:240 - Cannot read IP mode file for STMicroelectronics.X-CUBE-FREERTOS.1.4.0
2025-11-27 18:43:59,114 [WARN] PackLoader:240 - Cannot read IP mode file for STMicroelectronics.X-CUBE-EEPRMA1.5.2.0
2025-11-27 18:43:59,127 [WARN] PackLoader:240 - Cannot read IP mode file for STMicroelectronics.X-CUBE-ST67W61.1.1.0
2025-11-27 18:43:59,254 [WARN] PackLoader:240 - Cannot read IP mode file for STMicroelectronics.X-CUBE-MEMS1.12.0.0
2025-11-27 18:43:59,566 [WARN] PackLoader:240 - Cannot read IP mode file for STMicroelectronics.X-CUBE-AZRTOS-G0.1.1.0
2025-11-27 18:43:59,606 [WARN] PackLoader:240 - Cannot read IP mode file for STMicroelectronics.X-CUBE-NFC4.3.0.0
2025-11-27 18:43:59,637 [WARN] PackLoader:240 - Cannot read IP mode file for EmbeddedOffice.I-CUBE-FS-RTOS.1.0.1
2025-11-27 18:43:59,659 [WARN] PackLoader:240 - Cannot read IP mode file for STMicroelectronics.X-CUBE-WB05N.2.0.0
2025-11-27 18:43:59,674 [WARN] PackLoader:240 - Cannot read IP mode file for wolfSSL.I-CUBE-wolfTPM.3.8.0
2025-11-27 18:43:59,694 [WARN] PackLoader:240 - Cannot read IP mode file for STMicroelectronics.X-CUBE-TCPP.4.2.0
2025-11-27 18:43:59,716 [WARN] PackLoader:240 - Cannot read IP mode file for RealThread.X-CUBE-RT-Thread_Nano.4.1.1
2025-11-27 18:43:59,725 [WARN] PackLoader:240 - Cannot read IP mode file for STMicroelectronics.FP-ATR-SIGFOX1.3.2.0
2025-11-27 18:43:59,741 [WARN] PackLoader:240 - Cannot read IP mode file for ITTIA_DB.I-CUBE-ITTIADB.8.9.0
2025-11-27 18:43:59,758 [WARN] PackLoader:240 - Cannot read IP mode file for STMicroelectronics.X-CUBE-AI.10.2.0
2025-11-27 18:43:59,805 [WARN] PackLoader:240 - Cannot read IP mode file for SEGGER.I-CUBE-embOS.1.3.1
2025-11-27 18:43:59,881 [WARN] PackLoader:240 - Cannot read IP mode file for STMicroelectronics.X-CUBE-ALGOBUILD.1.4.0
2025-11-27 18:44:00,010 [WARN] PackLoader:240 - Cannot read IP mode file for STMicroelectronics.X-CUBE-MEMS1.11.3.0
2025-11-27 18:44:00,400 [INFO] WebApp:169 - Instantiating new browser for Auth
2025-11-27 18:44:00,417 [WARN] PackLoader:240 - Cannot read IP mode file for STMicroelectronics.X-CUBE-PM33A1.1.0.0
2025-11-27 18:44:00,488 [WARN] PackLoader:240 - Cannot read IP mode file for STMicroelectronics.X-CUBE-AZRTOS-F4.1.1.0
2025-11-27 18:44:00,512 [WARN] PackLoader:240 - Cannot read IP mode file for STMicroelectronics.X-CUBE-ISPU.2.1.0
2025-11-27 18:44:00,566 [WARN] PackLoader:240 - Cannot read IP mode file for STMicroelectronics.X-CUBE-IPS.3.2.0
2025-11-27 18:44:00,631 [WARN] PackLoader:240 - Cannot read IP mode file for STMicroelectronics.X-CUBE-NFC12.1.0.0
2025-11-27 18:44:00,734 [WARN] PackLoader:240 - Cannot read IP mode file for STMicroelectronics.X-CUBE-AZRTOS-L5.2.0.0
2025-11-27 18:44:00,782 [WARN] PackLoader:240 - Cannot read IP mode file for STMicroelectronics.X-CUBE-NFC6.3.1.0
2025-11-27 18:44:00,830 [WARN] PackLoader:240 - Cannot read IP mode file for STMicroelectronics.X-CUBE-FREERTOS.1.3.1
2025-11-27 18:44:00,856 [WARN] PackLoader:240 - Cannot read IP mode file for STMicroelectronics.X-CUBE-TOUCHGFX.4.26.0
2025-11-27 18:44:00,940 [WARN] PackLoader:240 - Cannot read IP mode file for STMicroelectronics.FP-SNS-STAIOTCFT.1.0.0
2025-11-27 18:44:00,992 [WARN] PackLoader:240 - Cannot read IP mode file for STMicroelectronics.X-CUBE-DPower.1.3.0
2025-11-27 18:44:01,089 [WARN] ConditionMgr:438 - getConditionDescription Invalid condition id : LAN8742 Phy interface Condition cause : null
2025-11-27 18:44:01,090 [WARN] PackLoader:240 - Cannot read IP mode file for STMicroelectronics.X-CUBE-AZRTOS-L4.2.0.0
2025-11-27 18:44:01,091 [WARN] ConditionMgr:1044 - genDependencies : Invalid condition id : LAN8742 Phy interface Condition cause : null
2025-11-27 18:44:01,091 [WARN] ConditionMgr:1044 - genDependencies : Invalid condition id : LAN8742 Phy interface Condition cause : null
2025-11-27 18:44:01,091 [WARN] ConditionMgr:1044 - genDependencies : Invalid condition id : LAN8742 Phy interface Condition cause : null
2025-11-27 18:44:01,162 [WARN] PackLoader:240 - Cannot read IP mode file for STMicroelectronics.X-CUBE-SFXS2LP1.4.0.0
2025-11-27 18:44:01,236 [WARN] PackLoader:240 - Cannot read IP mode file for STMicroelectronics.X-CUBE-BLEMGR.4.1.0
2025-11-27 18:44:01,313 [WARN] ConditionMgr:438 - getConditionDescription Invalid condition id : UX DEVICE CLASS RTOS Condition cause : null
2025-11-27 18:44:01,315 [WARN] ConditionMgr:438 - getConditionDescription Invalid condition id : UX DEVICE CLASS RTOS Condition cause : null
2025-11-27 18:44:01,316 [WARN] PackLoader:240 - Cannot read IP mode file for STMicroelectronics.X-CUBE-AZRTOS-WB.2.0.0
2025-11-27 18:44:01,316 [WARN] ConditionMgr:1044 - genDependencies : Invalid condition id : UX DEVICE CLASS RTOS Condition cause : null
2025-11-27 18:44:01,316 [WARN] ConditionMgr:1044 - genDependencies : Invalid condition id : UX DEVICE CLASS RTOS Condition cause : null
2025-11-27 18:44:01,316 [WARN] ConditionMgr:1044 - genDependencies : Invalid condition id : UX DEVICE CLASS RTOS Condition cause : null
2025-11-27 18:44:01,316 [WARN] ConditionMgr:1044 - genDependencies : Invalid condition id : UX DEVICE CLASS RTOS Condition cause : null
2025-11-27 18:44:01,317 [WARN] ConditionMgr:1044 - genDependencies : Invalid condition id : UX DEVICE CLASS RTOS Condition cause : null
2025-11-27 18:44:01,347 [WARN] ConditionMgr:438 - getConditionDescription Invalid condition id : Cortex-A Device cause : null
2025-11-27 18:44:01,473 [WARN] ConditionMgr:1044 - genDependencies : Invalid condition id : Cortex-A Device cause : null
2025-11-27 18:44:01,473 [WARN] ConditionMgr:1044 - genDependencies : Invalid condition id : Cortex-A Device cause : null
2025-11-27 18:44:01,473 [WARN] ConditionMgr:1044 - genDependencies : Invalid condition id : Cortex-A Device cause : null
2025-11-27 18:44:01,506 [WARN] PackLoader:240 - Cannot read IP mode file for STMicroelectronics.X-CUBE-SUBG2.5.0.0
2025-11-27 18:44:01,542 [WARN] PackLoader:240 - Cannot read IP mode file for STMicroelectronics.X-CUBE-AZRTOS-H7RS.1.1.0
2025-11-27 18:44:01,625 [WARN] PackLoader:240 - Cannot read IP mode file for STMicroelectronics.X-CUBE-AZRTOS-G4.2.0.0
2025-11-27 18:44:01,642 [WARN] PackLoader:240 - Cannot read IP mode file for wolfSSL.I-CUBE-wolfSSH.1.4.20
2025-11-27 18:44:01,656 [WARN] PackLoader:240 - Cannot read IP mode file for STMicroelectronics.X-CUBE-NFC7.2.0.0
2025-11-27 18:44:01,669 [WARN] PackLoader:240 - Cannot read IP mode file for STMicroelectronics.X-CUBE-ALS.1.0.2
2025-11-27 18:44:01,688 [WARN] PackLoader:240 - Cannot read IP mode file for STMicroelectronics.X-CUBE-STSE01.1.0.0
2025-11-27 18:44:01,713 [WARN] PackLoader:240 - Cannot read IP mode file for STMicroelectronics.X-CUBE-TOF1.3.4.3
2025-11-27 18:44:01,727 [INFO] ThirdParty:978 - Integrity check success = true
2025-11-27 18:44:01,727 [INFO] IntegrityCheckThread:100 - exiting critical section [integrity check]
2025-11-27 18:44:01,727 [INFO] IntegrityCheckThread:103 - End integrity checks thread
2025-11-27 18:44:02,875 [INFO] WebApp:463 - Apply proxy settings
2025-11-27 18:44:02,876 [INFO] WebApp:548 - Chromium requires no authentication
2025-11-27 18:44:02,955 [INFO] WebApp:491 - Direct internet connection detected
2025-11-27 18:44:03,070 [INFO] WebApp:900 - Register for checkConnection events
2025-11-27 18:44:03,070 [INFO] WebApp:463 - Apply proxy settings
2025-11-27 18:44:03,070 [INFO] WebApp:548 - Chromium requires no authentication
2025-11-27 18:44:03,070 [INFO] WebApp:491 - Direct internet connection detected
2025-11-27 18:44:03,648 [INFO] WebApp:225 - Starting web application
2025-11-27 18:44:03,648 [INFO] WebApp:593 - Web application path used C:\ST\STM32CubeIDE_1.19.0\STM32CubeIDE\plugins\com.st.stm32cube.common.mx_6.15.0.202507011659\db\plugins\mcufinder\reactClient1\index.html
2025-11-27 18:44:03,985 [INFO] WebApp:191 - Connection restablished
2025-11-27 18:44:04,056 [INFO] UserAuth:487 - Internet connection configuration mode: 1
2025-11-27 18:44:33,037 [INFO] McuFinderGlobals:63 - Set McuFinder mode to 2 (CubeIDE integrated)
2025-11-27 18:44:33,041 [INFO] MainUpdater:2872 - connection check result : 10
2025-11-27 18:44:33,795 [INFO] ApiDb:581 - Connected to CubeFinder SQLite database (C:\Users\augus\.stmcufinder\plugins\mcufinder\mcu\cube-finder-db.db)
2025-11-27 18:44:33,988 [INFO] ApiDb:668 - CubeFinder database Data Model version=2.1
2025-11-27 18:44:33,988 [INFO] ApiDb:669 - CubeFinder database Configuration version=3.0.39
2025-11-27 18:44:33,989 [INFO] ApiDb:670 - CubeFinder database generation date=2025-11-05 (1762334721)
2025-11-27 18:44:33,989 [INFO] ApiDb:671 - CubeFinder database FW Pack versions=[FP-ATR-ASTRA1_V2.0.0, FP-SNS-FLIGHT1_V5.1.0, FP-SNS-MOTENV1_V5.1.0, FP-SNS-MOTENVWB1_V1.4.0, FP-SNS-SMARTAG2_V1.2.0, FP-SNS-STBOX1_V2.1.0, STM32Cube_FW_C0_V1.4.0, STM32Cube_FW_F4_V1.28.3, STM32Cube_FW_F7_V1.17.4, STM32Cube_FW_G0_V1.6.2, STM32Cube_FW_G4_V1.6.1, STM32Cube_FW_H5_V1.5.1, STM32Cube_FW_H7RS_V1.3.0, STM32Cube_FW_H7_V1.12.1, STM32Cube_FW_L0_V1.12.2, STM32Cube_FW_L4_V1.18.1, STM32Cube_FW_L5_V1.6.0, STM32Cube_FW_N6_V1.3.0, STM32Cube_FW_U0_V1.3.0, STM32Cube_FW_U3_V1.2.1, STM32Cube_FW_U5_V1.8.0, STM32Cube_FW_WB0_V1.4.0, STM32Cube_FW_WBA_V1.8.0, STM32Cube_FW_WB_V1.24.0, STM32Cube_FW_WL3_V1.3.0, STM32Cube_FW_WL_V1.4.0, X-CUBE-ALGOBUILD_V1.4.0, X-CUBE-ALS_V1.0.2, X-CUBE-AZRTOS-F4_V1.1.0, X-CUBE-AZRTOS-F7_V1.1.0, X-CUBE-AZRTOS-G0_V1.1.0, X-CUBE-AZRTOS-G4_V2.0.0, X-CUBE-AZRTOS-H7RS_V1.1.0, X-CUBE-AZRTOS-H7_V3.4.0, X-CUBE-AZRTOS-L4_V2.0.0, X-CUBE-AZRTOS-L5_V2.0.0, X-CUBE-AZRTOS-WB_V2.0.0, X-CUBE-AZRTOS-WL_V2.0.0, X-CUBE-BLE1_V7.1.0, X-CUBE-BLE2_V3.3.0, X-CUBE-BLEMGR_V4.1.0, X-CUBE-EEPRMA1_V5.2.0, X-CUBE-FREERTOS_V1.3.1, X-CUBE-GNSS1_V6.0.0, X-CUBE-MEMS1_V11.3.0, X-CUBE-NFC4_V3.0.0, X-CUBE-NFC7_V2.0.0, X-CUBE-SFXS2LP1_V4.0.0, X-CUBE-ST67W61_V1.1.0, X-CUBE-SUBG2_V5.0.0, X-CUBE-TOF1_V3.4.3]
2025-11-27 18:44:38,357 [INFO] ApiDb:240 - Found 880 in-development CPN: [B-G473E-ZEST1S, B-WB1M-WPAN1, B-WBA5M-WPAN, B-WL5M-SUBG1, NUCLEO-C031C6, NUCLEO-C051C8, NUCLEO-C071RB, NUCLEO-C092RC, NUCLEO-H503RB, NUCLEO-H533RE, NUCLEO-H563ZI, NUCLEO-H7S3L8, NUCLEO-N657X0-Q, NUCLEO-U031R8, NUCLEO-U083RC, NUCLEO-U385RG-Q, NUCLEO-U545RE-Q, NUCLEO-U5A5ZJ-Q, NUCLEO-WB05KZ, NUCLEO-WB07CC, NUCLEO-WB09KE, NUCLEO-WBA52CG, NUCLEO-WBA55CG, NUCLEO-WL33CC1, NUCLEO-WL33CC2, STEVAL-PROTEUS1, STEVAL-SMARTAG2, STEVAL-STWINBX1, STM320518-EVAL, STM32C0116-DK, STM32C011D6Y3TR, STM32C011D6Y6TR, STM32C011F4P3, STM32C011F4P6, STM32C011F4U3, STM32C011F4U6TR, STM32C011F6P3, STM32C011F6P6, STM32C011F6U3, STM32C011F6U6TR, STM32C011J4M3, STM32C011J4M6, STM32C011J6M3, STM32C011J6M6, STM32C0316-DK, STM32C031C4T3, STM32C031C4T6, STM32C031C4U3, STM32C031C4U6, STM32C031C6T3, STM32C031C6T6, STM32C031C6U3, STM32C031C6U6, STM32C031F4P3, STM32C031F4P6, STM32C031F6P3, STM32C031F6P6, STM32C031G4U3, STM32C031G4U6, STM32C031G6U3, STM32C031G6U6, STM32C031K4T3, STM32C031K4T6, STM32C031K4U3, STM32C031K4U6, STM32C031K6T3, STM32C031K6T6, STM32C031K6U3, STM32C031K6U6, STM32C051C6T6, STM32C051C6U6, STM32C051C8T6, STM32C051C8U6, STM32C051D8Y6TR, STM32C051F6P6, STM32C051F8P6, STM32C051G6U6, STM32C051G8U6, STM32C051K6T6, STM32C051K6U6, STM32C051K8T6, STM32C071C8T6, STM32C071C8T6N, STM32C071C8U6, STM32C071C8U6N, STM32C071CBT6, STM32C071CBT6N, STM32C071CBU6, STM32C071CBU6N, STM32C071F8P6, STM32C071F8P6N, STM32C071FBP6, STM32C071FBP6N, STM32C071FBY6TR, STM32C071G8U6, STM32C071G8U6N, STM32C071GBU6, STM32C071GBU6N, STM32C071K8T6, STM32C071K8T6N, STM32C071K8U6, STM32C071K8U6N, STM32C071KBT6, STM32C071KBT6N, STM32C071KBU6, STM32C071KBU6N, STM32C071R8T6, STM32C071R8T6N, STM32C071RBI6N, STM32C071RBT6, STM32C071RBT6N, STM32C091CBT6, STM32C091CBU6, STM32C091CCT6, STM32C091CCU6, STM32C091ECY6TR, STM32C091FBP6, STM32C091FCP6, STM32C091GBU6, STM32C091GCU6, STM32C091KBT6, STM32C091KBU6, STM32C091KCT6, STM32C091KCU6, STM32C091RBT6, STM32C091RCI6, STM32C091RCT6, STM32C092CBT6, STM32C092CBU6, STM32C092CCT6, STM32C092CCU6, STM32C092ECY6TR, STM32C092FBP6, STM32C092FCP6, STM32C092GBU6, STM32C092GCU6, STM32C092KBT6, STM32C092KBU6, STM32C092KCT6, STM32C092KCU6, STM32C092RBT6, STM32C092RCI6, STM32C092RCT6, STM32G071K8TXN, STM32G071K8UXN, STM32G081GBU6N, STM32G081KBT6N, STM32G081KBUXN, STM32G0B1CCT6N, STM32G0B1KCT6, STM32G0B1NEY6TR, STM32G0B1RCT6N, STM32G0C1CCT6, STM32G0C1CCT6N, STM32G0C1CCU6N, STM32G0C1CET6N, STM32G0C1CEU6N, STM32G0C1KCT6, STM32G0C1NEY6TR, STM32G0C1RCI6N, STM32G0C1RCT6N, STM32G0C1REI6N, STM32G0C1RET6N, STM32G0C1VCI6, STM32G0C1VEI6, STM32G411C6T3, STM32G411C6T6, STM32G411C6U3, STM32G411C6U6, STM32G411C8T3, STM32G411C8T6, STM32G411C8U3, STM32G411C8U6, STM32G411CBT3, STM32G411CBT6, STM32G411CBU3, STM32G411CBU6, STM32G411K6T3, STM32G411K6T6, STM32G411K6U3, STM32G411K6U6, STM32G411K8T3, STM32G411K8T6, STM32G411K8U3, STM32G411K8U6, STM32G411KBT3, STM32G411KBT6, STM32G411KBU3, STM32G411KBU6, STM32G411M6T3, STM32G411M6T6, STM32G411M8T3, STM32G411M8T6, STM32G411MBT3, STM32G411MBT6, STM32G411R6T3, STM32G411R6T6, STM32G411R8T3, STM32G411R8T6, STM32G411RBT3, STM32G411RBT6, STM32G414CBT3, STM32G414CBT6, STM32G414CBU3, STM32G414CBU6, STM32G414CCT3, STM32G414CCT6, STM32G414CCU3, STM32G414CCU6, STM32G414MBT3, STM32G414MBT6, STM32G414MCT3, STM32G414MCT6, STM32G414RBT3, STM32G414RBT6, STM32G414RCT3, STM32G414RCT6, STM32G414VBT3, STM32G414VBT6, STM32G414VCT3, STM32G414VCT6, STM32G431CBT3Z, STM32G431RBT3Z, STM32G471CCT6, STM32G471CCU6, STM32G471CET3, STM32G471CET6, STM32G471CEU3, STM32G471CEU6, STM32G471MCT6, STM32G471MET3, STM32G471MET6, STM32G471MEY6TR, STM32G471QCT6, STM32G471QET3, STM32G471RCT6, STM32G471RET3, STM32G471RET6, STM32G471VCH6, STM32G471VCI6, STM32G471VCT6, STM32G471VEH3, STM32G471VEH6, STM32G471VEI3, STM32G471VEI6, STM32G471VET3, STM32G471VET6, STM32G473QET3Z, STM32G473RET3Z, STM32G474CCT6, STM32G491RET3Z, STM32H503CBT6, STM32H503CBU6, STM32H503EBY6TR, STM32H503KBU6, STM32H503RBT6, STM32H523CCT6, STM32H523CCU6, STM32H523CET6, STM32H523CEU6, STM32H523HEY6TR, STM32H523RCT6, STM32H523RET6, STM32H523VCI6, STM32H523VCT6, STM32H523VEI6, STM32H523VET6, STM32H523ZCJ6, STM32H523ZCT6, STM32H523ZEJ6, STM32H523ZET6, STM32H533CET6, STM32H533CEU6, STM32H533HEY6TR, STM32H533RET6, STM32H533VEI6, STM32H533VET6, STM32H533ZEJ6, STM32H533ZET6, STM32H562AGI6, STM32H562AII6, STM32H562IGK6, STM32H562IGT6, STM32H562IIK6, STM32H562IIT6, STM32H562RGT6, STM32H562RGV6, STM32H562RIT6, STM32H562RIV6, STM32H562VGT6, STM32H562VIT6, STM32H562ZGT6, STM32H562ZIT6, STM32H563AGI6, STM32H563AII3Q, STM32H563AII6, STM32H563IGK6, STM32H563IGT6, STM32H563IIK3Q, STM32H563IIK6, STM32H563IIT3Q, STM32H563IIT6, STM32H563MIY3QTR, STM32H563RGT6, STM32H563RGV6, STM32H563RIT6, STM32H563RIV6, STM32H563VGT6, STM32H563VIT3Q, STM32H563VIT6, STM32H563ZGT6, STM32H563ZIT3Q, STM32H563ZIT6, STM32H573AII3Q, STM32H573AII6, STM32H573I-DK, STM32H573IIK3Q, STM32H573IIK6, STM32H573IIT3Q, STM32H573IIT6, STM32H573MIY3QTR, STM32H573RIT6, STM32H573RIV6, STM32H573VIT3Q, STM32H573VIT6, STM32H573ZIT3Q, STM32H573ZIT6, STM32H7R3A8I6, STM32H7R3I8K6, STM32H7R3I8T6, STM32H7R3L8H6, STM32H7R3L8H6H, STM32H7R3R8V6, STM32H7R3V8H6, STM32H7R3V8T6, STM32H7R3V8Y6TR, STM32H7R3Z8J6, STM32H7R3Z8T6, STM32H7R7A8I6, STM32H7R7I8K6, STM32H7R7I8T6, STM32H7R7L8H6, STM32H7R7L8H6H, STM32H7R7Z8J6, STM32H7S3A8I6, STM32H7S3I8K6, STM32H7S3I8T6, STM32H7S3L8H6, STM32H7S3L8H6H, STM32H7S3R8V6, STM32H7S3V8H6, STM32H7S3V8T6, STM32H7S3V8Y6TR, STM32H7S3Z8J6, STM32H7S3Z8T6, STM32H7S78-DK, STM32H7S7A8I6, STM32H7S7I8K6, STM32H7S7I8T6, STM32H7S7L8H6, STM32H7S7L8H6H, STM32H7S7Z8J6, STM32L4R5QGI6STR, STM32MP131AAE3, STM32MP131AAF3, STM32MP131AAG3, STM32MP131CAE3, STM32MP131CAF3, STM32MP131CAG3, STM32MP131DAE7, STM32MP131DAF7, STM32MP131DAG7, STM32MP131FAE7, STM32MP131FAF7, STM32MP131FAG7, STM32MP133AAE3, STM32MP133AAF3, STM32MP133AAG3, STM32MP133CAE3, STM32MP133CAF3, STM32MP133CAG3, STM32MP133DAE7, STM32MP133DAF7, STM32MP133DAG7, STM32MP133FAE7, STM32MP133FAF7, STM32MP133FAG7, STM32MP135AAE3, STM32MP135AAF3, STM32MP135AAG3, STM32MP135CAE3, STM32MP135CAF3, STM32MP135CAG3, STM32MP135DAE7, STM32MP135DAF7, STM32MP135DAG7, STM32MP135F-DK, STM32MP135FAE7, STM32MP135FAF7, STM32MP135FAF7T, STM32MP135FAF7U, STM32MP135FAG7, STM32MP211AAL3, STM32MP211AAM3, STM32MP211AAN3, STM32MP211AAO3, STM32MP211CAL3, STM32MP211CAM3, STM32MP211CAN3, STM32MP211CAO3, STM32MP211DAL3, STM32MP211DAM3, STM32MP211DAN3, STM32MP211DAO3, STM32MP211FAL3, STM32MP211FAM3, STM32MP211FAN3, STM32MP211FAO3, STM32MP213AAL3, STM32MP213AAM3, STM32MP213AAN3, STM32MP213AAO3, STM32MP213CAL3, STM32MP213CAM3, STM32MP213CAN3, STM32MP213CAO3, STM32MP213DAL3, STM32MP213DAM3, STM32MP213DAN3, STM32MP213DAO3, STM32MP213FAL3, STM32MP213FAM3, STM32MP213FAN3, STM32MP213FAO3, STM32MP215AAL3, STM32MP215AAM3, STM32MP215AAN3, STM32MP215AAO3, STM32MP215CAL3, STM32MP215CAM3, STM32MP215CAN3, STM32MP215CAO3, STM32MP215DAL3, STM32MP215DAM3, STM32MP215DAN3, STM32MP215DAO3, STM32MP215F-DK, STM32MP215FAL3, STM32MP215FAM3, STM32MP215FAN3, STM32MP215FAO3, STM32MP231AAJ3, STM32MP231AAK3, STM32MP231AAL3, STM32MP231CAJ3, STM32MP231CAK3, STM32MP231CAL3, STM32MP231DAJ3, STM32MP231DAK3, STM32MP231DAL3, STM32MP231FAJ3, STM32MP231FAK3, STM32MP231FAL3, STM32MP233AAJ3, STM32MP233AAK3, STM32MP233AAL3, STM32MP233CAJ3, STM32MP233CAK3, STM32MP233CAL3, STM32MP233DAJ3, STM32MP233DAK3, STM32MP233DAL3, STM32MP233FAJ3, STM32MP233FAK3, STM32MP233FAL3, STM32MP235AAJ3, STM32MP235AAK3, STM32MP235AAL3, STM32MP235CAJ3, STM32MP235CAK3, STM32MP235CAL3, STM32MP235DAJ3, STM32MP235DAK3, STM32MP235DAL3, STM32MP235FAJ3, STM32MP235FAK3, STM32MP235FAL3, STM32MP251AAI3, STM32MP251AAK3, STM32MP251AAL3, STM32MP251CAI3, STM32MP251CAK3, STM32MP251CAL3, STM32MP251DAI3, STM32MP251DAK3, STM32MP251DAL3, STM32MP251FAI3, STM32MP251FAK3, STM32MP251FAL3, STM32MP253AAI3, STM32MP253AAK3, STM32MP253AAL3, STM32MP253CAI3, STM32MP253CAK3, STM32MP253CAL3, STM32MP253DAI3, STM32MP253DAK3, STM32MP253DAL3, STM32MP253FAI3, STM32MP253FAK3, STM32MP253FAL3, STM32MP255AAI3, STM32MP255AAK3, STM32MP255AAL3, STM32MP255CAI3, STM32MP255CAK3, STM32MP255CAL3, STM32MP255DAI3, STM32MP255DAK3, STM32MP255DAL3, STM32MP255FAI3, STM32MP255FAK3, STM32MP255FAL3, STM32MP257AAI3, STM32MP257AAK3, STM32MP257AAL3, STM32MP257CAI3, STM32MP257CAK3, STM32MP257CAL3, STM32MP257DAI3, STM32MP257DAK3, STM32MP257DAL3, STM32MP257F-DK, STM32MP257F-EV1, STM32MP257FAI3, STM32MP257FAK3, STM32MP257FAL3, STM32N645A0H3Q, STM32N645B0H3Q, STM32N645I0H3Q, STM32N645L0H3Q, STM32N645X0H3Q, STM32N645Z0H3Q, STM32N647A0H3Q, STM32N647B0H3Q, STM32N647I0H3Q, STM32N647L0H3Q, STM32N647X0H3Q, STM32N647Z0H3Q, STM32N655A0H3Q, STM32N655B0H3Q, STM32N655I0H3Q, STM32N655L0H3Q, STM32N655X0H3Q, STM32N655Z0H3Q, STM32N6570-DK, STM32N657A0H3Q, STM32N657B0H3Q, STM32N657I0H3Q, STM32N657L0H3Q, STM32N657X0H3Q, STM32N657Z0H3Q, STM32U031C6T6, STM32U031C6U6, STM32U031C8T6, STM32U031C8U6, STM32U031F4P6, STM32U031F6P6, STM32U031F8P6, STM32U031G6Y6TR, STM32U031G8Y6TR, STM32U031K4U6, STM32U031K6U6, STM32U031K8U6, STM32U031R6I6, STM32U031R6T6, STM32U031R8I6, STM32U031R8T6, STM32U073C8T6, STM32U073C8U6, STM32U073CBT6, STM32U073CBU6, STM32U073CCT6, STM32U073CCU6, STM32U073H8Y6TR, STM32U073HBY6TR, STM32U073HCY6TR, STM32U073K8U6, STM32U073KBU6, STM32U073KCU6, STM32U073M8I6, STM32U073M8T6, STM32U073MBI6, STM32U073MBT6, STM32U073MCI6, STM32U073MCT6, STM32U073R8I6, STM32U073R8T6, STM32U073RBI6, STM32U073RBT6, STM32U073RCI6, STM32U073RCT6, STM32U083C-DK, STM32U083CCT6, STM32U083CCU6, STM32U083HCY6TR, STM32U083KCU6, STM32U083MCI6, STM32U083MCT6, STM32U083RCI6, STM32U083RCT6, STM32U375CET6, STM32U375CET6Q, STM32U375CEU6, STM32U375CEU6Q, STM32U375CEY6QTR, STM32U375CGT6, STM32U375CGT6Q, STM32U375CGU6, STM32U375CGU6Q, STM32U375CGY6QTR, STM32U375KEU6, STM32U375KGU6, STM32U375REI6, STM32U375REI6Q, STM32U375RET6, STM32U375RET6Q, STM32U375REY6GTR, STM32U375REY6QTR, STM32U375RGI6, STM32U375RGI6Q, STM32U375RGT6, STM32U375RGT6Q, STM32U375RGY6GTR, STM32U375RGY6QTR, STM32U375VEI6, STM32U375VEI6Q, STM32U375VET6, STM32U375VET6Q, STM32U375VGI6, STM32U375VGI6Q, STM32U375VGT6, STM32U375VGT6Q, STM32U385CGT6, STM32U385CGT6Q, STM32U385CGU6, STM32U385CGU6Q, STM32U385CGY6QTR, STM32U385KGU6, STM32U385RGI6, STM32U385RGI6Q, STM32U385RGT6, STM32U385RGT6Q, STM32U385RGY6GTR, STM32U385RGY6QTR, STM32U385VGI6, STM32U385VGI6Q, STM32U385VGT6, STM32U385VGT6Q, STM32U535CBT6, STM32U535CBT6Q, STM32U535CBU6, STM32U535CBU6Q, STM32U535CCT6, STM32U535CCT6Q, STM32U535CCU6, STM32U535CCU6Q, STM32U535CET6, STM32U535CET6Q, STM32U535CEU6, STM32U535CEU6Q, STM32U535JEY6QTR, STM32U535NCY6QTR, STM32U535NEY6QTR, STM32U535RBI6, STM32U535RBI6Q, STM32U535RBT6, STM32U535RBT6Q, STM32U535RCI6, STM32U535RCI6Q, STM32U535RCT6, STM32U535RCT6Q, STM32U535REI6, STM32U535REI6Q, STM32U535RET6, STM32U535RET6Q, STM32U535VCI6, STM32U535VCI6Q, STM32U535VCT6, STM32U535VCT6Q, STM32U535VEI6, STM32U535VEI6Q, STM32U535VET6, STM32U535VET6Q, STM32U545CET6, STM32U545CET6Q, STM32U545CEU6, STM32U545CEU6Q, STM32U545JEY6QTR, STM32U545NEY6QTR, STM32U545REI6, STM32U545REI6Q, STM32U545RET6, STM32U545RET6Q, STM32U545VEI6, STM32U545VEI6Q, STM32U545VET6, STM32U545VET6Q, STM32U595AIH6, STM32U595AIH6Q, STM32U595AJH6, STM32U595AJH6Q, STM32U595QII6, STM32U595QII6Q, STM32U595QJI6, STM32U595QJI6Q, STM32U595RIT6, STM32U595RIT6Q, STM32U595RJT6, STM32U595RJT6Q, STM32U595VIT6, STM32U595VIT6Q, STM32U595VJT6, STM32U595VJT6Q, STM32U595ZIT6, STM32U595ZIT6Q, STM32U595ZIY6QTR, STM32U595ZJT6, STM32U595ZJT6Q, STM32U595ZJY6QTR, STM32U599BJY6QTR, STM32U599NIH6Q, STM32U599NJH6Q, STM32U599VIT6Q, STM32U599VJT6, STM32U599VJT6Q, STM32U599ZIT6Q, STM32U599ZIY6QTR, STM32U599ZJT6Q, STM32U599ZJY6QTR, STM32U5A5AJH6, STM32U5A5AJH6Q, STM32U5A5QII3Q , STM32U5A5QJI6, STM32U5A5QJI6Q, STM32U5A5RJT6, STM32U5A5RJT6Q, STM32U5A5VJT6, STM32U5A5VJT6Q, STM32U5A5ZJT6, STM32U5A5ZJT6Q, STM32U5A5ZJY6QTR, STM32U5A9BJY6QTR, STM32U5A9J-DK, STM32U5A9NJH6Q, STM32U5A9VJT6Q, STM32U5A9ZJT6Q, STM32U5A9ZJY6QTR, STM32U5F7VIT6, STM32U5F7VIT6Q, STM32U5F7VJT6, STM32U5F7VJT6Q, STM32U5F9BJY6QTR, STM32U5F9NJH6Q, STM32U5F9VIT6Q, STM32U5F9VJT6Q, STM32U5F9ZIJ6QTR, STM32U5F9ZIT6Q, STM32U5F9ZJJ6QTR, STM32U5F9ZJT6Q, STM32U5G7VJT6, STM32U5G7VJT6Q, STM32U5G9BJY6QTR, STM32U5G9J-DK1, STM32U5G9J-DK2, STM32U5G9NJH6Q, STM32U5G9VJT6Q, STM32U5G9ZJJ6QTR, STM32U5G9ZJT6Q, STM32WB05KZV6TR, STM32WB05KZV7TR, STM32WB05TZF6TR, STM32WB05TZF7TR, STM32WB06CCF6TR, STM32WB06CCF7TR, STM32WB06CCV6TR, STM32WB06CCV7TR, STM32WB06KCV6TR, STM32WB06KCV7TR, STM32WB07CCF6TR, STM32WB07CCF7TR, STM32WB07CCV6TR, STM32WB07CCV7TR, STM32WB07KCV6TR, STM32WB07KCV7TR, STM32WB09KEV6TR, STM32WB09KEV7TR, STM32WB09TEF6TR, STM32WB09TEF7TR, STM32WB1MMCH6, STM32WBA50KGU6, STM32WBA50KGU6TR, STM32WBA52CEU6, STM32WBA52CEU6TR, STM32WBA52CEU7, STM32WBA52CEU7TR, STM32WBA52CGU6, STM32WBA52CGU6TR, STM32WBA52CGU6U, STM32WBA52CGU7, STM32WBA52CGU7TR, STM32WBA52KEU6, STM32WBA52KEU6TR, STM32WBA52KGU6, STM32WBA52KGU6TR, STM32WBA54CEU6, STM32WBA54CEU6TR, STM32WBA54CEU7, STM32WBA54CEU7TR, STM32WBA54CGU6, STM32WBA54CGU6TR, STM32WBA54CGU7, STM32WBA54CGU7TR, STM32WBA54KEU6, STM32WBA54KEU6TR, STM32WBA54KEU7, STM32WBA54KEU7TR, STM32WBA54KGU6, STM32WBA54KGU6TR, STM32WBA54KGU7, STM32WBA54KGU7TR, STM32WBA55CEU6, STM32WBA55CEU6TR, STM32WBA55CEU7, STM32WBA55CEU7TR, STM32WBA55CGU6, STM32WBA55CGU6TR, STM32WBA55CGU6U, STM32WBA55CGU7, STM32WBA55CGU7TR, STM32WBA55G-DK1, STM32WBA55HEF6, STM32WBA55HEF7, STM32WBA55HGF6, STM32WBA55HGF7, STM32WBA55UEI6, STM32WBA55UEI6TR, STM32WBA55UEI7, STM32WBA55UEI7TR, STM32WBA55UGI6, STM32WBA55UGI6TR, STM32WBA55UGI7, STM32WBA55UGI7TR, STM32WBA5MMGH6TR, STM32WBA62MGF6, STM32WBA62MIF6, STM32WBA65MGF7, STM32WBA65MIF6, STM32WBA65MIF7, STM32WL30K8V6, STM32WL30KBV6, STM32WL31C8V6, STM32WL31CBV6, STM32WL31K8V6, STM32WL31KBV6, STM32WL33C8V6, STM32WL33C8V6X, STM32WL33CBV6, STM32WL33CBV6X, STM32WL33CCV6, STM32WL33CCV6A, STM32WL33CCV6X, STM32WL33K8V7, STM32WL33K8V7X, STM32WL33KBV7 , STM32WL33KBV7X, STM32WL33KCV7, STM32WL33KCV7X, STM32WL5MOCH6, STM32WL5MOCH6TR]
2025-11-27 18:44:38,367 [INFO] DbMcus:218 - Found 4876 MCUs, 4876 are supported
2025-11-27 18:44:38,368 [INFO] ApiDb:423 - Load user favorites file C:\Users\augus/.stm32cubeide/favorites.mcus.txt: 0 item(s)
2025-11-27 18:44:38,369 [INFO] ApiDb:427 - User favorites MCUs=[]
2025-11-27 18:44:38,369 [INFO] DbMcus:224 - Set 0 / 0 favorites MCUs
2025-11-27 18:44:39,004 [INFO] ApiDb:668 - CubeFinder database Data Model version=2.1
2025-11-27 18:44:39,004 [INFO] ApiDb:669 - CubeFinder database Configuration version=3.0.39
2025-11-27 18:44:39,005 [INFO] ApiDb:670 - CubeFinder database generation date=2025-11-05 (1762334721)
2025-11-27 18:44:39,005 [INFO] ApiDb:671 - CubeFinder database FW Pack versions=[FP-ATR-ASTRA1_V2.0.0, FP-SNS-FLIGHT1_V5.1.0, FP-SNS-MOTENV1_V5.1.0, FP-SNS-MOTENVWB1_V1.4.0, FP-SNS-SMARTAG2_V1.2.0, FP-SNS-STBOX1_V2.1.0, STM32Cube_FW_C0_V1.4.0, STM32Cube_FW_F4_V1.28.3, STM32Cube_FW_F7_V1.17.4, STM32Cube_FW_G0_V1.6.2, STM32Cube_FW_G4_V1.6.1, STM32Cube_FW_H5_V1.5.1, STM32Cube_FW_H7RS_V1.3.0, STM32Cube_FW_H7_V1.12.1, STM32Cube_FW_L0_V1.12.2, STM32Cube_FW_L4_V1.18.1, STM32Cube_FW_L5_V1.6.0, STM32Cube_FW_N6_V1.3.0, STM32Cube_FW_U0_V1.3.0, STM32Cube_FW_U3_V1.2.1, STM32Cube_FW_U5_V1.8.0, STM32Cube_FW_WB0_V1.4.0, STM32Cube_FW_WBA_V1.8.0, STM32Cube_FW_WB_V1.24.0, STM32Cube_FW_WL3_V1.3.0, STM32Cube_FW_WL_V1.4.0, X-CUBE-ALGOBUILD_V1.4.0, X-CUBE-ALS_V1.0.2, X-CUBE-AZRTOS-F4_V1.1.0, X-CUBE-AZRTOS-F7_V1.1.0, X-CUBE-AZRTOS-G0_V1.1.0, X-CUBE-AZRTOS-G4_V2.0.0, X-CUBE-AZRTOS-H7RS_V1.1.0, X-CUBE-AZRTOS-H7_V3.4.0, X-CUBE-AZRTOS-L4_V2.0.0, X-CUBE-AZRTOS-L5_V2.0.0, X-CUBE-AZRTOS-WB_V2.0.0, X-CUBE-AZRTOS-WL_V2.0.0, X-CUBE-BLE1_V7.1.0, X-CUBE-BLE2_V3.3.0, X-CUBE-BLEMGR_V4.1.0, X-CUBE-EEPRMA1_V5.2.0, X-CUBE-FREERTOS_V1.3.1, X-CUBE-GNSS1_V6.0.0, X-CUBE-MEMS1_V11.3.0, X-CUBE-NFC4_V3.0.0, X-CUBE-NFC7_V2.0.0, X-CUBE-SFXS2LP1_V4.0.0, X-CUBE-ST67W61_V1.1.0, X-CUBE-SUBG2_V5.0.0, X-CUBE-TOF1_V3.4.3]
2025-11-27 18:44:39,099 [INFO] DbBoardsSqlite:226 - include board P-NUCLEO-WB55-NUCLEO as a kit item of type 'Nucleo-64'
2025-11-27 18:44:39,099 [INFO] DbBoardsSqlite:226 - include board P-NUCLEO-WB55-USBDONGLE as a kit item of type 'Nucleo USB Dongle'
2025-11-27 18:44:39,099 [INFO] DbBoardsSqlite:226 - include board STEVAL-IDP005V1 as a kit item of type 'Evaluation Board'
2025-11-27 18:44:39,101 [INFO] DbBoardsSqlite:226 - include board STEVAL-IDP005V2 as a kit item of type 'Evaluation Board'
2025-11-27 18:44:39,236 [INFO] ApiDb:240 - Found 880 in-development CPN: [B-G473E-ZEST1S, B-WB1M-WPAN1, B-WBA5M-WPAN, B-WL5M-SUBG1, NUCLEO-C031C6, NUCLEO-C051C8, NUCLEO-C071RB, NUCLEO-C092RC, NUCLEO-H503RB, NUCLEO-H533RE, NUCLEO-H563ZI, NUCLEO-H7S3L8, NUCLEO-N657X0-Q, NUCLEO-U031R8, NUCLEO-U083RC, NUCLEO-U385RG-Q, NUCLEO-U545RE-Q, NUCLEO-U5A5ZJ-Q, NUCLEO-WB05KZ, NUCLEO-WB07CC, NUCLEO-WB09KE, NUCLEO-WBA52CG, NUCLEO-WBA55CG, NUCLEO-WL33CC1, NUCLEO-WL33CC2, STEVAL-PROTEUS1, STEVAL-SMARTAG2, STEVAL-STWINBX1, STM320518-EVAL, STM32C0116-DK, STM32C011D6Y3TR, STM32C011D6Y6TR, STM32C011F4P3, STM32C011F4P6, STM32C011F4U3, STM32C011F4U6TR, STM32C011F6P3, STM32C011F6P6, STM32C011F6U3, STM32C011F6U6TR, STM32C011J4M3, STM32C011J4M6, STM32C011J6M3, STM32C011J6M6, STM32C0316-DK, STM32C031C4T3, STM32C031C4T6, STM32C031C4U3, STM32C031C4U6, STM32C031C6T3, STM32C031C6T6, STM32C031C6U3, STM32C031C6U6, STM32C031F4P3, STM32C031F4P6, STM32C031F6P3, STM32C031F6P6, STM32C031G4U3, STM32C031G4U6, STM32C031G6U3, STM32C031G6U6, STM32C031K4T3, STM32C031K4T6, STM32C031K4U3, STM32C031K4U6, STM32C031K6T3, STM32C031K6T6, STM32C031K6U3, STM32C031K6U6, STM32C051C6T6, STM32C051C6U6, STM32C051C8T6, STM32C051C8U6, STM32C051D8Y6TR, STM32C051F6P6, STM32C051F8P6, STM32C051G6U6, STM32C051G8U6, STM32C051K6T6, STM32C051K6U6, STM32C051K8T6, STM32C071C8T6, STM32C071C8T6N, STM32C071C8U6, STM32C071C8U6N, STM32C071CBT6, STM32C071CBT6N, STM32C071CBU6, STM32C071CBU6N, STM32C071F8P6, STM32C071F8P6N, STM32C071FBP6, STM32C071FBP6N, STM32C071FBY6TR, STM32C071G8U6, STM32C071G8U6N, STM32C071GBU6, STM32C071GBU6N, STM32C071K8T6, STM32C071K8T6N, STM32C071K8U6, STM32C071K8U6N, STM32C071KBT6, STM32C071KBT6N, STM32C071KBU6, STM32C071KBU6N, STM32C071R8T6, STM32C071R8T6N, STM32C071RBI6N, STM32C071RBT6, STM32C071RBT6N, STM32C091CBT6, STM32C091CBU6, STM32C091CCT6, STM32C091CCU6, STM32C091ECY6TR, STM32C091FBP6, STM32C091FCP6, STM32C091GBU6, STM32C091GCU6, STM32C091KBT6, STM32C091KBU6, STM32C091KCT6, STM32C091KCU6, STM32C091RBT6, STM32C091RCI6, STM32C091RCT6, STM32C092CBT6, STM32C092CBU6, STM32C092CCT6, STM32C092CCU6, STM32C092ECY6TR, STM32C092FBP6, STM32C092FCP6, STM32C092GBU6, STM32C092GCU6, STM32C092KBT6, STM32C092KBU6, STM32C092KCT6, STM32C092KCU6, STM32C092RBT6, STM32C092RCI6, STM32C092RCT6, STM32G071K8TXN, STM32G071K8UXN, STM32G081GBU6N, STM32G081KBT6N, STM32G081KBUXN, STM32G0B1CCT6N, STM32G0B1KCT6, STM32G0B1NEY6TR, STM32G0B1RCT6N, STM32G0C1CCT6, STM32G0C1CCT6N, STM32G0C1CCU6N, STM32G0C1CET6N, STM32G0C1CEU6N, STM32G0C1KCT6, STM32G0C1NEY6TR, STM32G0C1RCI6N, STM32G0C1RCT6N, STM32G0C1REI6N, STM32G0C1RET6N, STM32G0C1VCI6, STM32G0C1VEI6, STM32G411C6T3, STM32G411C6T6, STM32G411C6U3, STM32G411C6U6, STM32G411C8T3, STM32G411C8T6, STM32G411C8U3, STM32G411C8U6, STM32G411CBT3, STM32G411CBT6, STM32G411CBU3, STM32G411CBU6, STM32G411K6T3, STM32G411K6T6, STM32G411K6U3, STM32G411K6U6, STM32G411K8T3, STM32G411K8T6, STM32G411K8U3, STM32G411K8U6, STM32G411KBT3, STM32G411KBT6, STM32G411KBU3, STM32G411KBU6, STM32G411M6T3, STM32G411M6T6, STM32G411M8T3, STM32G411M8T6, STM32G411MBT3, STM32G411MBT6, STM32G411R6T3, STM32G411R6T6, STM32G411R8T3, STM32G411R8T6, STM32G411RBT3, STM32G411RBT6, STM32G414CBT3, STM32G414CBT6, STM32G414CBU3, STM32G414CBU6, STM32G414CCT3, STM32G414CCT6, STM32G414CCU3, STM32G414CCU6, STM32G414MBT3, STM32G414MBT6, STM32G414MCT3, STM32G414MCT6, STM32G414RBT3, STM32G414RBT6, STM32G414RCT3, STM32G414RCT6, STM32G414VBT3, STM32G414VBT6, STM32G414VCT3, STM32G414VCT6, STM32G431CBT3Z, STM32G431RBT3Z, STM32G471CCT6, STM32G471CCU6, STM32G471CET3, STM32G471CET6, STM32G471CEU3, STM32G471CEU6, STM32G471MCT6, STM32G471MET3, STM32G471MET6, STM32G471MEY6TR, STM32G471QCT6, STM32G471QET3, STM32G471RCT6, STM32G471RET3, STM32G471RET6, STM32G471VCH6, STM32G471VCI6, STM32G471VCT6, STM32G471VEH3, STM32G471VEH6, STM32G471VEI3, STM32G471VEI6, STM32G471VET3, STM32G471VET6, STM32G473QET3Z, STM32G473RET3Z, STM32G474CCT6, STM32G491RET3Z, STM32H503CBT6, STM32H503CBU6, STM32H503EBY6TR, STM32H503KBU6, STM32H503RBT6, STM32H523CCT6, STM32H523CCU6, STM32H523CET6, STM32H523CEU6, STM32H523HEY6TR, STM32H523RCT6, STM32H523RET6, STM32H523VCI6, STM32H523VCT6, STM32H523VEI6, STM32H523VET6, STM32H523ZCJ6, STM32H523ZCT6, STM32H523ZEJ6, STM32H523ZET6, STM32H533CET6, STM32H533CEU6, STM32H533HEY6TR, STM32H533RET6, STM32H533VEI6, STM32H533VET6, STM32H533ZEJ6, STM32H533ZET6, STM32H562AGI6, STM32H562AII6, STM32H562IGK6, STM32H562IGT6, STM32H562IIK6, STM32H562IIT6, STM32H562RGT6, STM32H562RGV6, STM32H562RIT6, STM32H562RIV6, STM32H562VGT6, STM32H562VIT6, STM32H562ZGT6, STM32H562ZIT6, STM32H563AGI6, STM32H563AII3Q, STM32H563AII6, STM32H563IGK6, STM32H563IGT6, STM32H563IIK3Q, STM32H563IIK6, STM32H563IIT3Q, STM32H563IIT6, STM32H563MIY3QTR, STM32H563RGT6, STM32H563RGV6, STM32H563RIT6, STM32H563RIV6, STM32H563VGT6, STM32H563VIT3Q, STM32H563VIT6, STM32H563ZGT6, STM32H563ZIT3Q, STM32H563ZIT6, STM32H573AII3Q, STM32H573AII6, STM32H573I-DK, STM32H573IIK3Q, STM32H573IIK6, STM32H573IIT3Q, STM32H573IIT6, STM32H573MIY3QTR, STM32H573RIT6, STM32H573RIV6, STM32H573VIT3Q, STM32H573VIT6, STM32H573ZIT3Q, STM32H573ZIT6, STM32H7R3A8I6, STM32H7R3I8K6, STM32H7R3I8T6, STM32H7R3L8H6, STM32H7R3L8H6H, STM32H7R3R8V6, STM32H7R3V8H6, STM32H7R3V8T6, STM32H7R3V8Y6TR, STM32H7R3Z8J6, STM32H7R3Z8T6, STM32H7R7A8I6, STM32H7R7I8K6, STM32H7R7I8T6, STM32H7R7L8H6, STM32H7R7L8H6H, STM32H7R7Z8J6, STM32H7S3A8I6, STM32H7S3I8K6, STM32H7S3I8T6, STM32H7S3L8H6, STM32H7S3L8H6H, STM32H7S3R8V6, STM32H7S3V8H6, STM32H7S3V8T6, STM32H7S3V8Y6TR, STM32H7S3Z8J6, STM32H7S3Z8T6, STM32H7S78-DK, STM32H7S7A8I6, STM32H7S7I8K6, STM32H7S7I8T6, STM32H7S7L8H6, STM32H7S7L8H6H, STM32H7S7Z8J6, STM32L4R5QGI6STR, STM32MP131AAE3, STM32MP131AAF3, STM32MP131AAG3, STM32MP131CAE3, STM32MP131CAF3, STM32MP131CAG3, STM32MP131DAE7, STM32MP131DAF7, STM32MP131DAG7, STM32MP131FAE7, STM32MP131FAF7, STM32MP131FAG7, STM32MP133AAE3, STM32MP133AAF3, STM32MP133AAG3, STM32MP133CAE3, STM32MP133CAF3, STM32MP133CAG3, STM32MP133DAE7, STM32MP133DAF7, STM32MP133DAG7, STM32MP133FAE7, STM32MP133FAF7, STM32MP133FAG7, STM32MP135AAE3, STM32MP135AAF3, STM32MP135AAG3, STM32MP135CAE3, STM32MP135CAF3, STM32MP135CAG3, STM32MP135DAE7, STM32MP135DAF7, STM32MP135DAG7, STM32MP135F-DK, STM32MP135FAE7, STM32MP135FAF7, STM32MP135FAF7T, STM32MP135FAF7U, STM32MP135FAG7, STM32MP211AAL3, STM32MP211AAM3, STM32MP211AAN3, STM32MP211AAO3, STM32MP211CAL3, STM32MP211CAM3, STM32MP211CAN3, STM32MP211CAO3, STM32MP211DAL3, STM32MP211DAM3, STM32MP211DAN3, STM32MP211DAO3, STM32MP211FAL3, STM32MP211FAM3, STM32MP211FAN3, STM32MP211FAO3, STM32MP213AAL3, STM32MP213AAM3, STM32MP213AAN3, STM32MP213AAO3, STM32MP213CAL3, STM32MP213CAM3, STM32MP213CAN3, STM32MP213CAO3, STM32MP213DAL3, STM32MP213DAM3, STM32MP213DAN3, STM32MP213DAO3, STM32MP213FAL3, STM32MP213FAM3, STM32MP213FAN3, STM32MP213FAO3, STM32MP215AAL3, STM32MP215AAM3, STM32MP215AAN3, STM32MP215AAO3, STM32MP215CAL3, STM32MP215CAM3, STM32MP215CAN3, STM32MP215CAO3, STM32MP215DAL3, STM32MP215DAM3, STM32MP215DAN3, STM32MP215DAO3, STM32MP215F-DK, STM32MP215FAL3, STM32MP215FAM3, STM32MP215FAN3, STM32MP215FAO3, STM32MP231AAJ3, STM32MP231AAK3, STM32MP231AAL3, STM32MP231CAJ3, STM32MP231CAK3, STM32MP231CAL3, STM32MP231DAJ3, STM32MP231DAK3, STM32MP231DAL3, STM32MP231FAJ3, STM32MP231FAK3, STM32MP231FAL3, STM32MP233AAJ3, STM32MP233AAK3, STM32MP233AAL3, STM32MP233CAJ3, STM32MP233CAK3, STM32MP233CAL3, STM32MP233DAJ3, STM32MP233DAK3, STM32MP233DAL3, STM32MP233FAJ3, STM32MP233FAK3, STM32MP233FAL3, STM32MP235AAJ3, STM32MP235AAK3, STM32MP235AAL3, STM32MP235CAJ3, STM32MP235CAK3, STM32MP235CAL3, STM32MP235DAJ3, STM32MP235DAK3, STM32MP235DAL3, STM32MP235FAJ3, STM32MP235FAK3, STM32MP235FAL3, STM32MP251AAI3, STM32MP251AAK3, STM32MP251AAL3, STM32MP251CAI3, STM32MP251CAK3, STM32MP251CAL3, STM32MP251DAI3, STM32MP251DAK3, STM32MP251DAL3, STM32MP251FAI3, STM32MP251FAK3, STM32MP251FAL3, STM32MP253AAI3, STM32MP253AAK3, STM32MP253AAL3, STM32MP253CAI3, STM32MP253CAK3, STM32MP253CAL3, STM32MP253DAI3, STM32MP253DAK3, STM32MP253DAL3, STM32MP253FAI3, STM32MP253FAK3, STM32MP253FAL3, STM32MP255AAI3, STM32MP255AAK3, STM32MP255AAL3, STM32MP255CAI3, STM32MP255CAK3, STM32MP255CAL3, STM32MP255DAI3, STM32MP255DAK3, STM32MP255DAL3, STM32MP255FAI3, STM32MP255FAK3, STM32MP255FAL3, STM32MP257AAI3, STM32MP257AAK3, STM32MP257AAL3, STM32MP257CAI3, STM32MP257CAK3, STM32MP257CAL3, STM32MP257DAI3, STM32MP257DAK3, STM32MP257DAL3, STM32MP257F-DK, STM32MP257F-EV1, STM32MP257FAI3, STM32MP257FAK3, STM32MP257FAL3, STM32N645A0H3Q, STM32N645B0H3Q, STM32N645I0H3Q, STM32N645L0H3Q, STM32N645X0H3Q, STM32N645Z0H3Q, STM32N647A0H3Q, STM32N647B0H3Q, STM32N647I0H3Q, STM32N647L0H3Q, STM32N647X0H3Q, STM32N647Z0H3Q, STM32N655A0H3Q, STM32N655B0H3Q, STM32N655I0H3Q, STM32N655L0H3Q, STM32N655X0H3Q, STM32N655Z0H3Q, STM32N6570-DK, STM32N657A0H3Q, STM32N657B0H3Q, STM32N657I0H3Q, STM32N657L0H3Q, STM32N657X0H3Q, STM32N657Z0H3Q, STM32U031C6T6, STM32U031C6U6, STM32U031C8T6, STM32U031C8U6, STM32U031F4P6, STM32U031F6P6, STM32U031F8P6, STM32U031G6Y6TR, STM32U031G8Y6TR, STM32U031K4U6, STM32U031K6U6, STM32U031K8U6, STM32U031R6I6, STM32U031R6T6, STM32U031R8I6, STM32U031R8T6, STM32U073C8T6, STM32U073C8U6, STM32U073CBT6, STM32U073CBU6, STM32U073CCT6, STM32U073CCU6, STM32U073H8Y6TR, STM32U073HBY6TR, STM32U073HCY6TR, STM32U073K8U6, STM32U073KBU6, STM32U073KCU6, STM32U073M8I6, STM32U073M8T6, STM32U073MBI6, STM32U073MBT6, STM32U073MCI6, STM32U073MCT6, STM32U073R8I6, STM32U073R8T6, STM32U073RBI6, STM32U073RBT6, STM32U073RCI6, STM32U073RCT6, STM32U083C-DK, STM32U083CCT6, STM32U083CCU6, STM32U083HCY6TR, STM32U083KCU6, STM32U083MCI6, STM32U083MCT6, STM32U083RCI6, STM32U083RCT6, STM32U375CET6, STM32U375CET6Q, STM32U375CEU6, STM32U375CEU6Q, STM32U375CEY6QTR, STM32U375CGT6, STM32U375CGT6Q, STM32U375CGU6, STM32U375CGU6Q, STM32U375CGY6QTR, STM32U375KEU6, STM32U375KGU6, STM32U375REI6, STM32U375REI6Q, STM32U375RET6, STM32U375RET6Q, STM32U375REY6GTR, STM32U375REY6QTR, STM32U375RGI6, STM32U375RGI6Q, STM32U375RGT6, STM32U375RGT6Q, STM32U375RGY6GTR, STM32U375RGY6QTR, STM32U375VEI6, STM32U375VEI6Q, STM32U375VET6, STM32U375VET6Q, STM32U375VGI6, STM32U375VGI6Q, STM32U375VGT6, STM32U375VGT6Q, STM32U385CGT6, STM32U385CGT6Q, STM32U385CGU6, STM32U385CGU6Q, STM32U385CGY6QTR, STM32U385KGU6, STM32U385RGI6, STM32U385RGI6Q, STM32U385RGT6, STM32U385RGT6Q, STM32U385RGY6GTR, STM32U385RGY6QTR, STM32U385VGI6, STM32U385VGI6Q, STM32U385VGT6, STM32U385VGT6Q, STM32U535CBT6, STM32U535CBT6Q, STM32U535CBU6, STM32U535CBU6Q, STM32U535CCT6, STM32U535CCT6Q, STM32U535CCU6, STM32U535CCU6Q, STM32U535CET6, STM32U535CET6Q, STM32U535CEU6, STM32U535CEU6Q, STM32U535JEY6QTR, STM32U535NCY6QTR, STM32U535NEY6QTR, STM32U535RBI6, STM32U535RBI6Q, STM32U535RBT6, STM32U535RBT6Q, STM32U535RCI6, STM32U535RCI6Q, STM32U535RCT6, STM32U535RCT6Q, STM32U535REI6, STM32U535REI6Q, STM32U535RET6, STM32U535RET6Q, STM32U535VCI6, STM32U535VCI6Q, STM32U535VCT6, STM32U535VCT6Q, STM32U535VEI6, STM32U535VEI6Q, STM32U535VET6, STM32U535VET6Q, STM32U545CET6, STM32U545CET6Q, STM32U545CEU6, STM32U545CEU6Q, STM32U545JEY6QTR, STM32U545NEY6QTR, STM32U545REI6, STM32U545REI6Q, STM32U545RET6, STM32U545RET6Q, STM32U545VEI6, STM32U545VEI6Q, STM32U545VET6, STM32U545VET6Q, STM32U595AIH6, STM32U595AIH6Q, STM32U595AJH6, STM32U595AJH6Q, STM32U595QII6, STM32U595QII6Q, STM32U595QJI6, STM32U595QJI6Q, STM32U595RIT6, STM32U595RIT6Q, STM32U595RJT6, STM32U595RJT6Q, STM32U595VIT6, STM32U595VIT6Q, STM32U595VJT6, STM32U595VJT6Q, STM32U595ZIT6, STM32U595ZIT6Q, STM32U595ZIY6QTR, STM32U595ZJT6, STM32U595ZJT6Q, STM32U595ZJY6QTR, STM32U599BJY6QTR, STM32U599NIH6Q, STM32U599NJH6Q, STM32U599VIT6Q, STM32U599VJT6, STM32U599VJT6Q, STM32U599ZIT6Q, STM32U599ZIY6QTR, STM32U599ZJT6Q, STM32U599ZJY6QTR, STM32U5A5AJH6, STM32U5A5AJH6Q, STM32U5A5QII3Q , STM32U5A5QJI6, STM32U5A5QJI6Q, STM32U5A5RJT6, STM32U5A5RJT6Q, STM32U5A5VJT6, STM32U5A5VJT6Q, STM32U5A5ZJT6, STM32U5A5ZJT6Q, STM32U5A5ZJY6QTR, STM32U5A9BJY6QTR, STM32U5A9J-DK, STM32U5A9NJH6Q, STM32U5A9VJT6Q, STM32U5A9ZJT6Q, STM32U5A9ZJY6QTR, STM32U5F7VIT6, STM32U5F7VIT6Q, STM32U5F7VJT6, STM32U5F7VJT6Q, STM32U5F9BJY6QTR, STM32U5F9NJH6Q, STM32U5F9VIT6Q, STM32U5F9VJT6Q, STM32U5F9ZIJ6QTR, STM32U5F9ZIT6Q, STM32U5F9ZJJ6QTR, STM32U5F9ZJT6Q, STM32U5G7VJT6, STM32U5G7VJT6Q, STM32U5G9BJY6QTR, STM32U5G9J-DK1, STM32U5G9J-DK2, STM32U5G9NJH6Q, STM32U5G9VJT6Q, STM32U5G9ZJJ6QTR, STM32U5G9ZJT6Q, STM32WB05KZV6TR, STM32WB05KZV7TR, STM32WB05TZF6TR, STM32WB05TZF7TR, STM32WB06CCF6TR, STM32WB06CCF7TR, STM32WB06CCV6TR, STM32WB06CCV7TR, STM32WB06KCV6TR, STM32WB06KCV7TR, STM32WB07CCF6TR, STM32WB07CCF7TR, STM32WB07CCV6TR, STM32WB07CCV7TR, STM32WB07KCV6TR, STM32WB07KCV7TR, STM32WB09KEV6TR, STM32WB09KEV7TR, STM32WB09TEF6TR, STM32WB09TEF7TR, STM32WB1MMCH6, STM32WBA50KGU6, STM32WBA50KGU6TR, STM32WBA52CEU6, STM32WBA52CEU6TR, STM32WBA52CEU7, STM32WBA52CEU7TR, STM32WBA52CGU6, STM32WBA52CGU6TR, STM32WBA52CGU6U, STM32WBA52CGU7, STM32WBA52CGU7TR, STM32WBA52KEU6, STM32WBA52KEU6TR, STM32WBA52KGU6, STM32WBA52KGU6TR, STM32WBA54CEU6, STM32WBA54CEU6TR, STM32WBA54CEU7, STM32WBA54CEU7TR, STM32WBA54CGU6, STM32WBA54CGU6TR, STM32WBA54CGU7, STM32WBA54CGU7TR, STM32WBA54KEU6, STM32WBA54KEU6TR, STM32WBA54KEU7, STM32WBA54KEU7TR, STM32WBA54KGU6, STM32WBA54KGU6TR, STM32WBA54KGU7, STM32WBA54KGU7TR, STM32WBA55CEU6, STM32WBA55CEU6TR, STM32WBA55CEU7, STM32WBA55CEU7TR, STM32WBA55CGU6, STM32WBA55CGU6TR, STM32WBA55CGU6U, STM32WBA55CGU7, STM32WBA55CGU7TR, STM32WBA55G-DK1, STM32WBA55HEF6, STM32WBA55HEF7, STM32WBA55HGF6, STM32WBA55HGF7, STM32WBA55UEI6, STM32WBA55UEI6TR, STM32WBA55UEI7, STM32WBA55UEI7TR, STM32WBA55UGI6, STM32WBA55UGI6TR, STM32WBA55UGI7, STM32WBA55UGI7TR, STM32WBA5MMGH6TR, STM32WBA62MGF6, STM32WBA62MIF6, STM32WBA65MGF7, STM32WBA65MIF6, STM32WBA65MIF7, STM32WL30K8V6, STM32WL30KBV6, STM32WL31C8V6, STM32WL31CBV6, STM32WL31K8V6, STM32WL31KBV6, STM32WL33C8V6, STM32WL33C8V6X, STM32WL33CBV6, STM32WL33CBV6X, STM32WL33CCV6, STM32WL33CCV6A, STM32WL33CCV6X, STM32WL33K8V7, STM32WL33K8V7X, STM32WL33KBV7 , STM32WL33KBV7X, STM32WL33KCV7, STM32WL33KCV7X, STM32WL5MOCH6, STM32WL5MOCH6TR]
2025-11-27 18:44:39,697 [INFO] BoardInfo:889 - No configuration file found for board P-NUCLEO-WB55
2025-11-27 18:44:39,699 [INFO] DbBoards:161 - Kit is not supported: P-NUCLEO-WB55
2025-11-27 18:44:39,713 [INFO] BoardInfo:889 - No configuration file found for board STEVAL-BFA001V1B
2025-11-27 18:44:39,715 [INFO] DbBoards:161 - Kit is not supported: STEVAL-BFA001V1B
2025-11-27 18:44:39,717 [INFO] BoardInfo:889 - No configuration file found for board STEVAL-BFA001V2B
2025-11-27 18:44:39,719 [INFO] DbBoards:161 - Kit is not supported: STEVAL-BFA001V2B
2025-11-27 18:44:40,197 [INFO] DbBoards:168 - Found 212 boards, 209 are supported
2025-11-27 18:44:40,197 [INFO] DbBoards:169 - Found 212 boards, 43 of them is supported for  Bsp
2025-11-27 18:44:40,203 [INFO] ApiDb:423 - Load user favorites file C:\Users\augus/.stm32cubeide/favorites.boards.txt: 1 item(s)
2025-11-27 18:44:40,203 [INFO] ApiDb:427 - User favorites Boards=[NUCLEO-L476RG]
2025-11-27 18:44:40,203 [INFO] DbBoards:198 - Set 1 / 1 favorites Boards
2025-11-27 18:44:40,203 [INFO] McuFinderGlobals:76 - Set McuFinderConnectedMode to true
2025-11-27 18:44:40,215 [INFO] MultiScanPanel:200 - Auto-refresh data requested => check proxy status ongoing
2025-11-27 18:44:40,219 [INFO] FinderPluginLoader:96 - Searching for filters in installed packs
2025-11-27 18:44:41,983 [INFO] LoadUrlFilesThread:185 - End of LoadServerUrlFiles without Thread
2025-11-27 18:44:42,030 [INFO] DetailPanel:341 - Set advertising image to C:/Users/augus/STM32Cube/Repository/\en.mcu-finder-preevent.jpg
2025-11-27 18:44:47,623 [INFO] MultiScanPanel:200 - Auto-refresh data requested => check proxy status ongoing
2025-11-27 18:44:47,821 [INFO] LoadUrlFilesThread:185 - End of LoadServerUrlFiles without Thread
2025-11-27 18:44:47,821 [INFO] DetailPanel:341 - Set advertising image to C:/Users/augus/STM32Cube/Repository/\en.mcu-finder-preevent.jpg
2025-11-27 18:44:47,840 [INFO] DbBoards:642 - Loading board mini-images...
2025-11-27 18:44:50,446 [ERROR] DbBoards:659 - Image file not found for board STM32MP215F-DK: C:\Users\augus\.stmcufinder\plugins\mcufinder//mcu//boards_images/STM32MP215F-DK.jpg
2025-11-27 18:44:50,577 [INFO] DbBoards:665 - Loaded 211 board mini-images
2025-11-27 18:46:01,533 [INFO] MainUpdater:2872 - connection check result : 10
2025-11-27 18:46:01,533 [INFO] MainUpdater:2872 - connection check result : 10
2025-11-27 18:46:01,569 [INFO] MicroXplorer:468 - Change Database Path : 
2025-11-27 18:46:01,570 [INFO] MicroXplorer:498 - Change Database Version : DB.6.0.150
2025-11-27 18:46:01,580 [WARN] ThirdParty:871 - waiting for thirdparty lock release [close project]
2025-11-27 18:46:01,580 [INFO] ThirdParty:873 - entering critical section [close project]
2025-11-27 18:46:01,585 [INFO] ThirdParty:883 - exiting critical section [close project]
2025-11-27 18:46:01,598 [INFO] PinOutPanel:1589 - setPackage(No Configuration,No Configuration)
2025-11-27 18:46:01,605 [INFO] UtilMem:75 - Begin LoadConfig() Used Memory: 667385968 Bytes (1073741824)
2025-11-27 18:46:01,624 [INFO] OpenFileManager:355 - Change cursor
2025-11-27 18:46:01,697 [INFO] ProjectFactory:514 - No CPN specified for board NUCLEO-L476RG => set CPN to STM32L476RGT3
2025-11-27 18:46:01,699 [INFO] Mcu:2029 - Initializing MCU STM32L476R(C-E-G)Tx STM32L476RGTx STM32L476RGT3
2025-11-27 18:46:05,937 [INFO] Context:786 - Trying to add GPIOservice into a context  which must be forbidden
2025-11-27 18:46:07,081 [INFO] Rule:233 - rule 117617 - U5Cobra4M][GTZC] default value MPCBB3 and MPCBB5 - Not Secured memory - MPCBB1 is applicable
2025-11-27 18:46:07,081 [INFO] Rule:233 - rule 117617 - U5Cobra4M][GTZC] default value MPCBB3 and MPCBB5 - Not Secured memory - MPCBB1 is applicable
2025-11-27 18:46:07,081 [INFO] Rule:233 - rule 117617 - U5Cobra4M][GTZC] default value MPCBB3 and MPCBB5 - Not Secured memory - MPCBB2 is applicable
2025-11-27 18:46:07,081 [INFO] Rule:233 - rule 117617 - U5Cobra4M][GTZC] default value MPCBB3 and MPCBB5 - Not Secured memory - MPCBB2 is applicable
2025-11-27 18:46:07,081 [INFO] Rule:233 - rule 117617 - U5Cobra4M][GTZC] default value MPCBB3 and MPCBB5 - Not Secured memory - MPCBB3 is applicable
2025-11-27 18:46:07,081 [INFO] Rule:233 - rule 117617 - U5Cobra4M][GTZC] default value MPCBB3 and MPCBB5 - Not Secured memory - MPCBB3 is applicable
2025-11-27 18:46:07,082 [INFO] Rule:233 - rule 117617 - U5Cobra4M][GTZC] default value MPCBB3 and MPCBB5 - Not Secured memory - MPCBB4 is applicable
2025-11-27 18:46:07,082 [INFO] Rule:233 - rule 117617 - U5Cobra4M][GTZC] default value MPCBB3 and MPCBB5 - Not Secured memory - MPCBB4 is applicable
2025-11-27 18:46:07,082 [INFO] Rule:233 - rule 117617 - U5Cobra4M][GTZC] default value MPCBB3 and MPCBB5 - Secured memory - MPCBB1 is applicable
2025-11-27 18:46:07,082 [INFO] Rule:233 - rule 117617 - U5Cobra4M][GTZC] default value MPCBB3 and MPCBB5 - Secured memory - MPCBB2 is applicable
2025-11-27 18:46:07,082 [INFO] Rule:233 - rule 117617 - U5Cobra4M][GTZC] default value MPCBB3 and MPCBB5 - Secured memory - MPCBB3 is applicable
2025-11-27 18:46:07,083 [INFO] Rule:233 - rule 117617 - U5Cobra4M][GTZC] default value MPCBB3 and MPCBB5 - Secured memory - MPCBB4 is applicable
2025-11-27 18:46:07,083 [INFO] Rule:233 - rule 117617 - U5Cobra4M][GTZC] default value MPCBB3 and MPCBB5 - Privileged memory - MPCBB1 is applicable
2025-11-27 18:46:07,083 [INFO] Rule:233 - rule 117617 - U5Cobra4M][GTZC] default value MPCBB3 and MPCBB5 - Privileged memory - MPCBB2 is applicable
2025-11-27 18:46:07,084 [INFO] Rule:233 - rule 117617 - U5Cobra4M][GTZC] default value MPCBB3 and MPCBB5 - Privileged memory - MPCBB3 is applicable
2025-11-27 18:46:07,084 [INFO] Rule:233 - rule 117617 - U5Cobra4M][GTZC] default value MPCBB3 and MPCBB5 - Privileged memory - MPCBB4 is applicable
2025-11-27 18:46:07,084 [INFO] Rule:233 - rule 117617 - U5Cobra4M][GTZC] default value MPCBB3 and MPCBB5 - Not Privileged memory - MPCBB1 is applicable
2025-11-27 18:46:07,084 [INFO] Rule:233 - rule 117617 - U5Cobra4M][GTZC] default value MPCBB3 and MPCBB5 - Not Privileged memory - MPCBB2 is applicable
2025-11-27 18:46:07,084 [INFO] Rule:233 - rule 117617 - U5Cobra4M][GTZC] default value MPCBB3 and MPCBB5 - Not Privileged memory - MPCBB3 is applicable
2025-11-27 18:46:07,084 [INFO] Rule:233 - rule 117617 - U5Cobra4M][GTZC] default value MPCBB3 and MPCBB5 - Not Privileged memory - MPCBB4 is applicable
2025-11-27 18:46:07,084 [INFO] Rule:233 - rule 117617 - U5Cobra4M][GTZC] default value MPCBB3 and MPCBB5 - Privileged memory - MPCBB1 is applicable
2025-11-27 18:46:07,084 [INFO] Rule:233 - rule 117617 - U5Cobra4M][GTZC] default value MPCBB3 and MPCBB5 - Privileged memory - MPCBB2 is applicable
2025-11-27 18:46:07,086 [INFO] Rule:233 - rule 117617 - U5Cobra4M][GTZC] default value MPCBB3 and MPCBB5 - Privileged memory - MPCBB3 is applicable
2025-11-27 18:46:07,086 [INFO] Rule:233 - rule 117617 - U5Cobra4M][GTZC] default value MPCBB3 and MPCBB5 - Privileged memory - MPCBB4 is applicable
2025-11-27 18:46:07,086 [INFO] Rule:233 - rule 117617 - U5Cobra4M][GTZC] default value MPCBB3 and MPCBB5 - Privileged memory - MPCBB1 is applicable
2025-11-27 18:46:07,086 [INFO] Rule:233 - rule 117617 - U5Cobra4M][GTZC] default value MPCBB3 and MPCBB5 - Privileged memory - MPCBB2 is applicable
2025-11-27 18:46:07,086 [INFO] Rule:233 - rule 117617 - U5Cobra4M][GTZC] default value MPCBB3 and MPCBB5 - Privileged memory - MPCBB3 is applicable
2025-11-27 18:46:07,087 [INFO] Rule:233 - rule 117617 - U5Cobra4M][GTZC] default value MPCBB3 and MPCBB5 - Privileged memory - MPCBB4 is applicable
2025-11-27 18:46:07,087 [INFO] Rule:233 - rule 117617 - U5Cobra4M][GTZC] default value MPCBB3 and MPCBB5 - Not Privileged memory - MPCBB1 is applicable
2025-11-27 18:46:07,087 [INFO] Rule:233 - rule 117617 - U5Cobra4M][GTZC] default value MPCBB3 and MPCBB5 - Not Privileged memory - MPCBB2 is applicable
2025-11-27 18:46:07,087 [INFO] Rule:233 - rule 117617 - U5Cobra4M][GTZC] default value MPCBB3 and MPCBB5 - Not Privileged memory - MPCBB3 is applicable
2025-11-27 18:46:07,087 [INFO] Rule:233 - rule 117617 - U5Cobra4M][GTZC] default value MPCBB3 and MPCBB5 - Not Privileged memory - MPCBB4 is applicable
2025-11-27 18:46:07,087 [INFO] Rule:233 - rule 117617 - U5Cobra4M][GTZC] default value MPCBB3 and MPCBB5 - Privileged memory - MPCBB1 is applicable
2025-11-27 18:46:07,087 [INFO] Rule:233 - rule 117617 - U5Cobra4M][GTZC] default value MPCBB3 and MPCBB5 - Privileged memory - MPCBB2 is applicable
2025-11-27 18:46:07,087 [INFO] Rule:233 - rule 117617 - U5Cobra4M][GTZC] default value MPCBB3 and MPCBB5 - Privileged memory - MPCBB3 is applicable
2025-11-27 18:46:07,087 [INFO] Rule:233 - rule 117617 - U5Cobra4M][GTZC] default value MPCBB3 and MPCBB5 - Privileged memory - MPCBB4 is applicable
2025-11-27 18:46:07,087 [INFO] Rule:233 - rule Rename SubGHz_Phy SUBGHZ_APPLICATION SUBGHZ_PINGPONG to SUBGHZ_ADV_APPLICATION is applicable
2025-11-27 18:46:07,088 [INFO] Rule:233 - rule Rename Enabled to IBEACON is applicable
2025-11-27 18:46:07,088 [INFO] Rule:233 - rule GTZC_S instance for project manager is applicable
2025-11-27 18:46:07,088 [INFO] Rule:233 - rule GTZC_S instance for context M33S is applicable
2025-11-27 18:46:07,088 [INFO] Rule:233 - rule GTZC_S instance value for IP GTZC is applicable
2025-11-27 18:46:07,088 [INFO] Rule:233 - rule GTZC_S instance for mcu.IP is applicable
2025-11-27 18:46:07,088 [INFO] Rule:233 - rule GTZC_S instance for VP is applicable
2025-11-27 18:46:07,088 [INFO] Rule:233 - rule GTZC_S instance for signal is applicable
2025-11-27 18:46:07,088 [INFO] Rule:233 - rule GTZC_S instance for mcu.Pin is applicable
2025-11-27 18:46:07,089 [INFO] Rule:233 - rule GTZC_S instance for VP is applicable
2025-11-27 18:46:07,089 [INFO] Rule:233 - rule GTZC_S instance for signal is applicable
2025-11-27 18:46:07,089 [INFO] Rule:233 - rule GTZC_S instance for mcu is applicable
2025-11-27 18:46:07,089 [INFO] Rule:233 - rule GTZC_S instance for mcu.Pin is applicable
2025-11-27 18:46:07,089 [INFO] Rule:233 - rule GTZC_S instance value for IP GTZC is applicable
2025-11-27 18:46:07,090 [INFO] Rule:233 - rule GTZC_S instance for project manager is applicable
2025-11-27 18:46:07,090 [INFO] Rule:233 - rule GTZC_S instance for context M33S is applicable
2025-11-27 18:46:07,090 [INFO] Rule:233 - rule GTZC_S instance for VP is applicable
2025-11-27 18:46:07,090 [INFO] Rule:233 - rule GTZC_S instance for signal is applicable
2025-11-27 18:46:07,090 [INFO] Rule:233 - rule SPDIFRX instance for mcu is applicable
2025-11-27 18:46:07,090 [INFO] Rule:233 - rule Rename Tracer Mode is applicable
2025-11-27 18:46:07,090 [INFO] Rule:233 - rule SPDIFRX instance value for IP SPDIFRX is applicable
2025-11-27 18:46:07,091 [INFO] Rule:233 - rule SPDIFRX instance for signal is applicable
2025-11-27 18:46:07,091 [INFO] Rule:233 - rule SPDIFRX instance for project manager is applicable
2025-11-27 18:46:07,091 [INFO] Rule:233 - rule SPDIFRX instance for project manager is applicable
2025-11-27 18:46:07,091 [INFO] Rule:233 - rule ADC Scan  fix with FW F7 is applicable
2025-11-27 18:46:07,091 [INFO] Rule:233 - rule ADC Scan  fix with FW F7 is applicable
2025-11-27 18:46:07,091 [INFO] Rule:233 - rule WakeUp0 Mode is applicable
2025-11-27 18:46:07,092 [INFO] Rule:233 - rule WakeUp0 SIGNAL is applicable
2025-11-27 18:46:07,092 [INFO] Rule:233 - rule WakeUp1 Mode is applicable
2025-11-27 18:46:07,092 [INFO] Rule:233 - rule WakeUp1 SIGNAL is applicable
2025-11-27 18:46:07,092 [INFO] Rule:233 - rule WakeUp2 Mode is applicable
2025-11-27 18:46:07,092 [INFO] Rule:233 - rule WakeUp2 SIGNAL is applicable
2025-11-27 18:46:07,092 [INFO] Rule:233 - rule WakeUp4 Mode is applicable
2025-11-27 18:46:07,092 [INFO] Rule:233 - rule WakeUp4 SIGNAL is applicable
2025-11-27 18:46:07,093 [INFO] Rule:233 - rule WakeUp5 Mode is applicable
2025-11-27 18:46:07,093 [INFO] Rule:233 - rule WakeUp5 SIGNAL is applicable
2025-11-27 18:46:07,093 [INFO] Rule:233 - rule Add RTC Activate Clock Source is applicable
2025-11-27 18:46:07,093 [INFO] Rule:233 - rule Add RTC Activate Calendar 1 is applicable
2025-11-27 18:46:07,093 [INFO] Rule:233 - rule Add RTC Activate Calendar 2 is applicable
2025-11-27 18:46:07,093 [INFO] Rule:233 - rule Add RTC Activate Calendar 3 is applicable
2025-11-27 18:46:07,093 [INFO] Rule:233 - rule UART/USART TX Mode is applicable
2025-11-27 18:46:07,093 [INFO] Rule:233 - rule UART/USART RX Mode is applicable
2025-11-27 18:46:07,094 [INFO] Rule:233 - rule UART/USART RX TX Mode is applicable
2025-11-27 18:46:07,094 [INFO] Rule:233 - rule UART/USART PARITY NONE is applicable
2025-11-27 18:46:07,094 [INFO] Rule:233 - rule UART/USART PARITY EVEN is applicable
2025-11-27 18:46:07,094 [INFO] Rule:233 - rule UART/USART PARITY ODD is applicable
2025-11-27 18:46:07,094 [INFO] Rule:233 - rule USART StopBits 1 is applicable
2025-11-27 18:46:07,094 [INFO] Rule:233 - rule USART StopBits 2 is applicable
2025-11-27 18:46:07,094 [INFO] Rule:233 - rule USART StopBits 1.5 is applicable
2025-11-27 18:46:07,094 [INFO] Rule:233 - rule USART StopBits 0.5 is applicable
2025-11-27 18:46:07,095 [INFO] Rule:233 - rule UART/USART WORD LENGTH 7 is applicable
2025-11-27 18:46:07,095 [INFO] Rule:233 - rule UART/USART WORD LENGTH 8 is applicable
2025-11-27 18:46:07,095 [INFO] Rule:233 - rule UART/USART WORD LENGTH 9 is applicable
2025-11-27 18:46:07,095 [INFO] Rule:233 - rule Rename FMC NAND NCE signal is applicable
2025-11-27 18:46:07,095 [INFO] Rule:233 - rule Rename FMC NAND INT signal is applicable
2025-11-27 18:46:07,095 [INFO] Rule:233 - rule Change Default Value for LSE Drive Capability for WB family is applicable
2025-11-27 18:46:07,095 [INFO] Rule:233 - rule Change Default Value for ADC Clock Prescaler G0 family is applicable
2025-11-27 18:46:07,095 [INFO] Rule:233 - rule Change Default Value for ADC ExternalTrigConv L4 family is applicable
2025-11-27 18:46:07,095 [INFO] Rule:233 - rule Change Default Value for ADC ExternalTrigInjecConv L4 family is applicable
2025-11-27 18:46:07,095 [INFO] Rule:233 - rule Change Default Value for ADC ExternalTrigConv F3 family is applicable
2025-11-27 18:46:07,095 [INFO] Rule:233 - rule Change Default Value for ADC ExternalTrigInjecConv F3 family is applicable
2025-11-27 18:46:07,096 [INFO] Rule:233 - rule Change Default Value for ADC ExternalTrigConv Goldfish serie is applicable
2025-11-27 18:46:07,096 [INFO] Rule:233 - rule Change Default Value for ADC ExternalTrigInjecConv Goldfish serie is applicable
2025-11-27 18:46:07,096 [INFO] Rule:233 - rule Change Default Value for ADC ExternalTrigConv L0 family is applicable
2025-11-27 18:46:07,096 [INFO] Rule:233 - rule Change Default Value for ADC ExternalTrigConv F0 family is applicable
2025-11-27 18:46:07,096 [INFO] Rule:233 - rule Change Default Value for ADC ExternalTrigConvn L1 family is applicable
2025-11-27 18:46:07,096 [INFO] Rule:233 - rule Change Default Value for ADC ExternalTrigInjecConv L1 family is applicable
2025-11-27 18:46:07,096 [INFO] Rule:233 - rule Change Default Value for ADC ExternalTrigConv F1 family is applicable
2025-11-27 18:46:07,096 [INFO] Rule:233 - rule Change Default Value for ADC ExternalTrigInjecConv F1 family is applicable
2025-11-27 18:46:07,097 [INFO] Rule:233 - rule Change Default Value for ADC ExternalTrigConv F7 family is applicable
2025-11-27 18:46:07,097 [INFO] Rule:233 - rule Change Default Value for ADC ExternalTrigInjecConv F7 family is applicable
2025-11-27 18:46:07,097 [INFO] Rule:233 - rule Change Default Value for ADC ExternalTrigConv F4 and F2 family is applicable
2025-11-27 18:46:07,097 [INFO] Rule:233 - rule Change Default Value for ADC ExternalTrigInjecConv F4 and F2 family is applicable
2025-11-27 18:46:07,097 [INFO] Rule:233 - rule ADC SamplingTime fix with FW L0  is applicable
2025-11-27 18:46:07,097 [INFO] Rule:233 - rule ADC SamplingTime fix with FW L0  is applicable
2025-11-27 18:46:07,097 [INFO] Rule:233 - rule ADC SamplingTime fix with FW L0 is applicable
2025-11-27 18:46:07,097 [INFO] Rule:233 - rule ADC SamplingTime fix with FW L0 is applicable
2025-11-27 18:46:07,098 [INFO] Rule:233 - rule ADC SamplingTime fix with FW L0  is applicable
2025-11-27 18:46:07,098 [INFO] Rule:233 - rule ADC SamplingTime fix with FW L0 is applicable
2025-11-27 18:46:07,098 [INFO] Rule:233 - rule Rename USB_OE Signal is applicable
2025-11-27 18:46:07,098 [INFO] Rule:233 - rule Rename Activate_OE Mode is applicable
2025-11-27 18:46:07,098 [INFO] Rule:233 - rule Rename DIE462/DIE415 pin PC14/OSC32_IN -> PC14-OSC32_IN (PC14) is applicable
2025-11-27 18:46:07,098 [INFO] Rule:233 - rule Rename DIE462/DIE415 pin PC15/OSC32_OUT -> PC15-OSC32_OUT (PC15) is applicable
2025-11-27 18:46:07,098 [INFO] Rule:233 - rule Rename DIE462/DIE415 pin PH0/OSC_IN -> PH0-OSC_IN (PH0) is applicable
2025-11-27 18:46:07,099 [INFO] Rule:233 - rule Rename DIE462/DIE415 pin PH1/OSC_OUT -> PH1-OSC_OUT (PH1) is applicable
2025-11-27 18:46:07,099 [INFO] Rule:233 - rule Rename DIE462 pin PA13 -> PA13 (JTMS/SWDIO) is applicable
2025-11-27 18:46:07,099 [INFO] Rule:233 - rule Rename DIE415 pin PA13 -> PA13 (JTMS/SWDIO) is applicable
2025-11-27 18:46:07,099 [INFO] Rule:233 - rule Rename DIE462 pin PA14 -> PA14 (JTCK/SWCLK) is applicable
2025-11-27 18:46:07,099 [INFO] Rule:233 - rule Rename DIE415 pin PA14 -> PA14 (JTCK/SWCLK) is applicable
2025-11-27 18:46:07,100 [INFO] Rule:233 - rule Rename DIE462/DIE415 pin PA15 -> PA15 (JTDI) is applicable
2025-11-27 18:46:07,100 [INFO] Rule:233 - rule Rename DIE462 pin PB3 -> PB3 (JTD0/TRACESWO) is applicable
2025-11-27 18:46:07,100 [INFO] Rule:233 - rule Rename DIE415 pin PB3 -> PB3 (JTD0-TRACESWO) is applicable
2025-11-27 18:46:07,100 [INFO] Rule:233 - rule Rename DIE462/DIE415 pin PB4 -> PB4 (NJTRST) is applicable
2025-11-27 18:46:07,101 [INFO] Rule:233 - rule Rename DIE462 pin PH3/BOOT0 -> PH3-BOOT0 (BOOT0) is applicable
2025-11-27 18:46:07,101 [INFO] Rule:233 - rule Rename CRYP DataEncryptionTypesList to Algorithm is applicable
2025-11-27 18:46:07,101 [INFO] Rule:233 - rule Rename AES DataEncryptionTypesList to Algorithm is applicable
2025-11-27 18:46:07,101 [INFO] Rule:233 - rule Rename TDESECB to CRYP_TDES_ECB is applicable
2025-11-27 18:46:07,101 [INFO] Rule:233 - rule Rename TDESCBC to CRYP_TDES_CBC is applicable
2025-11-27 18:46:07,101 [INFO] Rule:233 - rule Rename DESECB to CRYP_DES_ECB is applicable
2025-11-27 18:46:07,101 [INFO] Rule:233 - rule Rename DESCBC to CRYP_DES_CBC is applicable
2025-11-27 18:46:07,101 [INFO] Rule:233 - rule Rename AESECB to CRYP_AES_ECB is applicable
2025-11-27 18:46:07,101 [INFO] Rule:233 - rule Rename AESCBC to CRYP_AES_CBC is applicable
2025-11-27 18:46:07,101 [INFO] Rule:233 - rule Rename AESCTR to CRYP_AES_CTR is applicable
2025-11-27 18:46:07,103 [INFO] Rule:233 - rule Rename AESGCM to CRYP_AES_GCM is applicable
2025-11-27 18:46:07,103 [INFO] Rule:233 - rule Rename AESCCM to CRYP_AES_CCM is applicable
2025-11-27 18:46:07,103 [INFO] Rule:233 - rule Rename CAN TimeSeg1 to BS1 is applicable
2025-11-27 18:46:07,103 [INFO] Rule:233 - rule Rename CAN TimeSeg2 to BS2 is applicable
2025-11-27 18:46:07,103 [INFO] Rule:233 - rule Rename CAN SyncJumpWidth to SJW is applicable
2025-11-27 18:46:07,103 [INFO] Rule:233 - rule TimeTriggeredMode to TTCM is applicable
2025-11-27 18:46:07,103 [INFO] Rule:233 - rule Rename CAN AutoBusOff to ABOM is applicable
2025-11-27 18:46:07,103 [INFO] Rule:233 - rule Rename CAN AutoWakeUp to AWUM is applicable
2025-11-27 18:46:07,104 [INFO] Rule:233 - rule Rename CAN AutoRetransmission to NART is applicable
2025-11-27 18:46:07,104 [INFO] Rule:233 - rule Rename CAN ReceiveFifoLocked to RFLM is applicable
2025-11-27 18:46:07,104 [INFO] Rule:233 - rule Rename CAN TransmitFifoPriority to TXFP is applicable
2025-11-27 18:46:07,104 [INFO] Rule:233 - rule Rename HRTIMER HRTIM_OUTPUTFAULTLEVEL_HIGH in HRTIMER HRTIM_OUTPUTFAULTLEVEL_HIGHZ is applicable
2025-11-27 18:46:07,104 [INFO] Rule:233 - rule Rename TIMER TIM_CLEARINPUTSOURCE_OCREFCLR in  TIMER TIM_CLEARINPUTSOURCE_NONE for F7 family is applicable
2025-11-27 18:46:07,104 [INFO] Rule:233 - rule FDCAN_R1 - Rename FDCAN mode Master into Classic is applicable
2025-11-27 18:46:07,104 [INFO] Rule:233 - rule FDCAN_R2 - Rename FDCAN mode Slave into Classic is applicable
2025-11-27 18:46:07,104 [INFO] Rule:233 - rule FDCAN1_R3 - if PA10.Mode=FullDuplex, add Pin PA12 is applicable
2025-11-27 18:46:07,104 [INFO] Rule:233 - rule FDCAN1_R3 - if PA9.Mode=FullDuplex, add Pin PA11 is applicable
2025-11-27 18:46:07,105 [INFO] Rule:233 - rule FDCAN1_R3 - Alternatepin_1 - if PE1.Mode=FullDuplex, add Pin PB9 is applicable
2025-11-27 18:46:07,105 [INFO] Rule:233 - rule FDCAN1_R3 - Alternatepin_1 - if PE0.Mode=FullDuplex, add Pin PB8 is applicable
2025-11-27 18:46:07,105 [INFO] Rule:233 - rule FDCAN1_R3 - Alternatepin_2 - if PD5.Mode=FullDuplex, add Pin PD1 is applicable
2025-11-27 18:46:07,106 [INFO] Rule:233 - rule FDCAN1_R3 - Alternatepin_2 - if PD4.Mode=FullDuplex, add Pin PD0 is applicable
2025-11-27 18:46:07,106 [INFO] Rule:233 - rule FDCAN1_R4 - Rename Mode FullDuplex into Enable FDCAN_TXFD for pin PA10 is applicable
2025-11-27 18:46:07,106 [INFO] Rule:233 - rule FDCAN1_R4 - Rename Mode FullDuplex into Enable FDCAN_TXFD for pin PA9 is applicable
2025-11-27 18:46:07,106 [INFO] Rule:233 - rule FDCAN1_R4 - Alternatepin_1 - Rename Mode FullDuplex into Enable FDCAN_TXFD for pin PE1 is applicable
2025-11-27 18:46:07,106 [INFO] Rule:233 - rule FDCAN1_R4 - Alternatepin_1 - Rename Mode FullDuplex into Enable FDCAN_TXFD for pin PE0 is applicable
2025-11-27 18:46:07,106 [INFO] Rule:233 - rule FDCAN1_R4 - Alternatepin_2 - Rename Mode FullDuplex into Enable FDCAN_TXFD for pin PD5 is applicable
2025-11-27 18:46:07,106 [INFO] Rule:233 - rule FDCAN1_R4 - Alternatepin_2 - Rename Mode FullDuplex into Enable FDCAN_TXFD for pin PD4 is applicable
2025-11-27 18:46:07,106 [INFO] Rule:233 - rule FDCAN2_R3 - if PD10.Mode=FullDuplex, add Pin PB13 is applicable
2025-11-27 18:46:07,106 [INFO] Rule:233 - rule FDCAN2_R3 - if PD9.Mode=FullDuplex, add Pin PB12 is applicable
2025-11-27 18:46:07,106 [INFO] Rule:233 - rule FDCAN2_R3 - Alternatepin_1 - if PB7.Mode=FullDuplex, add Pin PB6 is applicable
2025-11-27 18:46:07,107 [INFO] Rule:233 - rule FDCAN2_R3 - Alternatepin_1 - if PD9.Mode=FullDuplex, add Pin PB12 is applicable
2025-11-27 18:46:07,107 [INFO] Rule:233 - rule FDCAN2_R4 - Rename Mode FullDuplex into Enable FDCAN_TXFD for pin PD10 is applicable
2025-11-27 18:46:07,107 [INFO] Rule:233 - rule FDCAN2_R4 - Rename Mode FullDuplex into Enable FDCAN_TXFD for pin PD9 is applicable
2025-11-27 18:46:07,107 [INFO] Rule:233 - rule FDCAN2_R4 - Alternatepin_1 - Rename Mode FullDuplex into Enable FDCAN_TXFD for pin PB7 is applicable
2025-11-27 18:46:07,107 [INFO] Rule:233 - rule FDCAN2_R4 - Alternatepin_1 - Rename Mode FullDuplex into Enable FDCAN_TXFD for pin PD6 is applicable
2025-11-27 18:46:07,107 [INFO] Rule:233 - rule USART TxPinLevelInvertParam Mode is applicable
2025-11-27 18:46:07,107 [INFO] Rule:233 - rule USART RxPinLevelInvertParam Mode is applicable
2025-11-27 18:46:07,107 [INFO] Rule:233 - rule USART DataInvertParam Mode is applicable
2025-11-27 18:46:07,108 [INFO] Rule:233 - rule USART SwapParam Mode is applicable
2025-11-27 18:46:07,108 [INFO] Rule:233 - rule USART OverrunDisableParam Mode is applicable
2025-11-27 18:46:07,108 [INFO] Rule:233 - rule USART DMADisableonRxErrorParam Mode is applicable
2025-11-27 18:46:07,108 [INFO] Rule:233 - rule USART MSBFirstParam Mode is applicable
2025-11-27 18:46:07,108 [INFO] Rule:233 - rule Update MwName for USB_DEVICE is applicable
2025-11-27 18:46:07,108 [INFO] Rule:233 - rule Change PWR_Regulator_Voltage_Scale Default Value for RCC  H7 family is applicable
2025-11-27 18:46:07,108 [INFO] Rule:233 - rule UART/USART IPParameter rename Prescaler parameter to ClockPrescaler is applicable
2025-11-27 18:46:07,108 [INFO] Rule:233 - rule UART/USART Prescaler rename Prescaler parameter to ClockPrescaler is applicable
2025-11-27 18:46:07,108 [INFO] Rule:233 - rule TIM1CLockSelection is applicable
2025-11-27 18:46:07,109 [INFO] Rule:233 - rule TIM15CLockSelection is applicable
2025-11-27 18:46:07,109 [INFO] Rule:233 - rule align RCC SDMMC3CLockSelection default value on MP1 is applicable
2025-11-27 18:46:07,109 [INFO] Rule:233 - rule align RCC SDMMC12CLockSelection default value on MP1 is applicable
2025-11-27 18:46:07,109 [INFO] Rule:233 - rule align RCC QSPICLockSelection default value on MP1 is applicable
2025-11-27 18:46:07,109 [INFO] Rule:233 - rule align RCC QSPICLockSelection default value on MP1 is applicable
2025-11-27 18:46:07,109 [INFO] Rule:233 - rule align RCC SPI6CLockSelection default value on MP1 is applicable
2025-11-27 18:46:07,109 [INFO] Rule:233 - rule align RCC LPTIM23CLockSelection default value on MP1 is applicable
2025-11-27 18:46:07,109 [INFO] Rule:233 - rule align RCC LPTIM1CLockSelection default value on MP1 is applicable
2025-11-27 18:46:07,110 [INFO] Rule:233 - rule align RCC USART1CLockSelection default value on MP1 is applicable
2025-11-27 18:46:07,110 [INFO] Rule:233 - rule align RCC USART24CLockSelection default value on MP1 is applicable
2025-11-27 18:46:07,110 [INFO] Rule:233 - rule align RCC USART6CLockSelection default value on MP1 is applicable
2025-11-27 18:46:07,110 [INFO] Rule:233 - rule align RCC UART78CLockSelection default value on MP1 is applicable
2025-11-27 18:46:07,110 [INFO] Rule:233 - rule align RCC USART35CLockSelection default value on MP1 is applicable
2025-11-27 18:46:07,110 [INFO] Rule:233 - rule align RCC SPI45CLockSelection default value on MP1 is applicable
2025-11-27 18:46:07,111 [INFO] Rule:233 - rule align RCC I2C46CLockSelection BCLK value on MP1 is applicable
2025-11-27 18:46:07,111 [INFO] Rule:233 - rule align RCC SPI45CLockSelection default value on MP1 is applicable
2025-11-27 18:46:07,111 [INFO] Rule:233 - rule align RCC I2C12CLockSelection default value on MP1 is applicable
2025-11-27 18:46:07,111 [INFO] Rule:233 - rule align RCC I2C35CLockSelection default value on MP1 is applicable
2025-11-27 18:46:07,111 [INFO] Rule:233 - rule align RCC LPTIM45CLockSelection default value on MP1 is applicable
2025-11-27 18:46:07,111 [INFO] Rule:233 - rule Rename DCMI PIXCK signal is applicable
2025-11-27 18:46:07,112 [INFO] Rule:233 - rule Change Default Value for I2C46CLockSelection MP1 family is applicable
2025-11-27 18:46:07,112 [INFO] Rule:233 - rule Change Default Value for UART for G4, G0 and WB families is applicable
2025-11-27 18:46:07,112 [INFO] Rule:233 - rule Change Default Value for USART for G4, G0 and WB families is applicable
2025-11-27 18:46:07,112 [INFO] Rule:233 - rule Change Default Value for USART for G4 family is applicable
2025-11-27 18:46:07,112 [INFO] Rule:233 - rule Change USART1CLockSelection refparam name for MP1 is applicable
2025-11-27 18:46:07,112 [INFO] Rule:233 - rule Change USART2CLockSelection refparam name for MP1 is applicable
2025-11-27 18:46:07,112 [INFO] Rule:233 - rule Change USART3CLockSelection refparam name for MP1 is applicable
2025-11-27 18:46:07,112 [INFO] Rule:233 - rule Change UART4CLockSelection refparam name for MP1 is applicable
2025-11-27 18:46:07,112 [INFO] Rule:233 - rule Change UART5CLockSelection refparam name for MP1 is applicable
2025-11-27 18:46:07,112 [INFO] Rule:233 - rule Change LPUART1CLockSelection refparam name for MP1 is applicable
2025-11-27 18:46:07,114 [INFO] Rule:233 - rule Change LPTIM1CLockSelection refparam name for MP1 is applicable
2025-11-27 18:46:07,114 [INFO] Rule:233 - rule Change LPTIM2CLockSelection refparam name for MP1 is applicable
2025-11-27 18:46:07,114 [INFO] Rule:233 - rule Change RCC_MCO1Source refparam name for MP1 is applicable
2025-11-27 18:46:07,114 [INFO] Rule:233 - rule Change LSCOSource1 refparam name for MP1 is applicable
2025-11-27 18:46:07,114 [INFO] Rule:233 - rule Change SMPSCLockSelection refparam name for MP1 is applicable
2025-11-27 18:46:07,114 [INFO] Rule:233 - rule Change LPTIM3CLockSelection refparam name for MP1 is applicable
2025-11-27 18:46:07,114 [INFO] Rule:233 - rule Change MPCBB* Default Template Mode to Parameters is applicable
2025-11-27 18:46:07,114 [INFO] Rule:233 - rule Change MPCWM* or MPCBB* Secure Mode to Parameters is applicable
2025-11-27 18:46:07,114 [INFO] Rule:233 - rule Change MPCWM* or MPCBB* No Secure Mode to Parameters is applicable
2025-11-27 18:46:07,114 [INFO] Rule:233 - rule Change TZSC IP Secure Mode to Parameters is applicable
2025-11-27 18:46:07,114 [INFO] Rule:233 - rule Change TZSC IP No Secure Mode to Parameters is applicable
2025-11-27 18:46:07,114 [INFO] Rule:233 - rule Change TZSC IP Privilege Mode to Parameters is applicable
2025-11-27 18:46:07,114 [INFO] Rule:233 - rule Change TZSC IP No Privilege Mode to Parameters is applicable
2025-11-27 18:46:07,115 [INFO] Rule:233 - rule Change TZIC IT Secure Mode to Parameters is applicable
2025-11-27 18:46:07,115 [INFO] Rule:233 - rule Change TZIC IT No Secure Mode to Parameters is applicable
2025-11-27 18:46:07,115 [INFO] Rule:233 - rule Add MPCBB1_NonSecureArea_Start_Address value with referenced to MPCBB1_NonSecureArea_Start value is applicable
2025-11-27 18:46:07,115 [INFO] Rule:233 - rule Add MPCBB2_NonSecureArea_Start_Address value with referenced to MPCBB2_NonSecureArea_Start value is applicable
2025-11-27 18:46:07,115 [INFO] Rule:233 - rule Add MPCWM1_NonSecureArea*_Start_Address value with referenced to MPCWM1_NonSecureArea*_Start value is applicable
2025-11-27 18:46:07,115 [INFO] Rule:233 - rule Add MPCWM2_NonSecureArea*_Start_Address value with referenced to MPCWM2_NonSecureArea*_Start value is applicable
2025-11-27 18:46:07,115 [INFO] Rule:233 - rule Add MPCWM3_NonSecureArea_Start_Address value with referenced to MPCWM3_NonSecureArea_Start value is applicable
2025-11-27 18:46:07,115 [INFO] Rule:233 - rule Change Default Value for PLL1UserDefinedConfig is applicable
2025-11-27 18:46:07,115 [INFO] Rule:233 - rule Change GPIO_PuPd Default Value for USART in async mode is applicable
2025-11-27 18:46:07,115 [INFO] Rule:233 - rule Change SMPSDivider Default Value is applicable
2025-11-27 18:46:07,115 [INFO] Rule:233 - rule OPAMP is applicable
2025-11-27 18:46:07,115 [INFO] Rule:233 - rule LPUART IPParameter rename Prescaler parameter to ClockPrescaler for STM32H7 is applicable
2025-11-27 18:46:07,115 [INFO] Rule:233 - rule LPUART IPParameter rename Prescaler parameter to ClockPrescaler for STM32H7 is applicable
2025-11-27 18:46:07,115 [INFO] Rule:233 - rule LPUART IPParameter rename Prescaler parameter to ClockPrescaler for STM32WB is applicable
2025-11-27 18:46:07,115 [INFO] Rule:233 - rule LPUART IPParameter rename Prescaler parameter to ClockPrescaler for STM32WB is applicable
2025-11-27 18:46:07,116 [INFO] Rule:233 - rule LPUART IPParameter rename Prescaler parameter to ClockPrescaler for STM32G4 is applicable
2025-11-27 18:46:07,116 [INFO] Rule:233 - rule LPUART IPParameter rename Prescaler parameter to ClockPrescaler for STM32G4 is applicable
2025-11-27 18:46:07,116 [INFO] Rule:233 - rule LPUART IPParameter rename Prescaler parameter to ClockPrescaler for STM32L5 is applicable
2025-11-27 18:46:07,116 [INFO] Rule:233 - rule LPUART IPParameter rename Prescaler parameter to ClockPrescaler for STM32L5 is applicable
2025-11-27 18:46:07,116 [INFO] Rule:233 - rule LPUART IPParameter rename Prescaler parameter to ClockPrescaler for STM32G4 is applicable
2025-11-27 18:46:07,116 [INFO] Rule:233 - rule LPUART IPParameter rename Prescaler parameter to ClockPrescaler for STM32G4 is applicable
2025-11-27 18:46:07,117 [INFO] Rule:233 - rule USB device lib V2.5.3 for L0 rename USBD_SUPPORT_USER_STRING parameter to USBD_SUPPORT_USER_STRING_DESC4 is applicable
2025-11-27 18:46:07,117 [INFO] Rule:233 - rule I2SCLockSelection clock entry align is applicable
2025-11-27 18:46:07,117 [INFO] Rule:233 - rule Assign TIMx context if used as SYS timebase is applicable
2025-11-27 18:46:07,118 [INFO] Rule:233 - rule Change GPIO_Pu Default Value for I2C is applicable
2025-11-27 18:46:07,118 [INFO] Rule:233 - rule Change GPIO_Pu Default Value for SMBus is applicable
2025-11-27 18:46:07,118 [INFO] Rule:233 - rule change FDCAN default value is applicable
2025-11-27 18:46:07,118 [INFO] Rule:233 - rule Change mode sai is applicable
2025-11-27 18:46:07,118 [INFO] Rule:233 - rule **Change sai mode is applicable
2025-11-27 18:46:07,118 [INFO] Rule:233 - rule Rename STM32WPAN CFG_BLE_IRK to CFG_BLE_IR is applicable
2025-11-27 18:46:07,118 [INFO] Rule:233 - rule Rename STM32WPAN CFG_BLE_ERK to CFG_BLE_ER is applicable
2025-11-27 18:46:07,120 [INFO] Rule:233 - rule Rename STM32WPAN CFG_BLE_IRK_HEX to CFG_BLE_IR_HEX is applicable
2025-11-27 18:46:07,120 [INFO] Rule:233 - rule Rename STM32WPAN CFG_BLE_ERK_HEX to CFG_BLE_ER_HEX is applicable
2025-11-27 18:46:07,120 [INFO] Rule:233 - rule Adapt Old IOC before rework replace old CORTEX_M33/CORTEX_M55 attributes by the new one. is applicable
2025-11-27 18:46:07,120 [INFO] Rule:233 - rule Rename parametre of RCC RCC_APBDBG_DIV2 to RCC_TIMPRES_DIV2 is applicable
2025-11-27 18:46:07,120 [INFO] Rule:233 - rule Rename DIE493 pin PA10 [PA12] -> PA10 is applicable
2025-11-27 18:46:07,120 [INFO] Rule:233 - rule Rename DIE493 pin PA9 [PA11] -> PA9 is applicable
2025-11-27 18:46:07,120 [INFO] Rule:233 - rule Rename DIE492 PartNumber CPN STM32WBA5MJGHx -> STM32WBA5MMGHx is applicable
2025-11-27 18:46:07,120 [INFO] Rule:233 - rule Rename DIE492 PartNumber  Name STM32WBA5MJGHx -> STM32WBA5MMGHx is applicable
2025-11-27 18:46:07,120 [INFO] Rule:233 - rule Rename DIE492 PartNumber UserName STM32WBA5MJGHx -> STM32WBA5MMGHx is applicable
2025-11-27 18:46:07,121 [INFO] Rule:233 - rule Rename DIE492 PartNumber DeviceId STM32WBA5MJGHx -> STM32WBA5MMGHx is applicable
2025-11-27 18:46:07,121 [INFO] Rule:233 - rule Adapt Old IOC CSI. is applicable
2025-11-27 18:46:07,121 [INFO] Rule:233 - rule Adapt Old IOC DCMIPP. is applicable
2025-11-27 18:46:07,121 [INFO] Rule:233 - rule Adapt Old IOC DCMIPP Mode Parallel. is applicable
2025-11-27 18:46:07,121 [INFO] Rule:233 - rule Adapt Old IOC LTDC. is applicable
2025-11-27 18:46:07,121 [INFO] Rule:233 - rule Rename STM32MP2 RIF Peripheral LTDC RIF.RISUP.LTDC_L0L1.Privilege -> RIF.RISUP.LTDC_L1L2.Privilege is applicable
2025-11-27 18:46:07,121 [INFO] Rule:233 - rule Rename STM32MP2 RIF Peripheral LTDC RIF.RISUP.LTDC_L0L1.Privilege -> RIF.RISUP.LTDC_L1L2.Privilege is applicable
2025-11-27 18:46:07,121 [INFO] Rule:233 - rule Rename STM32MP2 RIF Peripheral LTDC RIF.RISUP.LTDC_L0L1.Lock -> RIF.RISUP.LTDC_L1L2.Lock is applicable
2025-11-27 18:46:07,121 [INFO] Rule:233 - rule Rename STM32MP2 RIF Peripheral LTDC RIF.RISUP.LTDC_L2.Lock -> RIF.RISUP.LTDC_L3.Lock is applicable
2025-11-27 18:46:07,121 [INFO] Rule:233 - rule Adapt the old IOC example for updating the SYS when it is misconfigured. is applicable
2025-11-27 18:46:07,121 [INFO] Rule:233 - rule Rename STM32C09 Mcu.Package LQFP64 -> LQFP48 is applicable
2025-11-27 18:46:07,122 [INFO] Rule:233 - rule Adapt the old IOC example for updating the SYS when it is misconfigured. is applicable
2025-11-27 18:46:07,122 [INFO] Rule:233 - rule Adapt the old IOC example for updating the SYS when it is misconfigured. is applicable
2025-11-27 18:46:07,152 [INFO] DbConfProperties:307 - Apply Compatibility (53/282 Rules)
2025-11-27 18:46:07,178 [INFO] ImportTextPane:234 - (OptionalMessage_ERROR) Unable to find key (Mcu.ThirdPartyNb) in loaded IOC file
2025-11-27 18:46:07,185 [INFO] ImportTextPane:234 - (OptionalMessage_ERROR) Pin12 (VP_RIF_VS_RIF1) cannot be retrieved for this MCU
2025-11-27 18:46:07,608 [INFO] RtosManager:558 - Registered RTOS mode: class=CMSIS, group=RTOS, mode=CMSIS_V1, owner=FREERTOS
2025-11-27 18:46:07,608 [INFO] RtosManager:558 - Registered RTOS mode: class=CMSIS, group=RTOS2, mode=CMSIS_V2, owner=FREERTOS
2025-11-27 18:46:07,608 [INFO] RtosManager:558 - Registered RTOS mode: class=RTOS, group=Core, mode=CMSIS_V1, owner=FREERTOS
2025-11-27 18:46:07,608 [INFO] RtosManager:558 - Registered RTOS mode: class=RTOS, group=Core, mode=CMSIS_V2, owner=FREERTOS
2025-11-27 18:46:07,609 [WARN] ModelIntegratedComponent:184 - Missing modes for component STMicroelectronics:FreeRTOS:0.0.1:STMicroelectronics:RTOS:FreeRTOS:Core:::10.2.0:
2025-11-27 18:46:07,642 [WARN] ModelIntegratedComponent:63 - No mode defined for component null
2025-11-27 18:46:07,642 [WARN] ModelIntegratedComponent:63 - No mode defined for component null
2025-11-27 18:46:07,642 [WARN] ModelIntegratedComponent:63 - No mode defined for component null
2025-11-27 18:46:07,642 [WARN] ModelIntegratedComponent:63 - No mode defined for component null
2025-11-27 18:46:07,642 [WARN] ModelIntegratedComponent:63 - No mode defined for component null
2025-11-27 18:46:07,642 [WARN] ModelIntegratedComponent:63 - No mode defined for component null
2025-11-27 18:46:07,643 [WARN] ModelIntegratedComponent:63 - No mode defined for component null
2025-11-27 18:46:07,643 [WARN] ModelIntegratedComponent:63 - No mode defined for component null
2025-11-27 18:46:07,643 [WARN] ModelIntegratedComponent:63 - No mode defined for component null
2025-11-27 18:46:07,643 [WARN] ModelIntegratedComponent:63 - No mode defined for component null
2025-11-27 18:46:07,643 [WARN] ModelIntegratedComponent:63 - No mode defined for component null
2025-11-27 18:46:07,643 [WARN] ModelIntegratedComponent:63 - No mode defined for component null
2025-11-27 18:46:07,643 [WARN] ModelIntegratedComponent:63 - No mode defined for component null
2025-11-27 18:46:07,643 [WARN] ModelIntegratedComponent:63 - No mode defined for component null
2025-11-27 18:46:07,643 [WARN] ModelIntegratedComponent:63 - No mode defined for component null
2025-11-27 18:46:07,643 [WARN] ModelIntegratedComponent:63 - No mode defined for component null
2025-11-27 18:46:07,643 [WARN] ModelIntegratedComponent:63 - No mode defined for component null
2025-11-27 18:46:07,643 [WARN] ModelIntegratedComponent:63 - No mode defined for component null
2025-11-27 18:46:07,643 [WARN] ModelIntegratedComponent:63 - No mode defined for component null
2025-11-27 18:46:07,643 [WARN] ModelIntegratedComponent:63 - No mode defined for component null
2025-11-27 18:46:07,643 [WARN] ModelIntegratedComponent:63 - No mode defined for component null
2025-11-27 18:46:07,643 [WARN] ModelIntegratedComponent:63 - No mode defined for component null
2025-11-27 18:46:07,643 [WARN] ModelIntegratedComponent:63 - No mode defined for component null
2025-11-27 18:46:07,643 [WARN] ModelIntegratedComponent:63 - No mode defined for component null
2025-11-27 18:46:07,644 [WARN] ModelIntegratedComponent:63 - No mode defined for component null
2025-11-27 18:46:07,644 [WARN] ModelIntegratedComponent:63 - No mode defined for component null
2025-11-27 18:46:07,644 [WARN] ModelIntegratedComponent:63 - No mode defined for component null
2025-11-27 18:46:07,644 [WARN] ModelIntegratedComponent:63 - No mode defined for component null
2025-11-27 18:46:07,644 [WARN] ModelIntegratedComponent:63 - No mode defined for component null
2025-11-27 18:46:07,644 [WARN] ModelIntegratedComponent:63 - No mode defined for component null
2025-11-27 18:46:07,644 [WARN] ModelIntegratedComponent:63 - No mode defined for component null
2025-11-27 18:46:07,644 [WARN] ModelIntegratedComponent:63 - No mode defined for component null
2025-11-27 18:46:07,644 [WARN] ModelIntegratedComponent:63 - No mode defined for component null
2025-11-27 18:46:07,644 [WARN] ModelIntegratedComponent:63 - No mode defined for component null
2025-11-27 18:46:07,644 [WARN] ModelIntegratedComponent:63 - No mode defined for component null
2025-11-27 18:46:07,645 [WARN] ModelPack:524 - Component already loaded: STMicroelectronics:HAL Drivers:0.0.0:STMicroelectronics:Device:STMicro_Driver:XSPI:HAL::0.0.1:HAL_XSPI
2025-11-27 18:46:07,855 [INFO] ThirdPartyModel:298 - Start build external matchings
2025-11-27 18:46:09,583 [INFO] ThirdPartyModel:316 - End build external matchings
2025-11-27 18:46:09,620 [INFO] ImportTextPane:234 - (OptionalMessage_ERROR) IP (RCC) : Invalid parameter (FamilyName)
2025-11-27 18:46:09,624 [INFO] ImportTextPane:234 - (OptionalMessage_ERROR) IP (RCC) : Parameter (RNGFreq_Value) has invalid value (64000000)
2025-11-27 18:46:09,625 [INFO] ImportTextPane:234 - (OptionalMessage_ERROR) IP (RCC) : Parameter (SDMMCFreq_Value) has invalid value (64000000)
2025-11-27 18:46:09,625 [INFO] ImportTextPane:234 - (OptionalMessage_ERROR) IP (RCC) : Parameter (USBFreq_Value) has invalid value (64000000)
2025-11-27 18:46:10,173 [INFO] UtilMem:75 - End LoadConfig() Used Memory: 678156408 Bytes (1073741824)
2025-11-27 18:46:10,445 [WARN] ThirdParty:833 - waiting for thirdparty lock release [change project]
2025-11-27 18:46:10,445 [INFO] ThirdParty:835 - entering critical section [change project]
2025-11-27 18:46:10,445 [INFO] ThirdParty:1030 - CMSIS Pack Vendor :STMicroelectronics X-CUBE-PM33A1 1.0.0
2025-11-27 18:46:10,445 [INFO] ThirdParty:1030 - CMSIS Pack Vendor :STMicroelectronics USBPD 4.1
2025-11-27 18:46:10,445 [INFO] ThirdParty:1030 - CMSIS Pack Vendor :STMicroelectronics X-CUBE-NFC9 1.0.0
2025-11-27 18:46:10,445 [INFO] ThirdParty:1030 - CMSIS Pack Vendor :STMicroelectronics USB_HOST 2.0.0
2025-11-27 18:46:10,445 [INFO] ThirdParty:1030 - CMSIS Pack Vendor :STMicroelectronics FP-SNS-MOTENVWB1 1.4.0
2025-11-27 18:46:10,445 [INFO] ThirdParty:1030 - CMSIS Pack Vendor :STMicroelectronics X-CUBE-AZRTOS-F4 1.1.0
2025-11-27 18:46:10,445 [INFO] ThirdParty:1030 - CMSIS Pack Vendor :STMicroelectronics LIBJPEG 8.0.0
2025-11-27 18:46:10,445 [INFO] ThirdParty:1030 - CMSIS Pack Vendor :STMicroelectronics FP-ATR-ASTRA1 2.0.2
2025-11-27 18:46:10,446 [INFO] ThirdParty:1030 - CMSIS Pack Vendor :wolfSSL I-CUBE-wolfSSL 5.8.2
2025-11-27 18:46:10,446 [INFO] ThirdParty:1030 - CMSIS Pack Vendor :STMicroelectronics X-CUBE-BLE1 7.1.0
2025-11-27 18:46:10,446 [INFO] ThirdParty:1030 - CMSIS Pack Vendor :STMicroelectronics X-CUBE-SMBUS 2.1.0
2025-11-27 18:46:10,446 [INFO] ThirdParty:1030 - CMSIS Pack Vendor :wolfSSL I-CUBE-wolfMQTT 1.19.2
2025-11-27 18:46:10,446 [INFO] ThirdParty:1030 - CMSIS Pack Vendor :STMicroelectronics USB_DEVICE 3.0.0
2025-11-27 18:46:10,446 [INFO] ThirdParty:1030 - CMSIS Pack Vendor :STMicroelectronics X-CUBE-ISPU 2.1.0
2025-11-27 18:46:10,446 [INFO] ThirdParty:1030 - CMSIS Pack Vendor :STMicroelectronics X-CUBE-FREERTOS 1.4.0
2025-11-27 18:46:10,446 [INFO] ThirdParty:1030 - CMSIS Pack Vendor :STMicroelectronics X-CUBE-EEPRMA1 5.2.0
2025-11-27 18:46:10,446 [INFO] ThirdParty:1030 - CMSIS Pack Vendor :STMicroelectronics X-CUBE-IPS 3.2.0
2025-11-27 18:46:10,446 [INFO] ThirdParty:1030 - CMSIS Pack Vendor :STMicroelectronics X-CUBE-BLEMGR 4.1.0
2025-11-27 18:46:10,446 [INFO] ThirdParty:1030 - CMSIS Pack Vendor :STMicroelectronics X-CUBE-AZRTOS-WB 2.0.0
2025-11-27 18:46:10,446 [INFO] ThirdParty:1030 - CMSIS Pack Vendor :STMicroelectronics X-CUBE-NFC12 1.0.0
2025-11-27 18:46:10,446 [INFO] ThirdParty:1030 - CMSIS Pack Vendor :STMicroelectronics X-CUBE-AZRTOS-F7 1.1.0
2025-11-27 18:46:10,447 [INFO] ThirdParty:1030 - CMSIS Pack Vendor :STMicroelectronics X-CUBE-AZRTOS-L5 2.0.0
2025-11-27 18:46:10,447 [INFO] ThirdParty:1030 - CMSIS Pack Vendor :STMicroelectronics USB_DEVICE 2.0.0
2025-11-27 18:46:10,447 [INFO] ThirdParty:1030 - CMSIS Pack Vendor :STMicroelectronics X-CUBE-NFC6 3.1.0
2025-11-27 18:46:10,447 [INFO] ThirdParty:1030 - CMSIS Pack Vendor :STMicroelectronics X-CUBE-ST67W61 1.1.0
2025-11-27 18:46:10,447 [INFO] ThirdParty:1030 - CMSIS Pack Vendor :Cesanta I-CUBE-Mongoose 7.19.0
2025-11-27 18:46:10,447 [INFO] ThirdParty:1030 - CMSIS Pack Vendor :quantropi X-CUBE-qispace-sdk-base 2.1.0
2025-11-27 18:46:10,447 [INFO] ThirdParty:1030 - CMSIS Pack Vendor :STMicroelectronics X-CUBE-MEMS1 12.0.0
2025-11-27 18:46:10,447 [INFO] ThirdParty:1030 - CMSIS Pack Vendor :STMicroelectronics FP-SNS-MOTENV1 5.1.0
2025-11-27 18:46:10,447 [INFO] ThirdParty:1030 - CMSIS Pack Vendor :STMicroelectronics FreeRTOS 0.0.1
2025-11-27 18:46:10,447 [INFO] ThirdParty:1030 - CMSIS Pack Vendor :STMicroelectronics X-CUBE-AZRTOS-G0 1.1.0
2025-11-27 18:46:10,447 [INFO] ThirdParty:1030 - CMSIS Pack Vendor :STMicroelectronics X-CUBE-NFC4 3.0.0
2025-11-27 18:46:10,447 [INFO] ThirdParty:1030 - CMSIS Pack Vendor :STMicroelectronics X-CUBE-SUBG2 5.0.0
2025-11-27 18:46:10,447 [INFO] ThirdParty:1030 - CMSIS Pack Vendor :STMicroelectronics X-CUBE-AZRTOS-H7RS 1.1.0
2025-11-27 18:46:10,448 [INFO] ThirdParty:1030 - CMSIS Pack Vendor :STMicroelectronics STM32_WPAN 1.0.0
2025-11-27 18:46:10,448 [INFO] ThirdParty:1030 - CMSIS Pack Vendor :EmbeddedOffice I-CUBE-FS-RTOS 1.0.1
2025-11-27 18:46:10,448 [INFO] ThirdParty:1030 - CMSIS Pack Vendor :STMicroelectronics lwIP 2.0.3
2025-11-27 18:46:10,448 [INFO] ThirdParty:1030 - CMSIS Pack Vendor :WES I-CUBE-Cesium 1.4.0
2025-11-27 18:46:10,448 [INFO] ThirdParty:1030 - CMSIS Pack Vendor :STMicroelectronics USB_HOST 1.0.0
2025-11-27 18:46:10,448 [INFO] ThirdParty:1030 - CMSIS Pack Vendor :Infineon AIROC-Wi-Fi-Bluetooth-STM32 1.7.1
2025-11-27 18:46:10,448 [INFO] ThirdParty:1030 - CMSIS Pack Vendor :STMicroelectronics X-CUBE-AZRTOS-G4 2.0.0
2025-11-27 18:46:10,448 [INFO] ThirdParty:1030 - CMSIS Pack Vendor :STMicroelectronics X-CUBE-WB05N 2.0.0
2025-11-27 18:46:10,448 [INFO] ThirdParty:1030 - CMSIS Pack Vendor :STMicroelectronics PDM2PCM 3.1.0
2025-11-27 18:46:10,448 [INFO] ThirdParty:1030 - CMSIS Pack Vendor :STMicroelectronics PDM2PCM 3.3.0
2025-11-27 18:46:10,448 [INFO] ThirdParty:1030 - CMSIS Pack Vendor :wolfSSL I-CUBE-wolfTPM 3.8.0
2025-11-27 18:46:10,448 [INFO] ThirdParty:1030 - CMSIS Pack Vendor :STMicroelectronics X-CUBE-AZRTOS-H7 3.4.0
2025-11-27 18:46:10,448 [INFO] ThirdParty:1030 - CMSIS Pack Vendor :STMicroelectronics X-CUBE-DISPLAY 3.0.0
2025-11-27 18:46:10,449 [INFO] ThirdParty:1030 - CMSIS Pack Vendor :wolfSSL I-CUBE-wolfSSH 1.4.20
2025-11-27 18:46:10,449 [INFO] ThirdParty:1030 - CMSIS Pack Vendor :STMicroelectronics X-CUBE-NFC7 2.0.0
2025-11-27 18:46:10,449 [INFO] ThirdParty:1030 - CMSIS Pack Vendor :STMicroelectronics X-CUBE-TCPP 4.2.0
2025-11-27 18:46:10,449 [INFO] ThirdParty:1030 - CMSIS Pack Vendor :RealThread X-CUBE-RT-Thread_Nano 4.1.1
2025-11-27 18:46:10,449 [INFO] ThirdParty:1030 - CMSIS Pack Vendor :STMicroelectronics FP-ATR-SIGFOX1 3.2.0
2025-11-27 18:46:10,449 [INFO] ThirdParty:1030 - CMSIS Pack Vendor :STMicroelectronics X-CUBE-NFC10 1.0.0
2025-11-27 18:46:10,449 [INFO] ThirdParty:1030 - CMSIS Pack Vendor :STMicroelectronics X-CUBE-FREERTOS 1.3.1
2025-11-27 18:46:10,449 [INFO] ThirdParty:1030 - CMSIS Pack Vendor :STMicroelectronics HAL Drivers 0.0.0
2025-11-27 18:46:10,449 [INFO] ThirdParty:1030 - CMSIS Pack Vendor :STMicroelectronics MBEDTLS 2.16.2
2025-11-27 18:46:10,449 [INFO] ThirdParty:1030 - CMSIS Pack Vendor :STMicroelectronics X-CUBE-ST60 1.1.0
2025-11-27 18:46:10,449 [INFO] ThirdParty:1030 - CMSIS Pack Vendor :STMicroelectronics X-CUBE-ALS 1.0.2
2025-11-27 18:46:10,449 [INFO] ThirdParty:1030 - CMSIS Pack Vendor :emotas I-CUBE-CANOPEN 1.3.0
2025-11-27 18:46:10,449 [INFO] ThirdParty:1030 - CMSIS Pack Vendor :STMicroelectronics MBEDTLS 2.14.1
2025-11-27 18:46:10,449 [INFO] ThirdParty:1030 - CMSIS Pack Vendor :STMicroelectronics X-CUBE-GNSS1 7.1.0
2025-11-27 18:46:10,450 [INFO] ThirdParty:1030 - CMSIS Pack Vendor :ITTIA_DB I-CUBE-ITTIADB 8.9.0
2025-11-27 18:46:10,450 [INFO] ThirdParty:1030 - CMSIS Pack Vendor :STMicroelectronics X-CUBE-TOUCHGFX 4.26.0
2025-11-27 18:46:10,450 [INFO] ThirdParty:1030 - CMSIS Pack Vendor :STMicroelectronics X-CUBE-STSE01 1.0.0
2025-11-27 18:46:10,450 [INFO] ThirdParty:1030 - CMSIS Pack Vendor :STMicroelectronics FP-SNS-STBOX1 2.1.0
2025-11-27 18:46:10,450 [INFO] ThirdParty:1030 - CMSIS Pack Vendor :STMicroelectronics X-CUBE-AI 10.2.0
2025-11-27 18:46:10,450 [INFO] ThirdParty:1030 - CMSIS Pack Vendor :STMicroelectronics FP-SNS-STAIOTCFT 1.0.0
2025-11-27 18:46:10,450 [INFO] ThirdParty:1030 - CMSIS Pack Vendor :STMicroelectronics ThreadX 1.0.0
2025-11-27 18:46:10,450 [INFO] ThirdParty:1030 - CMSIS Pack Vendor :STMicroelectronics FP-SNS-SMARTAG2 1.2.0
2025-11-27 18:46:10,450 [INFO] ThirdParty:1030 - CMSIS Pack Vendor :STMicroelectronics FP-SNS-FLIGHT1 5.1.0
2025-11-27 18:46:10,450 [INFO] ThirdParty:1030 - CMSIS Pack Vendor :STMicroelectronics X-CUBE-AZRTOS-WL 2.0.0
2025-11-27 18:46:10,450 [INFO] ThirdParty:1030 - CMSIS Pack Vendor :SEGGER I-CUBE-embOS 1.3.1
2025-11-27 18:46:10,450 [INFO] ThirdParty:1030 - CMSIS Pack Vendor :STMicroelectronics X-CUBE-ALGOBUILD 1.4.0
2025-11-27 18:46:10,451 [INFO] ThirdParty:1030 - CMSIS Pack Vendor :STMicroelectronics X-CUBE-DPower 1.3.0
2025-11-27 18:46:10,451 [INFO] ThirdParty:1030 - CMSIS Pack Vendor :STMicroelectronics X-CUBE-MEMS1 11.3.0
2025-11-27 18:46:10,451 [INFO] ThirdParty:1030 - CMSIS Pack Vendor :STMicroelectronics USB_DEVICE 1.0.0
2025-11-27 18:46:10,451 [INFO] ThirdParty:1030 - CMSIS Pack Vendor :STMicroelectronics X-CUBE-AZRTOS-H7RS 1.2.0
2025-11-27 18:46:10,451 [INFO] ThirdParty:1030 - CMSIS Pack Vendor :STMicroelectronics X-CUBE-AZRTOS-L4 2.0.0
2025-11-27 18:46:10,451 [INFO] ThirdParty:1030 - CMSIS Pack Vendor :STMicroelectronics ThreadX 0.0.2
2025-11-27 18:46:10,451 [INFO] ThirdParty:1030 - CMSIS Pack Vendor :STMicroelectronics lwIP 2.1.2
2025-11-27 18:46:10,451 [INFO] ThirdParty:1030 - CMSIS Pack Vendor :STMicroelectronics X-CUBE-SFXS2LP1 4.0.0
2025-11-27 18:46:10,451 [INFO] ThirdParty:1030 - CMSIS Pack Vendor :STMicroelectronics X-CUBE-BLE2 3.3.0
2025-11-27 18:46:10,451 [INFO] ThirdParty:1030 - CMSIS Pack Vendor :Avnet-IOTCONNECT X-CUBE-iotc-st67-sdk 1.0.0
2025-11-27 18:46:10,451 [INFO] ThirdParty:1030 - CMSIS Pack Vendor :STMicroelectronics X-CUBE-TOF1 3.4.3
2025-11-27 18:46:10,452 [INFO] ThirdParty:1030 - CMSIS Pack Vendor :STMicroelectronics PDM2PCM 3.2.0
2025-11-27 18:46:10,452 [INFO] ThirdParty:841 - exiting critical section [change project]
2025-11-27 18:46:11,023 [INFO] PinOutPanel:1589 - setPackage(No Configuration,No Configuration)
2025-11-27 18:46:11,029 [INFO] PinOutPanel:1589 - setPackage(STM32L476RGTx,LQFP64)
2025-11-27 18:46:12,126 [INFO] UtilMem:75 - Before build in PCC Used Memory: 776412568 Bytes (1073741824)
2025-11-27 18:46:13,221 [INFO] UtilMem:75 - After build in PCC Used Memory: 878646680 Bytes (1073741824)
2025-11-27 18:46:13,267 [INFO] IPUIPlugin:80 - create IPUIPlugin
2025-11-27 18:46:13,268 [INFO] IPUIPlugin:80 - create IPUIPlugin
2025-11-27 18:46:13,268 [INFO] IPUIPlugin:80 - create IPUIPlugin
2025-11-27 18:46:13,268 [INFO] IPUIPlugin:80 - create IPUIPlugin
2025-11-27 18:46:13,268 [INFO] IPUIPlugin:80 - create IPUIPlugin
2025-11-27 18:46:13,268 [INFO] IPUIPlugin:80 - create IPUIPlugin
2025-11-27 18:46:13,269 [INFO] IPUIPlugin:80 - create IPUIPlugin
2025-11-27 18:46:13,269 [INFO] IPUIPlugin:80 - create IPUIPlugin
2025-11-27 18:46:13,269 [INFO] IPUIPlugin:80 - create IPUIPlugin
2025-11-27 18:46:13,269 [INFO] IPUIPlugin:80 - create IPUIPlugin
2025-11-27 18:46:13,269 [INFO] IPUIPlugin:80 - create IPUIPlugin
2025-11-27 18:46:13,269 [INFO] IPUIPlugin:80 - create IPUIPlugin
2025-11-27 18:46:13,271 [INFO] IPUIPlugin:80 - create IPUIPlugin
2025-11-27 18:46:13,271 [INFO] IPUIPlugin:80 - create IPUIPlugin
2025-11-27 18:46:13,271 [INFO] IPUIPlugin:80 - create IPUIPlugin
2025-11-27 18:46:13,271 [INFO] IPUIPlugin:80 - create IPUIPlugin
2025-11-27 18:46:13,272 [INFO] IPUIPlugin:80 - create IPUIPlugin
2025-11-27 18:46:13,272 [INFO] IPUIPlugin:80 - create IPUIPlugin
2025-11-27 18:46:13,272 [INFO] IPUIPlugin:80 - create IPUIPlugin
2025-11-27 18:46:13,273 [INFO] IPUIPlugin:80 - create IPUIPlugin
2025-11-27 18:46:13,273 [INFO] IPUIPlugin:80 - create IPUIPlugin
2025-11-27 18:46:13,273 [INFO] IPUIPlugin:80 - create IPUIPlugin
2025-11-27 18:46:13,274 [INFO] IPUIPlugin:80 - create IPUIPlugin
2025-11-27 18:46:13,274 [INFO] IPUIPlugin:80 - create IPUIPlugin
2025-11-27 18:46:13,274 [INFO] IPUIPlugin:80 - create IPUIPlugin
2025-11-27 18:46:13,274 [INFO] IPUIPlugin:80 - create IPUIPlugin
2025-11-27 18:46:13,275 [INFO] IPUIPlugin:80 - create IPUIPlugin
2025-11-27 18:46:13,275 [INFO] IPUIPlugin:80 - create IPUIPlugin
2025-11-27 18:46:13,276 [INFO] IPUIPlugin:80 - create IPUIPlugin
2025-11-27 18:46:13,276 [INFO] IPUIPlugin:80 - create IPUIPlugin
2025-11-27 18:46:13,277 [INFO] IPUIPlugin:80 - create IPUIPlugin
2025-11-27 18:46:13,277 [INFO] IPUIPlugin:80 - create IPUIPlugin
2025-11-27 18:46:13,277 [INFO] IPUIPlugin:80 - create IPUIPlugin
2025-11-27 18:46:13,278 [INFO] IPUIPlugin:80 - create IPUIPlugin
2025-11-27 18:46:13,278 [INFO] IPUIPlugin:80 - create IPUIPlugin
2025-11-27 18:46:13,279 [INFO] IPUIPlugin:80 - create IPUIPlugin
2025-11-27 18:46:13,279 [INFO] IPUIPlugin:80 - create IPUIPlugin
2025-11-27 18:46:13,280 [INFO] IPUIPlugin:80 - create IPUIPlugin
2025-11-27 18:46:13,280 [INFO] IPUIPlugin:80 - create IPUIPlugin
2025-11-27 18:46:13,280 [INFO] IPUIPlugin:80 - create IPUIPlugin
2025-11-27 18:46:13,281 [INFO] IPUIPlugin:80 - create IPUIPlugin
2025-11-27 18:46:13,281 [INFO] IPUIPlugin:80 - create IPUIPlugin
2025-11-27 18:46:13,281 [INFO] IPUIPlugin:80 - create IPUIPlugin
2025-11-27 18:46:13,282 [INFO] IPUIPlugin:80 - create IPUIPlugin
2025-11-27 18:46:13,283 [INFO] IPUIPlugin:80 - create IPUIPlugin
2025-11-27 18:46:13,284 [INFO] IPUIPlugin:80 - create IPUIPlugin
2025-11-27 18:46:13,284 [INFO] IPUIPlugin:80 - create IPUIPlugin
2025-11-27 18:46:13,284 [INFO] IPUIPlugin:80 - create IPUIPlugin
2025-11-27 18:46:13,286 [INFO] IPUIPlugin:80 - create IPUIPlugin
2025-11-27 18:46:13,286 [INFO] IPUIPlugin:80 - create IPUIPlugin
2025-11-27 18:46:13,286 [INFO] IPUIPlugin:80 - create IPUIPlugin
2025-11-27 18:46:13,287 [INFO] IPUIPlugin:80 - create IPUIPlugin
2025-11-27 18:46:13,287 [INFO] IPUIPlugin:80 - create IPUIPlugin
2025-11-27 18:46:13,288 [INFO] IPUIPlugin:80 - create IPUIPlugin
2025-11-27 18:46:13,288 [INFO] IPUIPlugin:80 - create IPUIPlugin
2025-11-27 18:46:13,289 [INFO] IPUIPlugin:80 - create IPUIPlugin
2025-11-27 18:46:13,289 [INFO] IPUIPlugin:80 - create IPUIPlugin
2025-11-27 18:46:13,290 [INFO] IPUIPlugin:80 - create IPUIPlugin
2025-11-27 18:46:13,290 [INFO] IPUIPlugin:80 - create IPUIPlugin
2025-11-27 18:46:13,588 [INFO] CADModel:165 - CPN selected for project levelSTM32L476RGT3
2025-11-27 18:46:13,588 [INFO] CADModel:114 - Register for checkConnection events
2025-11-27 18:46:13,654 [INFO] OpenFileManager:386 - Restore cursor
2025-11-27 18:46:15,329 [INFO] UtilMem:75 - End SaveConfig() Used Memory: 720409168 Bytes (1073741824)
2025-11-27 18:46:15,602 [INFO] UtilMem:75 - End SaveConfig() Used Memory: 744526432 Bytes (1073741824)
2025-11-27 18:46:16,282 [INFO] BlockDiagram:2775 - set Specific Code input for plugin: SYS
2025-11-27 18:46:16,282 [INFO] BlockDiagram:2775 - set Specific Code input for plugin: RCC
2025-11-27 18:46:16,282 [INFO] BlockDiagram:2775 - set Specific Code input for plugin: NVIC
2025-11-27 18:46:16,282 [INFO] BlockDiagram:2775 - set Specific Code input for plugin: USART
2025-11-27 18:46:16,283 [INFO] BlockDiagram:2775 - set Specific Code input for plugin: GPIO
2025-11-27 18:46:16,286 [INFO] CodeGenerator:892 - code generatio: config db path: C:\ST\STM32CubeIDE_1.19.0\STM32CubeIDE\plugins\com.st.stm32cube.common.mx_6.15.0.202507011659\\db\
2025-11-27 18:46:16,606 [INFO] CodeEngine:265 - oldGeneratedFile, D:\BITSILICA_WORKSHEETS\STM32L476RG\44_Simple_Tasks_Creation_FreeRTOS\MXTmpFiles\license.tmp_save
2025-11-27 18:46:17,348 [INFO] CodeEngine:289 - Generated code: D:\BITSILICA_WORKSHEETS\STM32L476RG\44_Simple_Tasks_Creation_FreeRTOS\MXTmpFiles\license.tmp
2025-11-27 18:46:17,580 [INFO] CodeEngine:265 - oldGeneratedFile, D:\BITSILICA_WORKSHEETS\STM32L476RG\44_Simple_Tasks_Creation_FreeRTOS\MXTmpFiles\gpio.tmp_save
2025-11-27 18:46:17,740 [INFO] CodeEngine:289 - Generated code: D:\BITSILICA_WORKSHEETS\STM32L476RG\44_Simple_Tasks_Creation_FreeRTOS\MXTmpFiles\gpio.tmp
2025-11-27 18:46:17,993 [INFO] CodeEngine:265 - oldGeneratedFile, D:\BITSILICA_WORKSHEETS\STM32L476RG\44_Simple_Tasks_Creation_FreeRTOS\Core\Src\stm32l4xx_it.c_save
2025-11-27 18:46:18,129 [INFO] CodeEngine:289 - Generated code: D:\BITSILICA_WORKSHEETS\STM32L476RG\44_Simple_Tasks_Creation_FreeRTOS\Core\Src\stm32l4xx_it.c
2025-11-27 18:46:18,145 [INFO] CodeEngine:265 - oldGeneratedFile, D:\BITSILICA_WORKSHEETS\STM32L476RG\44_Simple_Tasks_Creation_FreeRTOS\Core\Inc\stm32l4xx_it.h_save
2025-11-27 18:46:18,232 [INFO] CodeEngine:289 - Generated code: D:\BITSILICA_WORKSHEETS\STM32L476RG\44_Simple_Tasks_Creation_FreeRTOS\Core\Inc\stm32l4xx_it.h
2025-11-27 18:46:18,313 [INFO] CodeEngine:265 - oldGeneratedFile, D:\BITSILICA_WORKSHEETS\STM32L476RG\44_Simple_Tasks_Creation_FreeRTOS\Core\Src\stm32l4xx_hal_msp.c_save
2025-11-27 18:46:18,459 [INFO] CodeEngine:289 - Generated code: D:\BITSILICA_WORKSHEETS\STM32L476RG\44_Simple_Tasks_Creation_FreeRTOS\Core\Src\stm32l4xx_hal_msp.c
2025-11-27 18:46:18,470 [INFO] CodeEngine:265 - oldGeneratedFile, D:\BITSILICA_WORKSHEETS\STM32L476RG\44_Simple_Tasks_Creation_FreeRTOS\MXTmpFiles\system.tmp_save
2025-11-27 18:46:18,537 [INFO] CodeEngine:289 - Generated code: D:\BITSILICA_WORKSHEETS\STM32L476RG\44_Simple_Tasks_Creation_FreeRTOS\MXTmpFiles\system.tmp
2025-11-27 18:46:18,565 [INFO] CodeEngine:321 - oldGeneratedFile, D:\BITSILICA_WORKSHEETS\STM32L476RG\44_Simple_Tasks_Creation_FreeRTOS\Core\Inc\stm32l4xx_hal_conf.h_save
2025-11-27 18:46:18,655 [INFO] CodeEngine:345 - Generated code: D:\BITSILICA_WORKSHEETS\STM32L476RG\44_Simple_Tasks_Creation_FreeRTOS\Core\Inc\stm32l4xx_hal_conf.h
2025-11-27 18:46:18,734 [INFO] ApiDbMcu:532 - Load IP Config File for USART2
2025-11-27 18:46:18,740 [INFO] ApiDbMcu:532 - Load IP Config File for RCC
2025-11-27 18:46:18,759 [INFO] CodeEngine:265 - oldGeneratedFile, D:\BITSILICA_WORKSHEETS\STM32L476RG\44_Simple_Tasks_Creation_FreeRTOS\Core\Inc\main.h_save
2025-11-27 18:46:18,860 [INFO] CodeEngine:289 - Generated code: D:\BITSILICA_WORKSHEETS\STM32L476RG\44_Simple_Tasks_Creation_FreeRTOS\Core\Inc\main.h
2025-11-27 18:46:18,876 [INFO] CodeEngine:265 - oldGeneratedFile, D:\BITSILICA_WORKSHEETS\STM32L476RG\44_Simple_Tasks_Creation_FreeRTOS\Core\Src\main.c_save
2025-11-27 18:46:19,076 [INFO] CodeEngine:289 - Generated code: D:\BITSILICA_WORKSHEETS\STM32L476RG\44_Simple_Tasks_Creation_FreeRTOS\Core\Src\main.c
2025-11-27 18:46:20,158 [INFO] ProjectBuilder:3606 - Time for Copy HAL[1] : 716mS.
2025-11-27 18:46:20,171 [INFO] ProjectBuilder:5216 - Project Generator version: 4.7.0-B52
2025-11-27 18:46:20,278 [INFO] ConfigFileManager:1595 - The Die is : DIE415
2025-11-27 18:46:20,293 [INFO] ApiDbMcu:532 - Load IP Config File for FATFS
2025-11-27 18:46:20,303 [INFO] ApiDbMcu:532 - Load IP Config File for FREERTOS
2025-11-27 18:46:20,323 [INFO] ApiDbMcu:532 - Load IP Config File for TOUCHSENSING
2025-11-27 18:46:20,333 [INFO] ApiDbMcu:532 - Load IP Config File for USB_DEVICE
2025-11-27 18:46:20,341 [INFO] ApiDbMcu:532 - Load IP Config File for USB_HOST
2025-11-27 18:46:20,979 [INFO] LogOutputStream:77 - [STDOUT_REDIRECT] 
2025-11-27 18:46:30,825 [INFO] ProjectBuilder:5496 - Time for Generating toolchain IDE Files: 10654mS.
2025-11-27 18:46:30,827 [INFO] ProjectBuilder:3463 - Time for Copy CMSIS : 1mS.
2025-11-27 18:46:30,842 [INFO] ProjectBuilder:3463 - Time for Copy CMSIS : 3mS.
2025-11-27 18:46:32,552 [INFO] McuFinderGlobals:76 - Set McuFinderConnectedMode to true
2025-11-27 18:46:32,559 [INFO] ApiDb:448 - Save user favorites file C:\Users\augus/.stm32cubeide/favorites.mcus.txt: 0 item(s)
2025-11-27 18:46:32,560 [INFO] ApiDb:452 - User favorites MCUs=[]
2025-11-27 18:46:32,566 [INFO] ApiDb:448 - Save user favorites file C:\Users\augus/.stm32cubeide/favorites.boards.txt: 1 item(s)
2025-11-27 18:46:32,566 [INFO] ApiDb:452 - User favorites Boards=[NUCLEO-L476RG]
2025-11-27 18:47:04,579 [INFO] RtosManager:1018 - Current active RTOS is FREERTOS [Cortex-M4NS]
2025-11-27 18:47:05,132 [WARN] FreeRTOS:563 - Case being investigated as it may cause exception (when called to early by set config state
2025-11-27 18:47:05,467 [ERROR] RtosPanel:558 - Can not restore the selected Tab for FREERTOS(A reason can be that the tab is no more available.)
2025-11-27 18:47:05,590 [ERROR] RtosPanel:558 - Can not restore the selected Tab for FREERTOS(A reason can be that the tab is no more available.)
2025-11-27 18:47:30,860 [INFO] UtilMem:75 - End SaveConfig() Used Memory: 825603448 Bytes (1073741824)
2025-11-27 18:47:32,201 [INFO] UtilMem:75 - End SaveConfig() Used Memory: 861781368 Bytes (1073741824)
2025-11-27 18:47:35,427 [INFO] UtilMem:75 - End SaveConfig() Used Memory: 707032840 Bytes (1073741824)
2025-11-27 18:47:38,508 [INFO] BlockDiagram:2775 - set Specific Code input for plugin: FREERTOS
2025-11-27 18:47:38,508 [INFO] BlockDiagram:2775 - set Specific Code input for plugin: SYS
2025-11-27 18:47:38,509 [INFO] BlockDiagram:2775 - set Specific Code input for plugin: RCC
2025-11-27 18:47:38,509 [INFO] BlockDiagram:2775 - set Specific Code input for plugin: NVIC
2025-11-27 18:47:38,509 [INFO] BlockDiagram:2775 - set Specific Code input for plugin: USART
2025-11-27 18:47:38,511 [INFO] BlockDiagram:2775 - set Specific Code input for plugin: GPIO
2025-11-27 18:47:38,515 [INFO] CodeGenerator:892 - code generatio: config db path: C:\ST\STM32CubeIDE_1.19.0\STM32CubeIDE\plugins\com.st.stm32cube.common.mx_6.15.0.202507011659\\db\
2025-11-27 18:47:38,621 [INFO] CodeEngine:265 - oldGeneratedFile, D:\BITSILICA_WORKSHEETS\STM32L476RG\44_Simple_Tasks_Creation_FreeRTOS\MXTmpFiles\license.tmp_save
2025-11-27 18:47:38,752 [INFO] CodeEngine:289 - Generated code: D:\BITSILICA_WORKSHEETS\STM32L476RG\44_Simple_Tasks_Creation_FreeRTOS\MXTmpFiles\license.tmp
2025-11-27 18:47:38,829 [INFO] CodeEngine:265 - oldGeneratedFile, D:\BITSILICA_WORKSHEETS\STM32L476RG\44_Simple_Tasks_Creation_FreeRTOS\MXTmpFiles\gpio.tmp_save
2025-11-27 18:47:38,916 [INFO] CodeEngine:289 - Generated code: D:\BITSILICA_WORKSHEETS\STM32L476RG\44_Simple_Tasks_Creation_FreeRTOS\MXTmpFiles\gpio.tmp
2025-11-27 18:47:39,066 [INFO] Middleware:1452 - No code input for Bsp Dependency
2025-11-27 18:47:39,082 [INFO] CodeEngine:265 - oldGeneratedFile, D:\BITSILICA_WORKSHEETS\STM32L476RG\44_Simple_Tasks_Creation_FreeRTOS\MXTmpFiles\rtos_inc.tmp_save
2025-11-27 18:47:39,152 [INFO] CodeEngine:289 - Generated code: D:\BITSILICA_WORKSHEETS\STM32L476RG\44_Simple_Tasks_Creation_FreeRTOS\MXTmpFiles\rtos_inc.tmp
2025-11-27 18:47:39,168 [INFO] CodeEngine:265 - oldGeneratedFile, D:\BITSILICA_WORKSHEETS\STM32L476RG\44_Simple_Tasks_Creation_FreeRTOS\MXTmpFiles\rtos_kernelInit.tmp_save
2025-11-27 18:47:39,253 [INFO] CodeEngine:289 - Generated code: D:\BITSILICA_WORKSHEETS\STM32L476RG\44_Simple_Tasks_Creation_FreeRTOS\MXTmpFiles\rtos_kernelInit.tmp
2025-11-27 18:47:39,265 [INFO] CodeEngine:265 - oldGeneratedFile, D:\BITSILICA_WORKSHEETS\STM32L476RG\44_Simple_Tasks_Creation_FreeRTOS\MXTmpFiles\rtos_kernelStart.tmp_save
2025-11-27 18:47:39,326 [INFO] CodeEngine:289 - Generated code: D:\BITSILICA_WORKSHEETS\STM32L476RG\44_Simple_Tasks_Creation_FreeRTOS\MXTmpFiles\rtos_kernelStart.tmp
2025-11-27 18:47:39,338 [INFO] CodeEngine:265 - oldGeneratedFile, D:\BITSILICA_WORKSHEETS\STM32L476RG\44_Simple_Tasks_Creation_FreeRTOS\MXTmpFiles\rtos_typedefs.tmp_save
2025-11-27 18:47:39,399 [INFO] CodeEngine:289 - Generated code: D:\BITSILICA_WORKSHEETS\STM32L476RG\44_Simple_Tasks_Creation_FreeRTOS\MXTmpFiles\rtos_typedefs.tmp
2025-11-27 18:47:39,412 [INFO] CodeEngine:265 - oldGeneratedFile, D:\BITSILICA_WORKSHEETS\STM32L476RG\44_Simple_Tasks_Creation_FreeRTOS\MXTmpFiles\rtos_vars.tmp_save
2025-11-27 18:47:39,480 [INFO] CodeEngine:289 - Generated code: D:\BITSILICA_WORKSHEETS\STM32L476RG\44_Simple_Tasks_Creation_FreeRTOS\MXTmpFiles\rtos_vars.tmp
2025-11-27 18:47:39,496 [INFO] CodeEngine:265 - oldGeneratedFile, D:\BITSILICA_WORKSHEETS\STM32L476RG\44_Simple_Tasks_Creation_FreeRTOS\MXTmpFiles\rtos_pfp.tmp_save
2025-11-27 18:47:39,566 [INFO] CodeEngine:289 - Generated code: D:\BITSILICA_WORKSHEETS\STM32L476RG\44_Simple_Tasks_Creation_FreeRTOS\MXTmpFiles\rtos_pfp.tmp
2025-11-27 18:47:39,579 [INFO] CodeEngine:265 - oldGeneratedFile, D:\BITSILICA_WORKSHEETS\STM32L476RG\44_Simple_Tasks_Creation_FreeRTOS\MXTmpFiles\rtos_obj_creat.tmp_save
2025-11-27 18:47:39,649 [INFO] CodeEngine:289 - Generated code: D:\BITSILICA_WORKSHEETS\STM32L476RG\44_Simple_Tasks_Creation_FreeRTOS\MXTmpFiles\rtos_obj_creat.tmp
2025-11-27 18:47:39,664 [INFO] CodeEngine:265 - oldGeneratedFile, D:\BITSILICA_WORKSHEETS\STM32L476RG\44_Simple_Tasks_Creation_FreeRTOS\MXTmpFiles\rtos_default_thread.tmp_save
2025-11-27 18:47:39,731 [INFO] CodeEngine:289 - Generated code: D:\BITSILICA_WORKSHEETS\STM32L476RG\44_Simple_Tasks_Creation_FreeRTOS\MXTmpFiles\rtos_default_thread.tmp
2025-11-27 18:47:39,743 [INFO] CodeEngine:265 - oldGeneratedFile, D:\BITSILICA_WORKSHEETS\STM32L476RG\44_Simple_Tasks_Creation_FreeRTOS\MXTmpFiles\rtos_threads.tmp_save
2025-11-27 18:47:39,802 [INFO] CodeEngine:289 - Generated code: D:\BITSILICA_WORKSHEETS\STM32L476RG\44_Simple_Tasks_Creation_FreeRTOS\MXTmpFiles\rtos_threads.tmp
2025-11-27 18:47:39,830 [INFO] Middleware:1452 - No code input for Bsp Dependency
2025-11-27 18:47:39,849 [INFO] CodeEngine:265 - oldGeneratedFile, D:\BITSILICA_WORKSHEETS\STM32L476RG\44_Simple_Tasks_Creation_FreeRTOS\MXTmpFiles\rtos_inc.tmp_save
2025-11-27 18:47:39,926 [INFO] CodeEngine:289 - Generated code: D:\BITSILICA_WORKSHEETS\STM32L476RG\44_Simple_Tasks_Creation_FreeRTOS\MXTmpFiles\rtos_inc.tmp
2025-11-27 18:47:39,945 [INFO] CodeEngine:265 - oldGeneratedFile, D:\BITSILICA_WORKSHEETS\STM32L476RG\44_Simple_Tasks_Creation_FreeRTOS\MXTmpFiles\rtos_kernelInit.tmp_save
2025-11-27 18:47:40,015 [INFO] CodeEngine:289 - Generated code: D:\BITSILICA_WORKSHEETS\STM32L476RG\44_Simple_Tasks_Creation_FreeRTOS\MXTmpFiles\rtos_kernelInit.tmp
2025-11-27 18:47:40,035 [INFO] CodeEngine:265 - oldGeneratedFile, D:\BITSILICA_WORKSHEETS\STM32L476RG\44_Simple_Tasks_Creation_FreeRTOS\MXTmpFiles\rtos_kernelStart.tmp_save
2025-11-27 18:47:40,102 [INFO] CodeEngine:289 - Generated code: D:\BITSILICA_WORKSHEETS\STM32L476RG\44_Simple_Tasks_Creation_FreeRTOS\MXTmpFiles\rtos_kernelStart.tmp
2025-11-27 18:47:40,118 [INFO] CodeEngine:265 - oldGeneratedFile, D:\BITSILICA_WORKSHEETS\STM32L476RG\44_Simple_Tasks_Creation_FreeRTOS\MXTmpFiles\rtos_typedefs.tmp_save
2025-11-27 18:47:40,182 [INFO] CodeEngine:289 - Generated code: D:\BITSILICA_WORKSHEETS\STM32L476RG\44_Simple_Tasks_Creation_FreeRTOS\MXTmpFiles\rtos_typedefs.tmp
2025-11-27 18:47:40,198 [INFO] CodeEngine:265 - oldGeneratedFile, D:\BITSILICA_WORKSHEETS\STM32L476RG\44_Simple_Tasks_Creation_FreeRTOS\MXTmpFiles\rtos_vars.tmp_save
2025-11-27 18:47:40,264 [INFO] CodeEngine:289 - Generated code: D:\BITSILICA_WORKSHEETS\STM32L476RG\44_Simple_Tasks_Creation_FreeRTOS\MXTmpFiles\rtos_vars.tmp
2025-11-27 18:47:40,280 [INFO] CodeEngine:265 - oldGeneratedFile, D:\BITSILICA_WORKSHEETS\STM32L476RG\44_Simple_Tasks_Creation_FreeRTOS\MXTmpFiles\rtos_pfp.tmp_save
2025-11-27 18:47:40,342 [INFO] CodeEngine:289 - Generated code: D:\BITSILICA_WORKSHEETS\STM32L476RG\44_Simple_Tasks_Creation_FreeRTOS\MXTmpFiles\rtos_pfp.tmp
2025-11-27 18:47:40,358 [INFO] CodeEngine:265 - oldGeneratedFile, D:\BITSILICA_WORKSHEETS\STM32L476RG\44_Simple_Tasks_Creation_FreeRTOS\MXTmpFiles\rtos_obj_creat.tmp_save
2025-11-27 18:47:40,422 [INFO] CodeEngine:289 - Generated code: D:\BITSILICA_WORKSHEETS\STM32L476RG\44_Simple_Tasks_Creation_FreeRTOS\MXTmpFiles\rtos_obj_creat.tmp
2025-11-27 18:47:40,438 [INFO] CodeEngine:265 - oldGeneratedFile, D:\BITSILICA_WORKSHEETS\STM32L476RG\44_Simple_Tasks_Creation_FreeRTOS\MXTmpFiles\rtos_default_thread.tmp_save
2025-11-27 18:47:40,608 [INFO] CodeEngine:289 - Generated code: D:\BITSILICA_WORKSHEETS\STM32L476RG\44_Simple_Tasks_Creation_FreeRTOS\MXTmpFiles\rtos_default_thread.tmp
2025-11-27 18:47:40,709 [INFO] CodeEngine:265 - oldGeneratedFile, D:\BITSILICA_WORKSHEETS\STM32L476RG\44_Simple_Tasks_Creation_FreeRTOS\MXTmpFiles\rtos_threads.tmp_save
2025-11-27 18:47:40,769 [INFO] CodeEngine:289 - Generated code: D:\BITSILICA_WORKSHEETS\STM32L476RG\44_Simple_Tasks_Creation_FreeRTOS\MXTmpFiles\rtos_threads.tmp
2025-11-27 18:47:40,784 [INFO] CodeEngine:265 - oldGeneratedFile, D:\BITSILICA_WORKSHEETS\STM32L476RG\44_Simple_Tasks_Creation_FreeRTOS\Core\Inc\FreeRTOSConfig.h_save
2025-11-27 18:47:40,870 [INFO] CodeEngine:289 - Generated code: D:\BITSILICA_WORKSHEETS\STM32L476RG\44_Simple_Tasks_Creation_FreeRTOS\Core\Inc\FreeRTOSConfig.h
2025-11-27 18:47:40,884 [INFO] CodeEngine:265 - oldGeneratedFile, D:\BITSILICA_WORKSHEETS\STM32L476RG\44_Simple_Tasks_Creation_FreeRTOS\Core\Src\freertos.c_save
2025-11-27 18:47:41,045 [INFO] CodeEngine:289 - Generated code: D:\BITSILICA_WORKSHEETS\STM32L476RG\44_Simple_Tasks_Creation_FreeRTOS\Core\Src\freertos.c
2025-11-27 18:47:41,078 [INFO] CodeEngine:265 - oldGeneratedFile, D:\BITSILICA_WORKSHEETS\STM32L476RG\44_Simple_Tasks_Creation_FreeRTOS\Core\Src\stm32l4xx_it.c_save
2025-11-27 18:47:41,191 [INFO] CodeEngine:289 - Generated code: D:\BITSILICA_WORKSHEETS\STM32L476RG\44_Simple_Tasks_Creation_FreeRTOS\Core\Src\stm32l4xx_it.c
2025-11-27 18:47:41,209 [INFO] CodeEngine:265 - oldGeneratedFile, D:\BITSILICA_WORKSHEETS\STM32L476RG\44_Simple_Tasks_Creation_FreeRTOS\Core\Inc\stm32l4xx_it.h_save
2025-11-27 18:47:41,281 [INFO] CodeEngine:289 - Generated code: D:\BITSILICA_WORKSHEETS\STM32L476RG\44_Simple_Tasks_Creation_FreeRTOS\Core\Inc\stm32l4xx_it.h
2025-11-27 18:47:41,311 [INFO] CodeEngine:265 - oldGeneratedFile, D:\BITSILICA_WORKSHEETS\STM32L476RG\44_Simple_Tasks_Creation_FreeRTOS\Core\Src\stm32l4xx_hal_msp.c_save
2025-11-27 18:47:41,418 [INFO] CodeEngine:289 - Generated code: D:\BITSILICA_WORKSHEETS\STM32L476RG\44_Simple_Tasks_Creation_FreeRTOS\Core\Src\stm32l4xx_hal_msp.c
2025-11-27 18:47:41,431 [INFO] CodeEngine:265 - oldGeneratedFile, D:\BITSILICA_WORKSHEETS\STM32L476RG\44_Simple_Tasks_Creation_FreeRTOS\MXTmpFiles\system.tmp_save
2025-11-27 18:47:41,488 [INFO] CodeEngine:289 - Generated code: D:\BITSILICA_WORKSHEETS\STM32L476RG\44_Simple_Tasks_Creation_FreeRTOS\MXTmpFiles\system.tmp
2025-11-27 18:47:41,515 [INFO] CodeEngine:321 - oldGeneratedFile, D:\BITSILICA_WORKSHEETS\STM32L476RG\44_Simple_Tasks_Creation_FreeRTOS\Core\Inc\stm32l4xx_hal_conf.h_save
2025-11-27 18:47:41,585 [INFO] CodeEngine:345 - Generated code: D:\BITSILICA_WORKSHEETS\STM32L476RG\44_Simple_Tasks_Creation_FreeRTOS\Core\Inc\stm32l4xx_hal_conf.h
2025-11-27 18:47:41,643 [INFO] CodeEngine:265 - oldGeneratedFile, D:\BITSILICA_WORKSHEETS\STM32L476RG\44_Simple_Tasks_Creation_FreeRTOS\Core\Inc\main.h_save
2025-11-27 18:47:41,720 [INFO] CodeEngine:289 - Generated code: D:\BITSILICA_WORKSHEETS\STM32L476RG\44_Simple_Tasks_Creation_FreeRTOS\Core\Inc\main.h
2025-11-27 18:47:41,739 [INFO] CodeEngine:265 - oldGeneratedFile, D:\BITSILICA_WORKSHEETS\STM32L476RG\44_Simple_Tasks_Creation_FreeRTOS\Core\Src\main.c_save
2025-11-27 18:47:41,884 [INFO] CodeEngine:289 - Generated code: D:\BITSILICA_WORKSHEETS\STM32L476RG\44_Simple_Tasks_Creation_FreeRTOS\Core\Src\main.c
2025-11-27 18:47:42,812 [INFO] ProjectBuilder:3606 - Time for Copy HAL[1] : 743mS.
2025-11-27 18:47:42,820 [INFO] ProjectBuilder:5216 - Project Generator version: 4.7.0-B52
2025-11-27 18:47:42,895 [INFO] ConfigFileManager:1595 - The Die is : DIE415
2025-11-27 18:47:44,681 [INFO] ProjectBuilder:5496 - Time for Generating toolchain IDE Files: 1861mS.
2025-11-27 18:47:44,683 [INFO] ProjectBuilder:3463 - Time for Copy CMSIS : 1mS.
2025-11-27 18:47:44,710 [INFO] ProjectBuilder:3463 - Time for Copy CMSIS : 0mS.
2025-11-27 18:50:10,922 [ERROR] RtosPanel:558 - Can not restore the selected Tab for FREERTOS(A reason can be that the tab is no more available.)
2025-11-27 18:50:11,020 [ERROR] RtosPanel:558 - Can not restore the selected Tab for FREERTOS(A reason can be that the tab is no more available.)
2025-11-27 18:50:11,347 [ERROR] RtosPanel:558 - Can not restore the selected Tab for FREERTOS(A reason can be that the tab is no more available.)
2025-11-27 18:50:13,258 [ERROR] RtosPanel:558 - Can not restore the selected Tab for FREERTOS(A reason can be that the tab is no more available.)
2025-11-27 18:50:13,363 [ERROR] RtosPanel:558 - Can not restore the selected Tab for FREERTOS(A reason can be that the tab is no more available.)
2025-11-27 18:50:13,607 [ERROR] RtosPanel:558 - Can not restore the selected Tab for FREERTOS(A reason can be that the tab is no more available.)
2025-11-27 18:50:14,795 [INFO] UtilMem:75 - End SaveConfig() Used Memory: 771116912 Bytes (1073741824)
2025-11-27 18:50:17,049 [INFO] UtilMem:75 - End SaveConfig() Used Memory: 800477040 Bytes (1073741824)
2025-11-27 18:50:18,799 [INFO] UtilMem:75 - End SaveConfig() Used Memory: 886460272 Bytes (1073741824)
2025-11-27 18:50:20,251 [INFO] BlockDiagram:2775 - set Specific Code input for plugin: FREERTOS
2025-11-27 18:50:20,252 [INFO] BlockDiagram:2775 - set Specific Code input for plugin: SYS
2025-11-27 18:50:20,252 [INFO] BlockDiagram:2775 - set Specific Code input for plugin: RCC
2025-11-27 18:50:20,252 [INFO] BlockDiagram:2775 - set Specific Code input for plugin: NVIC
2025-11-27 18:50:20,252 [INFO] BlockDiagram:2775 - set Specific Code input for plugin: USART
2025-11-27 18:50:20,253 [INFO] BlockDiagram:2775 - set Specific Code input for plugin: GPIO
2025-11-27 18:50:20,257 [INFO] CodeGenerator:892 - code generatio: config db path: C:\ST\STM32CubeIDE_1.19.0\STM32CubeIDE\plugins\com.st.stm32cube.common.mx_6.15.0.202507011659\\db\
2025-11-27 18:50:20,450 [INFO] CodeEngine:265 - oldGeneratedFile, D:\BITSILICA_WORKSHEETS\STM32L476RG\44_Simple_Tasks_Creation_FreeRTOS\MXTmpFiles\license.tmp_save
2025-11-27 18:50:20,511 [INFO] CodeEngine:289 - Generated code: D:\BITSILICA_WORKSHEETS\STM32L476RG\44_Simple_Tasks_Creation_FreeRTOS\MXTmpFiles\license.tmp
2025-11-27 18:50:20,548 [INFO] CodeEngine:265 - oldGeneratedFile, D:\BITSILICA_WORKSHEETS\STM32L476RG\44_Simple_Tasks_Creation_FreeRTOS\MXTmpFiles\gpio.tmp_save
2025-11-27 18:50:20,609 [INFO] CodeEngine:289 - Generated code: D:\BITSILICA_WORKSHEETS\STM32L476RG\44_Simple_Tasks_Creation_FreeRTOS\MXTmpFiles\gpio.tmp
2025-11-27 18:50:20,712 [INFO] Middleware:1452 - No code input for Bsp Dependency
2025-11-27 18:50:20,726 [INFO] CodeEngine:265 - oldGeneratedFile, D:\BITSILICA_WORKSHEETS\STM32L476RG\44_Simple_Tasks_Creation_FreeRTOS\MXTmpFiles\rtos_inc.tmp_save
2025-11-27 18:50:20,785 [INFO] CodeEngine:289 - Generated code: D:\BITSILICA_WORKSHEETS\STM32L476RG\44_Simple_Tasks_Creation_FreeRTOS\MXTmpFiles\rtos_inc.tmp
2025-11-27 18:50:20,798 [INFO] CodeEngine:265 - oldGeneratedFile, D:\BITSILICA_WORKSHEETS\STM32L476RG\44_Simple_Tasks_Creation_FreeRTOS\MXTmpFiles\rtos_kernelInit.tmp_save
2025-11-27 18:50:20,870 [INFO] CodeEngine:289 - Generated code: D:\BITSILICA_WORKSHEETS\STM32L476RG\44_Simple_Tasks_Creation_FreeRTOS\MXTmpFiles\rtos_kernelInit.tmp
2025-11-27 18:50:20,883 [INFO] CodeEngine:265 - oldGeneratedFile, D:\BITSILICA_WORKSHEETS\STM32L476RG\44_Simple_Tasks_Creation_FreeRTOS\MXTmpFiles\rtos_kernelStart.tmp_save
2025-11-27 18:50:20,944 [INFO] CodeEngine:289 - Generated code: D:\BITSILICA_WORKSHEETS\STM32L476RG\44_Simple_Tasks_Creation_FreeRTOS\MXTmpFiles\rtos_kernelStart.tmp
2025-11-27 18:50:20,955 [INFO] CodeEngine:265 - oldGeneratedFile, D:\BITSILICA_WORKSHEETS\STM32L476RG\44_Simple_Tasks_Creation_FreeRTOS\MXTmpFiles\rtos_typedefs.tmp_save
2025-11-27 18:50:21,045 [INFO] CodeEngine:289 - Generated code: D:\BITSILICA_WORKSHEETS\STM32L476RG\44_Simple_Tasks_Creation_FreeRTOS\MXTmpFiles\rtos_typedefs.tmp
2025-11-27 18:50:21,055 [INFO] CodeEngine:265 - oldGeneratedFile, D:\BITSILICA_WORKSHEETS\STM32L476RG\44_Simple_Tasks_Creation_FreeRTOS\MXTmpFiles\rtos_vars.tmp_save
2025-11-27 18:50:21,117 [INFO] CodeEngine:289 - Generated code: D:\BITSILICA_WORKSHEETS\STM32L476RG\44_Simple_Tasks_Creation_FreeRTOS\MXTmpFiles\rtos_vars.tmp
2025-11-27 18:50:21,128 [INFO] CodeEngine:265 - oldGeneratedFile, D:\BITSILICA_WORKSHEETS\STM32L476RG\44_Simple_Tasks_Creation_FreeRTOS\MXTmpFiles\rtos_pfp.tmp_save
2025-11-27 18:50:21,185 [INFO] CodeEngine:289 - Generated code: D:\BITSILICA_WORKSHEETS\STM32L476RG\44_Simple_Tasks_Creation_FreeRTOS\MXTmpFiles\rtos_pfp.tmp
2025-11-27 18:50:21,197 [INFO] CodeEngine:265 - oldGeneratedFile, D:\BITSILICA_WORKSHEETS\STM32L476RG\44_Simple_Tasks_Creation_FreeRTOS\MXTmpFiles\rtos_obj_creat.tmp_save
2025-11-27 18:50:21,256 [INFO] CodeEngine:289 - Generated code: D:\BITSILICA_WORKSHEETS\STM32L476RG\44_Simple_Tasks_Creation_FreeRTOS\MXTmpFiles\rtos_obj_creat.tmp
2025-11-27 18:50:21,268 [INFO] CodeEngine:265 - oldGeneratedFile, D:\BITSILICA_WORKSHEETS\STM32L476RG\44_Simple_Tasks_Creation_FreeRTOS\MXTmpFiles\rtos_default_thread.tmp_save
2025-11-27 18:50:21,326 [INFO] CodeEngine:289 - Generated code: D:\BITSILICA_WORKSHEETS\STM32L476RG\44_Simple_Tasks_Creation_FreeRTOS\MXTmpFiles\rtos_default_thread.tmp
2025-11-27 18:50:21,337 [INFO] CodeEngine:265 - oldGeneratedFile, D:\BITSILICA_WORKSHEETS\STM32L476RG\44_Simple_Tasks_Creation_FreeRTOS\MXTmpFiles\rtos_threads.tmp_save
2025-11-27 18:50:21,396 [INFO] CodeEngine:289 - Generated code: D:\BITSILICA_WORKSHEETS\STM32L476RG\44_Simple_Tasks_Creation_FreeRTOS\MXTmpFiles\rtos_threads.tmp
2025-11-27 18:50:21,419 [INFO] Middleware:1452 - No code input for Bsp Dependency
2025-11-27 18:50:21,437 [INFO] CodeEngine:265 - oldGeneratedFile, D:\BITSILICA_WORKSHEETS\STM32L476RG\44_Simple_Tasks_Creation_FreeRTOS\MXTmpFiles\rtos_inc.tmp_save
2025-11-27 18:50:21,501 [INFO] CodeEngine:289 - Generated code: D:\BITSILICA_WORKSHEETS\STM32L476RG\44_Simple_Tasks_Creation_FreeRTOS\MXTmpFiles\rtos_inc.tmp
2025-11-27 18:50:21,517 [INFO] CodeEngine:265 - oldGeneratedFile, D:\BITSILICA_WORKSHEETS\STM32L476RG\44_Simple_Tasks_Creation_FreeRTOS\MXTmpFiles\rtos_kernelInit.tmp_save
2025-11-27 18:50:21,578 [INFO] CodeEngine:289 - Generated code: D:\BITSILICA_WORKSHEETS\STM32L476RG\44_Simple_Tasks_Creation_FreeRTOS\MXTmpFiles\rtos_kernelInit.tmp
2025-11-27 18:50:21,594 [INFO] CodeEngine:265 - oldGeneratedFile, D:\BITSILICA_WORKSHEETS\STM32L476RG\44_Simple_Tasks_Creation_FreeRTOS\MXTmpFiles\rtos_kernelStart.tmp_save
2025-11-27 18:50:21,659 [INFO] CodeEngine:289 - Generated code: D:\BITSILICA_WORKSHEETS\STM32L476RG\44_Simple_Tasks_Creation_FreeRTOS\MXTmpFiles\rtos_kernelStart.tmp
2025-11-27 18:50:21,675 [INFO] CodeEngine:265 - oldGeneratedFile, D:\BITSILICA_WORKSHEETS\STM32L476RG\44_Simple_Tasks_Creation_FreeRTOS\MXTmpFiles\rtos_typedefs.tmp_save
2025-11-27 18:50:21,740 [INFO] CodeEngine:289 - Generated code: D:\BITSILICA_WORKSHEETS\STM32L476RG\44_Simple_Tasks_Creation_FreeRTOS\MXTmpFiles\rtos_typedefs.tmp
2025-11-27 18:50:21,755 [INFO] CodeEngine:265 - oldGeneratedFile, D:\BITSILICA_WORKSHEETS\STM32L476RG\44_Simple_Tasks_Creation_FreeRTOS\MXTmpFiles\rtos_vars.tmp_save
2025-11-27 18:50:21,820 [INFO] CodeEngine:289 - Generated code: D:\BITSILICA_WORKSHEETS\STM32L476RG\44_Simple_Tasks_Creation_FreeRTOS\MXTmpFiles\rtos_vars.tmp
2025-11-27 18:50:21,842 [INFO] CodeEngine:265 - oldGeneratedFile, D:\BITSILICA_WORKSHEETS\STM32L476RG\44_Simple_Tasks_Creation_FreeRTOS\MXTmpFiles\rtos_pfp.tmp_save
2025-11-27 18:50:21,904 [INFO] CodeEngine:289 - Generated code: D:\BITSILICA_WORKSHEETS\STM32L476RG\44_Simple_Tasks_Creation_FreeRTOS\MXTmpFiles\rtos_pfp.tmp
2025-11-27 18:50:21,921 [INFO] CodeEngine:265 - oldGeneratedFile, D:\BITSILICA_WORKSHEETS\STM32L476RG\44_Simple_Tasks_Creation_FreeRTOS\MXTmpFiles\rtos_obj_creat.tmp_save
2025-11-27 18:50:21,999 [INFO] CodeEngine:289 - Generated code: D:\BITSILICA_WORKSHEETS\STM32L476RG\44_Simple_Tasks_Creation_FreeRTOS\MXTmpFiles\rtos_obj_creat.tmp
2025-11-27 18:50:22,018 [INFO] CodeEngine:265 - oldGeneratedFile, D:\BITSILICA_WORKSHEETS\STM32L476RG\44_Simple_Tasks_Creation_FreeRTOS\MXTmpFiles\rtos_default_thread.tmp_save
2025-11-27 18:50:22,111 [INFO] CodeEngine:289 - Generated code: D:\BITSILICA_WORKSHEETS\STM32L476RG\44_Simple_Tasks_Creation_FreeRTOS\MXTmpFiles\rtos_default_thread.tmp
2025-11-27 18:50:22,128 [INFO] CodeEngine:265 - oldGeneratedFile, D:\BITSILICA_WORKSHEETS\STM32L476RG\44_Simple_Tasks_Creation_FreeRTOS\MXTmpFiles\rtos_threads.tmp_save
2025-11-27 18:50:22,191 [INFO] CodeEngine:289 - Generated code: D:\BITSILICA_WORKSHEETS\STM32L476RG\44_Simple_Tasks_Creation_FreeRTOS\MXTmpFiles\rtos_threads.tmp
2025-11-27 18:50:22,207 [INFO] CodeEngine:265 - oldGeneratedFile, D:\BITSILICA_WORKSHEETS\STM32L476RG\44_Simple_Tasks_Creation_FreeRTOS\Core\Inc\FreeRTOSConfig.h_save
2025-11-27 18:50:22,287 [INFO] CodeEngine:289 - Generated code: D:\BITSILICA_WORKSHEETS\STM32L476RG\44_Simple_Tasks_Creation_FreeRTOS\Core\Inc\FreeRTOSConfig.h
2025-11-27 18:50:22,305 [INFO] CodeEngine:265 - oldGeneratedFile, D:\BITSILICA_WORKSHEETS\STM32L476RG\44_Simple_Tasks_Creation_FreeRTOS\Core\Src\freertos.c_save
2025-11-27 18:50:22,376 [INFO] CodeEngine:289 - Generated code: D:\BITSILICA_WORKSHEETS\STM32L476RG\44_Simple_Tasks_Creation_FreeRTOS\Core\Src\freertos.c
2025-11-27 18:50:22,405 [INFO] CodeEngine:265 - oldGeneratedFile, D:\BITSILICA_WORKSHEETS\STM32L476RG\44_Simple_Tasks_Creation_FreeRTOS\Core\Src\stm32l4xx_it.c_save
2025-11-27 18:50:22,478 [INFO] CodeEngine:289 - Generated code: D:\BITSILICA_WORKSHEETS\STM32L476RG\44_Simple_Tasks_Creation_FreeRTOS\Core\Src\stm32l4xx_it.c
2025-11-27 18:50:22,496 [INFO] CodeEngine:265 - oldGeneratedFile, D:\BITSILICA_WORKSHEETS\STM32L476RG\44_Simple_Tasks_Creation_FreeRTOS\Core\Inc\stm32l4xx_it.h_save
2025-11-27 18:50:22,565 [INFO] CodeEngine:289 - Generated code: D:\BITSILICA_WORKSHEETS\STM32L476RG\44_Simple_Tasks_Creation_FreeRTOS\Core\Inc\stm32l4xx_it.h
2025-11-27 18:50:22,594 [INFO] CodeEngine:265 - oldGeneratedFile, D:\BITSILICA_WORKSHEETS\STM32L476RG\44_Simple_Tasks_Creation_FreeRTOS\Core\Src\stm32l4xx_hal_msp.c_save
2025-11-27 18:50:22,692 [INFO] CodeEngine:289 - Generated code: D:\BITSILICA_WORKSHEETS\STM32L476RG\44_Simple_Tasks_Creation_FreeRTOS\Core\Src\stm32l4xx_hal_msp.c
2025-11-27 18:50:22,704 [INFO] CodeEngine:265 - oldGeneratedFile, D:\BITSILICA_WORKSHEETS\STM32L476RG\44_Simple_Tasks_Creation_FreeRTOS\MXTmpFiles\system.tmp_save
2025-11-27 18:50:22,762 [INFO] CodeEngine:289 - Generated code: D:\BITSILICA_WORKSHEETS\STM32L476RG\44_Simple_Tasks_Creation_FreeRTOS\MXTmpFiles\system.tmp
2025-11-27 18:50:22,788 [INFO] CodeEngine:321 - oldGeneratedFile, D:\BITSILICA_WORKSHEETS\STM32L476RG\44_Simple_Tasks_Creation_FreeRTOS\Core\Inc\stm32l4xx_hal_conf.h_save
2025-11-27 18:50:22,861 [INFO] CodeEngine:345 - Generated code: D:\BITSILICA_WORKSHEETS\STM32L476RG\44_Simple_Tasks_Creation_FreeRTOS\Core\Inc\stm32l4xx_hal_conf.h
2025-11-27 18:50:22,908 [INFO] CodeEngine:265 - oldGeneratedFile, D:\BITSILICA_WORKSHEETS\STM32L476RG\44_Simple_Tasks_Creation_FreeRTOS\Core\Inc\main.h_save
2025-11-27 18:50:22,983 [INFO] CodeEngine:289 - Generated code: D:\BITSILICA_WORKSHEETS\STM32L476RG\44_Simple_Tasks_Creation_FreeRTOS\Core\Inc\main.h
2025-11-27 18:50:23,000 [INFO] CodeEngine:265 - oldGeneratedFile, D:\BITSILICA_WORKSHEETS\STM32L476RG\44_Simple_Tasks_Creation_FreeRTOS\Core\Src\main.c_save
2025-11-27 18:50:23,140 [INFO] CodeEngine:289 - Generated code: D:\BITSILICA_WORKSHEETS\STM32L476RG\44_Simple_Tasks_Creation_FreeRTOS\Core\Src\main.c
2025-11-27 18:50:24,005 [INFO] ProjectBuilder:3606 - Time for Copy HAL[1] : 661mS.
2025-11-27 18:50:24,014 [INFO] ProjectBuilder:5216 - Project Generator version: 4.7.0-B52
2025-11-27 18:50:24,088 [INFO] ConfigFileManager:1595 - The Die is : DIE415
2025-11-27 18:50:26,071 [INFO] ProjectBuilder:5496 - Time for Generating toolchain IDE Files: 2057mS.
2025-11-27 18:50:26,073 [INFO] ProjectBuilder:3463 - Time for Copy CMSIS : 1mS.
2025-11-27 18:50:26,094 [INFO] ProjectBuilder:3463 - Time for Copy CMSIS : 0mS.
2025-11-27 19:11:44,853 [INFO] WebApp:194 - Connection lost
2025-11-27 19:11:45,110 [INFO] WebApp:191 - Connection restablished
2025-11-27 19:24:46,541 [INFO] MainUpdater:2872 - connection check result : 10
2025-11-27 19:24:46,541 [INFO] MainUpdater:2872 - connection check result : 10
2025-11-27 19:24:48,330 [INFO] MicroXplorer:468 - Change Database Path : 
2025-11-27 19:24:48,330 [INFO] MicroXplorer:498 - Change Database Version : DB.6.0.150
2025-11-27 19:24:48,402 [ERROR] ProjectManagerView:395 - 
java.lang.NullPointerException: Cannot invoke "javax.swing.JTextField.getText()" because the return value of "java.util.List.get(int)" is null
	at com.st.microxplorer.plugins.projectmanager.gui.ProjectChoiceTab$9.caretUpdate(ProjectChoiceTab.java:2706) ~[filemanager.jar:?]
	at javax.swing.text.JTextComponent.fireCaretUpdate(JTextComponent.java:408) ~[?:?]
	at javax.swing.text.JTextComponent$MutableCaretEvent.fire(JTextComponent.java:4484) ~[?:?]
	at javax.swing.text.JTextComponent$MutableCaretEvent.stateChanged(JTextComponent.java:4506) ~[?:?]
	at javax.swing.text.DefaultCaret.fireStateChanged(DefaultCaret.java:857) ~[?:?]
	at javax.swing.text.DefaultCaret.changeCaretPosition(DefaultCaret.java:1343) ~[?:?]
	at javax.swing.text.DefaultCaret.handleSetDot(DefaultCaret.java:1242) ~[?:?]
	at javax.swing.text.DefaultCaret.setDot(DefaultCaret.java:1223) ~[?:?]
	at javax.swing.text.DefaultCaret$Handler.insertUpdate(DefaultCaret.java:1819) ~[?:?]
	at javax.swing.text.AbstractDocument.fireInsertUpdate(AbstractDocument.java:227) ~[?:?]
	at javax.swing.text.AbstractDocument.handleInsertString(AbstractDocument.java:781) ~[?:?]
	at javax.swing.text.AbstractDocument.insertString(AbstractDocument.java:740) ~[?:?]
	at javax.swing.text.PlainDocument.insertString(PlainDocument.java:131) ~[?:?]
	at javax.swing.text.AbstractDocument.replace(AbstractDocument.java:699) ~[?:?]
	at javax.swing.text.JTextComponent.setText(JTextComponent.java:1725) ~[?:?]
	at com.st.microxplorer.plugins.projectmanager.gui.ProjectChoiceTab.createHeapStackFields(ProjectChoiceTab.java:993) ~[filemanager.jar:?]
	at com.st.microxplorer.plugins.projectmanager.gui.ProjectChoiceTab.buildLinkSettingsPanel(ProjectChoiceTab.java:3813) ~[filemanager.jar:?]
	at com.st.microxplorer.plugins.projectmanager.gui.ProjectChoiceTab.defineWindowsFields(ProjectChoiceTab.java:1987) ~[filemanager.jar:?]
	at com.st.microxplorer.plugins.projectmanager.gui.ProjectChoiceTab.updateSettings(ProjectChoiceTab.java:558) ~[filemanager.jar:?]
	at com.st.microxplorer.plugins.projectmanager.gui.ProjectSettingsPanel.UpdateDialog(ProjectSettingsPanel.java:247) ~[filemanager.jar:?]
	at com.st.microxplorer.plugins.projectmanager.ProjectManagerView.propertyChange(ProjectManagerView.java:392) ~[filemanager.jar:?]
	at java.beans.PropertyChangeSupport.fire(PropertyChangeSupport.java:343) ~[?:?]
	at java.beans.PropertyChangeSupport.firePropertyChange(PropertyChangeSupport.java:335) ~[?:?]
	at java.beans.PropertyChangeSupport.firePropertyChange(PropertyChangeSupport.java:268) ~[?:?]
	at com.st.microxplorer.util.MXPropertyChangeSupport.firePropertyChange(MXPropertyChangeSupport.java:54) ~[STM32CubeMX.jar:?]
	at com.st.microxplorer.mxsystem.MxSystem.closeConfig(MxSystem.java:899) ~[STM32CubeMX.jar:?]
	at com.st.microxplorer.maingui.MainPanel.closeConfig(MainPanel.java:792) ~[STM32CubeMX.jar:?]
	at com.st.microxplorer.plugins.filemanager.engine.OpenFileManager.loadConfigurationFile(OpenFileManager.java:288) ~[filemanager.jar:?]
	at com.st.microxplorer.plugins.filemanager.engine.MainFileManager.userLoadConfig(MainFileManager.java:364) ~[filemanager.jar:?]
	at com.st.microxplorer.plugins.filemanager.engine.MainFileManager.userLoadConfig(MainFileManager.java:342) ~[filemanager.jar:?]
	at com.st.microxplorer.plugins.filemanager.FileManagerView.getSpecificTask(FileManagerView.java:264) ~[filemanager.jar:?]
	at com.st.stm32cube.common.mx.editor.CubeMxEditor.getMxTabbedPaneInstance(CubeMxEditor.java:1198) ~[com.st.stm32cube.common.mx_6.15.0.202507011659/:?]
	at com.st.stm32cube.common.mx.editor.CubeMxEditor$12$1.createSwingComponent(CubeMxEditor.java:1068) ~[com.st.stm32cube.common.mx_6.15.0.202507011659/:?]
	at com.st.stm32cube.common.mx.oss.core.awtswtbridge.EmbeddedSwingComposite.doComponentCreation(EmbeddedSwingComposite.java:492) ~[com.st.stm32cube.common.mx.oss_6.15.0.202507011659/:?]
	at com.st.stm32cube.common.mx.oss.core.awtswtbridge.EmbeddedSwingComposite$4.run(EmbeddedSwingComposite.java:291) ~[com.st.stm32cube.common.mx.oss_6.15.0.202507011659/:?]
	at com.st.stm32cube.common.mx.oss.core.awtswtbridge.AwtEnvironment$2.run(AwtEnvironment.java:166) ~[com.st.stm32cube.common.mx.oss_6.15.0.202507011659/:?]
	at java.awt.event.InvocationEvent.dispatch(InvocationEvent.java:318) ~[?:?]
	at java.awt.EventQueue.dispatchEventImpl(EventQueue.java:773) ~[?:?]
	at java.awt.EventQueue$4.run(EventQueue.java:720) ~[?:?]
	at java.awt.EventQueue$4.run(EventQueue.java:714) ~[?:?]
	at java.security.AccessController.doPrivileged(AccessController.java:400) ~[?:?]
	at java.security.ProtectionDomain$JavaSecurityAccessImpl.doIntersectionPrivilege(ProtectionDomain.java:87) ~[?:?]
	at java.awt.EventQueue.dispatchEvent(EventQueue.java:742) ~[?:?]
	at java.awt.EventDispatchThread.pumpOneEventForFilters(EventDispatchThread.java:203) ~[?:?]
	at java.awt.EventDispatchThread.pumpEventsForFilter(EventDispatchThread.java:124) ~[?:?]
	at java.awt.EventDispatchThread.pumpEventsForHierarchy(EventDispatchThread.java:113) ~[?:?]
	at java.awt.EventDispatchThread.pumpEvents(EventDispatchThread.java:109) ~[?:?]
	at java.awt.EventDispatchThread.pumpEvents(EventDispatchThread.java:101) ~[?:?]
	at java.awt.EventDispatchThread.run(EventDispatchThread.java:90) ~[?:?]
2025-11-27 19:24:48,430 [WARN] ThirdParty:871 - waiting for thirdparty lock release [close project]
2025-11-27 19:24:48,430 [INFO] ThirdParty:873 - entering critical section [close project]
2025-11-27 19:24:48,431 [INFO] ThirdParty:883 - exiting critical section [close project]
2025-11-27 19:24:48,434 [INFO] PinOutPanel:1589 - setPackage(No Configuration,No Configuration)
2025-11-27 19:24:48,454 [INFO] UtilMem:75 - Begin LoadConfig() Used Memory: 826496264 Bytes (1073741824)
2025-11-27 19:24:48,455 [INFO] MicroXplorer:468 - Change Database Path : 
2025-11-27 19:24:48,455 [INFO] MicroXplorer:498 - Change Database Version : DB.6.0.150
2025-11-27 19:24:48,456 [INFO] OpenFileManager:355 - Change cursor
2025-11-27 19:24:48,514 [INFO] RulesReader:64 - Compatibility file has been processed (317 Rules)
2025-11-27 19:24:48,530 [INFO] Mcu:2029 - Initializing MCU STM32L476R(C-E-G)Tx STM32L476RGTx STM32L476RGT3
2025-11-27 19:24:51,704 [INFO] Context:786 - Trying to add GPIOservice into a context  which must be forbidden
2025-11-27 19:24:52,551 [INFO] ImportTextPane:234 - (OptionalMessage_ERROR) Pin13 (VP_RIF_VS_RIF1) cannot be retrieved for this MCU
2025-11-27 19:24:52,925 [INFO] RtosManager:558 - Registered RTOS mode: class=CMSIS, group=RTOS, mode=CMSIS_V1, owner=FREERTOS
2025-11-27 19:24:52,925 [INFO] RtosManager:558 - Registered RTOS mode: class=CMSIS, group=RTOS2, mode=CMSIS_V2, owner=FREERTOS
2025-11-27 19:24:52,925 [INFO] RtosManager:558 - Registered RTOS mode: class=RTOS, group=Core, mode=CMSIS_V1, owner=FREERTOS
2025-11-27 19:24:52,925 [INFO] RtosManager:558 - Registered RTOS mode: class=RTOS, group=Core, mode=CMSIS_V2, owner=FREERTOS
2025-11-27 19:24:52,926 [WARN] ModelIntegratedComponent:184 - Missing modes for component STMicroelectronics:FreeRTOS:0.0.1:STMicroelectronics:RTOS:FreeRTOS:Core:::10.2.0:
2025-11-27 19:24:52,944 [WARN] ModelIntegratedComponent:63 - No mode defined for component null
2025-11-27 19:24:52,945 [WARN] ModelIntegratedComponent:63 - No mode defined for component null
2025-11-27 19:24:52,945 [WARN] ModelIntegratedComponent:63 - No mode defined for component null
2025-11-27 19:24:52,945 [WARN] ModelIntegratedComponent:63 - No mode defined for component null
2025-11-27 19:24:52,945 [WARN] ModelIntegratedComponent:63 - No mode defined for component null
2025-11-27 19:24:52,945 [WARN] ModelIntegratedComponent:63 - No mode defined for component null
2025-11-27 19:24:52,945 [WARN] ModelIntegratedComponent:63 - No mode defined for component null
2025-11-27 19:24:52,946 [WARN] ModelIntegratedComponent:63 - No mode defined for component null
2025-11-27 19:24:52,946 [WARN] ModelIntegratedComponent:63 - No mode defined for component null
2025-11-27 19:24:52,946 [WARN] ModelIntegratedComponent:63 - No mode defined for component null
2025-11-27 19:24:52,946 [WARN] ModelIntegratedComponent:63 - No mode defined for component null
2025-11-27 19:24:52,946 [WARN] ModelIntegratedComponent:63 - No mode defined for component null
2025-11-27 19:24:52,946 [WARN] ModelIntegratedComponent:63 - No mode defined for component null
2025-11-27 19:24:52,946 [WARN] ModelIntegratedComponent:63 - No mode defined for component null
2025-11-27 19:24:52,946 [WARN] ModelIntegratedComponent:63 - No mode defined for component null
2025-11-27 19:24:52,947 [WARN] ModelIntegratedComponent:63 - No mode defined for component null
2025-11-27 19:24:52,947 [WARN] ModelIntegratedComponent:63 - No mode defined for component null
2025-11-27 19:24:52,947 [WARN] ModelIntegratedComponent:63 - No mode defined for component null
2025-11-27 19:24:52,947 [WARN] ModelIntegratedComponent:63 - No mode defined for component null
2025-11-27 19:24:52,947 [WARN] ModelIntegratedComponent:63 - No mode defined for component null
2025-11-27 19:24:52,947 [WARN] ModelIntegratedComponent:63 - No mode defined for component null
2025-11-27 19:24:52,947 [WARN] ModelIntegratedComponent:63 - No mode defined for component null
2025-11-27 19:24:52,947 [WARN] ModelIntegratedComponent:63 - No mode defined for component null
2025-11-27 19:24:52,947 [WARN] ModelIntegratedComponent:63 - No mode defined for component null
2025-11-27 19:24:52,947 [WARN] ModelIntegratedComponent:63 - No mode defined for component null
2025-11-27 19:24:52,947 [WARN] ModelIntegratedComponent:63 - No mode defined for component null
2025-11-27 19:24:52,948 [WARN] ModelIntegratedComponent:63 - No mode defined for component null
2025-11-27 19:24:52,948 [WARN] ModelIntegratedComponent:63 - No mode defined for component null
2025-11-27 19:24:52,948 [WARN] ModelIntegratedComponent:63 - No mode defined for component null
2025-11-27 19:24:52,948 [WARN] ModelIntegratedComponent:63 - No mode defined for component null
2025-11-27 19:24:52,948 [WARN] ModelIntegratedComponent:63 - No mode defined for component null
2025-11-27 19:24:52,948 [WARN] ModelIntegratedComponent:63 - No mode defined for component null
2025-11-27 19:24:52,948 [WARN] ModelIntegratedComponent:63 - No mode defined for component null
2025-11-27 19:24:52,948 [WARN] ModelIntegratedComponent:63 - No mode defined for component null
2025-11-27 19:24:52,948 [WARN] ModelIntegratedComponent:63 - No mode defined for component null
2025-11-27 19:24:52,949 [WARN] ModelPack:524 - Component already loaded: STMicroelectronics:HAL Drivers:0.0.0:STMicroelectronics:Device:STMicro_Driver:XSPI:HAL::0.0.1:HAL_XSPI
2025-11-27 19:24:53,127 [INFO] ThirdPartyModel:298 - Start build external matchings
2025-11-27 19:24:54,197 [INFO] ThirdPartyModel:316 - End build external matchings
2025-11-27 19:24:54,218 [INFO] RtosManager:1018 - Current active RTOS is FREERTOS [Cortex-M4NS]
2025-11-27 19:24:54,235 [INFO] ImportTextPane:234 - (OptionalMessage_ERROR) IP (RCC) : Invalid parameter (FamilyName)
2025-11-27 19:24:54,238 [INFO] ImportTextPane:234 - (OptionalMessage_ERROR) IP (RCC) : Parameter (RNGFreq_Value) has invalid value (64000000)
2025-11-27 19:24:54,238 [INFO] ImportTextPane:234 - (OptionalMessage_ERROR) IP (RCC) : Parameter (SDMMCFreq_Value) has invalid value (64000000)
2025-11-27 19:24:54,238 [INFO] ImportTextPane:234 - (OptionalMessage_ERROR) IP (RCC) : Parameter (USBFreq_Value) has invalid value (64000000)
2025-11-27 19:24:54,786 [INFO] UtilMem:75 - End LoadConfig() Used Memory: 978694336 Bytes (1073741824)
2025-11-27 19:24:54,849 [WARN] ThirdParty:833 - waiting for thirdparty lock release [change project]
2025-11-27 19:24:54,850 [INFO] ThirdParty:835 - entering critical section [change project]
2025-11-27 19:24:54,850 [INFO] ThirdParty:1030 - CMSIS Pack Vendor :STMicroelectronics X-CUBE-PM33A1 1.0.0
2025-11-27 19:24:54,850 [INFO] ThirdParty:1030 - CMSIS Pack Vendor :STMicroelectronics USBPD 4.1
2025-11-27 19:24:54,850 [INFO] ThirdParty:1030 - CMSIS Pack Vendor :STMicroelectronics X-CUBE-NFC9 1.0.0
2025-11-27 19:24:54,850 [INFO] ThirdParty:1030 - CMSIS Pack Vendor :STMicroelectronics USB_HOST 2.0.0
2025-11-27 19:24:54,850 [INFO] ThirdParty:1030 - CMSIS Pack Vendor :STMicroelectronics FP-SNS-MOTENVWB1 1.4.0
2025-11-27 19:24:54,851 [INFO] ThirdParty:1030 - CMSIS Pack Vendor :STMicroelectronics X-CUBE-AZRTOS-F4 1.1.0
2025-11-27 19:24:54,851 [INFO] ThirdParty:1030 - CMSIS Pack Vendor :STMicroelectronics LIBJPEG 8.0.0
2025-11-27 19:24:54,851 [INFO] ThirdParty:1030 - CMSIS Pack Vendor :STMicroelectronics FP-ATR-ASTRA1 2.0.2
2025-11-27 19:24:54,851 [INFO] ThirdParty:1030 - CMSIS Pack Vendor :wolfSSL I-CUBE-wolfSSL 5.8.2
2025-11-27 19:24:54,851 [INFO] ThirdParty:1030 - CMSIS Pack Vendor :STMicroelectronics X-CUBE-BLE1 7.1.0
2025-11-27 19:24:54,851 [INFO] ThirdParty:1030 - CMSIS Pack Vendor :STMicroelectronics X-CUBE-SMBUS 2.1.0
2025-11-27 19:24:54,851 [INFO] ThirdParty:1030 - CMSIS Pack Vendor :wolfSSL I-CUBE-wolfMQTT 1.19.2
2025-11-27 19:24:54,851 [INFO] ThirdParty:1030 - CMSIS Pack Vendor :STMicroelectronics USB_DEVICE 3.0.0
2025-11-27 19:24:54,851 [INFO] ThirdParty:1030 - CMSIS Pack Vendor :STMicroelectronics X-CUBE-ISPU 2.1.0
2025-11-27 19:24:54,851 [INFO] ThirdParty:1030 - CMSIS Pack Vendor :STMicroelectronics X-CUBE-FREERTOS 1.4.0
2025-11-27 19:24:54,851 [INFO] ThirdParty:1030 - CMSIS Pack Vendor :STMicroelectronics X-CUBE-EEPRMA1 5.2.0
2025-11-27 19:24:54,851 [INFO] ThirdParty:1030 - CMSIS Pack Vendor :STMicroelectronics X-CUBE-IPS 3.2.0
2025-11-27 19:24:54,851 [INFO] ThirdParty:1030 - CMSIS Pack Vendor :STMicroelectronics X-CUBE-BLEMGR 4.1.0
2025-11-27 19:24:54,851 [INFO] ThirdParty:1030 - CMSIS Pack Vendor :STMicroelectronics X-CUBE-AZRTOS-WB 2.0.0
2025-11-27 19:24:54,851 [INFO] ThirdParty:1030 - CMSIS Pack Vendor :STMicroelectronics X-CUBE-NFC12 1.0.0
2025-11-27 19:24:54,851 [INFO] ThirdParty:1030 - CMSIS Pack Vendor :STMicroelectronics X-CUBE-AZRTOS-F7 1.1.0
2025-11-27 19:24:54,852 [INFO] ThirdParty:1030 - CMSIS Pack Vendor :STMicroelectronics X-CUBE-AZRTOS-L5 2.0.0
2025-11-27 19:24:54,852 [INFO] ThirdParty:1030 - CMSIS Pack Vendor :STMicroelectronics USB_DEVICE 2.0.0
2025-11-27 19:24:54,852 [INFO] ThirdParty:1030 - CMSIS Pack Vendor :STMicroelectronics X-CUBE-NFC6 3.1.0
2025-11-27 19:24:54,852 [INFO] ThirdParty:1030 - CMSIS Pack Vendor :STMicroelectronics X-CUBE-ST67W61 1.1.0
2025-11-27 19:24:54,852 [INFO] ThirdParty:1030 - CMSIS Pack Vendor :Cesanta I-CUBE-Mongoose 7.19.0
2025-11-27 19:24:54,852 [INFO] ThirdParty:1030 - CMSIS Pack Vendor :quantropi X-CUBE-qispace-sdk-base 2.1.0
2025-11-27 19:24:54,852 [INFO] ThirdParty:1030 - CMSIS Pack Vendor :STMicroelectronics X-CUBE-MEMS1 12.0.0
2025-11-27 19:24:54,852 [INFO] ThirdParty:1030 - CMSIS Pack Vendor :STMicroelectronics FP-SNS-MOTENV1 5.1.0
2025-11-27 19:24:54,852 [INFO] ThirdParty:1030 - CMSIS Pack Vendor :STMicroelectronics FreeRTOS 0.0.1
2025-11-27 19:24:54,852 [INFO] ThirdParty:1030 - CMSIS Pack Vendor :STMicroelectronics X-CUBE-AZRTOS-G0 1.1.0
2025-11-27 19:24:54,852 [INFO] ThirdParty:1030 - CMSIS Pack Vendor :STMicroelectronics X-CUBE-NFC4 3.0.0
2025-11-27 19:24:54,852 [INFO] ThirdParty:1030 - CMSIS Pack Vendor :STMicroelectronics X-CUBE-SUBG2 5.0.0
2025-11-27 19:24:54,852 [INFO] ThirdParty:1030 - CMSIS Pack Vendor :STMicroelectronics X-CUBE-AZRTOS-H7RS 1.1.0
2025-11-27 19:24:54,853 [INFO] ThirdParty:1030 - CMSIS Pack Vendor :STMicroelectronics STM32_WPAN 1.0.0
2025-11-27 19:24:54,853 [INFO] ThirdParty:1030 - CMSIS Pack Vendor :EmbeddedOffice I-CUBE-FS-RTOS 1.0.1
2025-11-27 19:24:54,853 [INFO] ThirdParty:1030 - CMSIS Pack Vendor :STMicroelectronics lwIP 2.0.3
2025-11-27 19:24:54,853 [INFO] ThirdParty:1030 - CMSIS Pack Vendor :WES I-CUBE-Cesium 1.4.0
2025-11-27 19:24:54,853 [INFO] ThirdParty:1030 - CMSIS Pack Vendor :STMicroelectronics USB_HOST 1.0.0
2025-11-27 19:24:54,853 [INFO] ThirdParty:1030 - CMSIS Pack Vendor :Infineon AIROC-Wi-Fi-Bluetooth-STM32 1.7.1
2025-11-27 19:24:54,853 [INFO] ThirdParty:1030 - CMSIS Pack Vendor :STMicroelectronics X-CUBE-AZRTOS-G4 2.0.0
2025-11-27 19:24:54,853 [INFO] ThirdParty:1030 - CMSIS Pack Vendor :STMicroelectronics X-CUBE-WB05N 2.0.0
2025-11-27 19:24:54,853 [INFO] ThirdParty:1030 - CMSIS Pack Vendor :STMicroelectronics PDM2PCM 3.1.0
2025-11-27 19:24:54,853 [INFO] ThirdParty:1030 - CMSIS Pack Vendor :STMicroelectronics PDM2PCM 3.3.0
2025-11-27 19:24:54,853 [INFO] ThirdParty:1030 - CMSIS Pack Vendor :wolfSSL I-CUBE-wolfTPM 3.8.0
2025-11-27 19:24:54,854 [INFO] ThirdParty:1030 - CMSIS Pack Vendor :STMicroelectronics X-CUBE-AZRTOS-H7 3.4.0
2025-11-27 19:24:54,854 [INFO] ThirdParty:1030 - CMSIS Pack Vendor :STMicroelectronics X-CUBE-DISPLAY 3.0.0
2025-11-27 19:24:54,854 [INFO] ThirdParty:1030 - CMSIS Pack Vendor :wolfSSL I-CUBE-wolfSSH 1.4.20
2025-11-27 19:24:54,854 [INFO] ThirdParty:1030 - CMSIS Pack Vendor :STMicroelectronics X-CUBE-NFC7 2.0.0
2025-11-27 19:24:54,854 [INFO] ThirdParty:1030 - CMSIS Pack Vendor :STMicroelectronics X-CUBE-TCPP 4.2.0
2025-11-27 19:24:54,854 [INFO] ThirdParty:1030 - CMSIS Pack Vendor :RealThread X-CUBE-RT-Thread_Nano 4.1.1
2025-11-27 19:24:54,854 [INFO] ThirdParty:1030 - CMSIS Pack Vendor :STMicroelectronics FP-ATR-SIGFOX1 3.2.0
2025-11-27 19:24:54,854 [INFO] ThirdParty:1030 - CMSIS Pack Vendor :STMicroelectronics X-CUBE-NFC10 1.0.0
2025-11-27 19:24:54,854 [INFO] ThirdParty:1030 - CMSIS Pack Vendor :STMicroelectronics X-CUBE-FREERTOS 1.3.1
2025-11-27 19:24:54,855 [INFO] ThirdParty:1030 - CMSIS Pack Vendor :STMicroelectronics HAL Drivers 0.0.0
2025-11-27 19:24:54,856 [INFO] ThirdParty:1030 - CMSIS Pack Vendor :STMicroelectronics MBEDTLS 2.16.2
2025-11-27 19:24:54,857 [INFO] ThirdParty:1030 - CMSIS Pack Vendor :STMicroelectronics X-CUBE-ST60 1.1.0
2025-11-27 19:24:54,859 [INFO] ThirdParty:1030 - CMSIS Pack Vendor :STMicroelectronics X-CUBE-ALS 1.0.2
2025-11-27 19:24:54,860 [INFO] ThirdParty:1030 - CMSIS Pack Vendor :emotas I-CUBE-CANOPEN 1.3.0
2025-11-27 19:24:54,860 [INFO] ThirdParty:1030 - CMSIS Pack Vendor :STMicroelectronics MBEDTLS 2.14.1
2025-11-27 19:24:54,861 [INFO] ThirdParty:1030 - CMSIS Pack Vendor :STMicroelectronics X-CUBE-GNSS1 7.1.0
2025-11-27 19:24:54,861 [INFO] ThirdParty:1030 - CMSIS Pack Vendor :ITTIA_DB I-CUBE-ITTIADB 8.9.0
2025-11-27 19:24:54,861 [INFO] ThirdParty:1030 - CMSIS Pack Vendor :STMicroelectronics X-CUBE-TOUCHGFX 4.26.0
2025-11-27 19:24:54,861 [INFO] ThirdParty:1030 - CMSIS Pack Vendor :STMicroelectronics X-CUBE-STSE01 1.0.0
2025-11-27 19:24:54,861 [INFO] ThirdParty:1030 - CMSIS Pack Vendor :STMicroelectronics FP-SNS-STBOX1 2.1.0
2025-11-27 19:24:54,861 [INFO] ThirdParty:1030 - CMSIS Pack Vendor :STMicroelectronics X-CUBE-AI 10.2.0
2025-11-27 19:24:54,861 [INFO] ThirdParty:1030 - CMSIS Pack Vendor :STMicroelectronics FP-SNS-STAIOTCFT 1.0.0
2025-11-27 19:24:54,861 [INFO] ThirdParty:1030 - CMSIS Pack Vendor :STMicroelectronics ThreadX 1.0.0
2025-11-27 19:24:54,861 [INFO] ThirdParty:1030 - CMSIS Pack Vendor :STMicroelectronics FP-SNS-SMARTAG2 1.2.0
2025-11-27 19:24:54,861 [INFO] ThirdParty:1030 - CMSIS Pack Vendor :STMicroelectronics FP-SNS-FLIGHT1 5.1.0
2025-11-27 19:24:54,861 [INFO] ThirdParty:1030 - CMSIS Pack Vendor :STMicroelectronics X-CUBE-AZRTOS-WL 2.0.0
2025-11-27 19:24:54,861 [INFO] ThirdParty:1030 - CMSIS Pack Vendor :SEGGER I-CUBE-embOS 1.3.1
2025-11-27 19:24:54,861 [INFO] ThirdParty:1030 - CMSIS Pack Vendor :STMicroelectronics X-CUBE-ALGOBUILD 1.4.0
2025-11-27 19:24:54,861 [INFO] ThirdParty:1030 - CMSIS Pack Vendor :STMicroelectronics X-CUBE-DPower 1.3.0
2025-11-27 19:24:54,861 [INFO] ThirdParty:1030 - CMSIS Pack Vendor :STMicroelectronics X-CUBE-MEMS1 11.3.0
2025-11-27 19:24:54,861 [INFO] ThirdParty:1030 - CMSIS Pack Vendor :STMicroelectronics USB_DEVICE 1.0.0
2025-11-27 19:24:54,861 [INFO] ThirdParty:1030 - CMSIS Pack Vendor :STMicroelectronics X-CUBE-AZRTOS-H7RS 1.2.0
2025-11-27 19:24:54,862 [INFO] ThirdParty:1030 - CMSIS Pack Vendor :STMicroelectronics X-CUBE-AZRTOS-L4 2.0.0
2025-11-27 19:24:54,862 [INFO] ThirdParty:1030 - CMSIS Pack Vendor :STMicroelectronics ThreadX 0.0.2
2025-11-27 19:24:54,862 [INFO] ThirdParty:1030 - CMSIS Pack Vendor :STMicroelectronics lwIP 2.1.2
2025-11-27 19:24:54,862 [INFO] ThirdParty:1030 - CMSIS Pack Vendor :STMicroelectronics X-CUBE-SFXS2LP1 4.0.0
2025-11-27 19:24:54,862 [INFO] ThirdParty:1030 - CMSIS Pack Vendor :STMicroelectronics X-CUBE-BLE2 3.3.0
2025-11-27 19:24:54,862 [INFO] ThirdParty:1030 - CMSIS Pack Vendor :Avnet-IOTCONNECT X-CUBE-iotc-st67-sdk 1.0.0
2025-11-27 19:24:54,862 [INFO] ThirdParty:1030 - CMSIS Pack Vendor :STMicroelectronics X-CUBE-TOF1 3.4.3
2025-11-27 19:24:54,862 [INFO] ThirdParty:1030 - CMSIS Pack Vendor :STMicroelectronics PDM2PCM 3.2.0
2025-11-27 19:24:54,862 [INFO] ThirdParty:841 - exiting critical section [change project]
2025-11-27 19:24:55,433 [INFO] PinOutPanel:1589 - setPackage(No Configuration,No Configuration)
2025-11-27 19:24:55,437 [INFO] PinOutPanel:1589 - setPackage(STM32L476RGTx,LQFP64)
2025-11-27 19:24:56,532 [INFO] UtilMem:75 - Before build in PCC Used Memory: 921140408 Bytes (1073741824)
2025-11-27 19:24:57,362 [INFO] UtilMem:75 - After build in PCC Used Memory: 755223312 Bytes (1073741824)
2025-11-27 19:24:57,375 [INFO] ApiDbMcu:532 - Load IP Config File for FREERTOS
2025-11-27 19:24:57,414 [INFO] IPUIPlugin:80 - create IPUIPlugin
2025-11-27 19:24:57,414 [INFO] IPUIPlugin:80 - create IPUIPlugin
2025-11-27 19:24:57,414 [INFO] IPUIPlugin:80 - create IPUIPlugin
2025-11-27 19:24:57,415 [INFO] IPUIPlugin:80 - create IPUIPlugin
2025-11-27 19:24:57,415 [INFO] IPUIPlugin:80 - create IPUIPlugin
2025-11-27 19:24:57,415 [INFO] IPUIPlugin:80 - create IPUIPlugin
2025-11-27 19:24:57,415 [INFO] IPUIPlugin:80 - create IPUIPlugin
2025-11-27 19:24:57,415 [INFO] IPUIPlugin:80 - create IPUIPlugin
2025-11-27 19:24:57,416 [INFO] IPUIPlugin:80 - create IPUIPlugin
2025-11-27 19:24:57,416 [INFO] IPUIPlugin:80 - create IPUIPlugin
2025-11-27 19:24:57,416 [INFO] IPUIPlugin:80 - create IPUIPlugin
2025-11-27 19:24:57,416 [INFO] IPUIPlugin:80 - create IPUIPlugin
2025-11-27 19:24:57,416 [INFO] IPUIPlugin:80 - create IPUIPlugin
2025-11-27 19:24:57,416 [INFO] IPUIPlugin:80 - create IPUIPlugin
2025-11-27 19:24:57,417 [INFO] IPUIPlugin:80 - create IPUIPlugin
2025-11-27 19:24:57,417 [INFO] IPUIPlugin:80 - create IPUIPlugin
2025-11-27 19:24:57,417 [INFO] IPUIPlugin:80 - create IPUIPlugin
2025-11-27 19:24:57,417 [INFO] IPUIPlugin:80 - create IPUIPlugin
2025-11-27 19:24:57,417 [INFO] IPUIPlugin:80 - create IPUIPlugin
2025-11-27 19:24:57,418 [INFO] IPUIPlugin:80 - create IPUIPlugin
2025-11-27 19:24:57,418 [INFO] IPUIPlugin:80 - create IPUIPlugin
2025-11-27 19:24:57,418 [INFO] IPUIPlugin:80 - create IPUIPlugin
2025-11-27 19:24:57,418 [INFO] IPUIPlugin:80 - create IPUIPlugin
2025-11-27 19:24:57,418 [INFO] IPUIPlugin:80 - create IPUIPlugin
2025-11-27 19:24:57,418 [INFO] IPUIPlugin:80 - create IPUIPlugin
2025-11-27 19:24:57,419 [INFO] IPUIPlugin:80 - create IPUIPlugin
2025-11-27 19:24:57,419 [INFO] IPUIPlugin:80 - create IPUIPlugin
2025-11-27 19:24:57,419 [INFO] IPUIPlugin:80 - create IPUIPlugin
2025-11-27 19:24:57,419 [INFO] IPUIPlugin:80 - create IPUIPlugin
2025-11-27 19:24:57,419 [INFO] IPUIPlugin:80 - create IPUIPlugin
2025-11-27 19:24:57,419 [INFO] IPUIPlugin:80 - create IPUIPlugin
2025-11-27 19:24:57,420 [INFO] IPUIPlugin:80 - create IPUIPlugin
2025-11-27 19:24:57,420 [INFO] IPUIPlugin:80 - create IPUIPlugin
2025-11-27 19:24:57,420 [INFO] IPUIPlugin:80 - create IPUIPlugin
2025-11-27 19:24:57,420 [INFO] IPUIPlugin:80 - create IPUIPlugin
2025-11-27 19:24:57,420 [INFO] IPUIPlugin:80 - create IPUIPlugin
2025-11-27 19:24:57,421 [INFO] IPUIPlugin:80 - create IPUIPlugin
2025-11-27 19:24:57,421 [INFO] IPUIPlugin:80 - create IPUIPlugin
2025-11-27 19:24:57,421 [INFO] IPUIPlugin:80 - create IPUIPlugin
2025-11-27 19:24:57,421 [INFO] IPUIPlugin:80 - create IPUIPlugin
2025-11-27 19:24:57,421 [INFO] IPUIPlugin:80 - create IPUIPlugin
2025-11-27 19:24:57,422 [INFO] IPUIPlugin:80 - create IPUIPlugin
2025-11-27 19:24:57,422 [INFO] IPUIPlugin:80 - create IPUIPlugin
2025-11-27 19:24:57,423 [INFO] IPUIPlugin:80 - create IPUIPlugin
2025-11-27 19:24:57,424 [INFO] IPUIPlugin:80 - create IPUIPlugin
2025-11-27 19:24:57,424 [INFO] IPUIPlugin:80 - create IPUIPlugin
2025-11-27 19:24:57,425 [INFO] IPUIPlugin:80 - create IPUIPlugin
2025-11-27 19:24:57,425 [INFO] IPUIPlugin:80 - create IPUIPlugin
2025-11-27 19:24:57,425 [INFO] IPUIPlugin:80 - create IPUIPlugin
2025-11-27 19:24:57,426 [INFO] IPUIPlugin:80 - create IPUIPlugin
2025-11-27 19:24:57,426 [INFO] IPUIPlugin:80 - create IPUIPlugin
2025-11-27 19:24:57,426 [INFO] IPUIPlugin:80 - create IPUIPlugin
2025-11-27 19:24:57,426 [INFO] IPUIPlugin:80 - create IPUIPlugin
2025-11-27 19:24:57,427 [INFO] IPUIPlugin:80 - create IPUIPlugin
2025-11-27 19:24:57,427 [INFO] IPUIPlugin:80 - create IPUIPlugin
2025-11-27 19:24:57,428 [INFO] IPUIPlugin:80 - create IPUIPlugin
2025-11-27 19:24:57,428 [INFO] IPUIPlugin:80 - create IPUIPlugin
2025-11-27 19:24:57,429 [INFO] IPUIPlugin:80 - create IPUIPlugin
2025-11-27 19:24:57,429 [INFO] IPUIPlugin:80 - create IPUIPlugin
2025-11-27 19:24:57,443 [WARN] FreeRTOS:1023 - Null or empty value: should not occur! (nothing added to the table)
2025-11-27 19:24:57,528 [INFO] CADModel:165 - CPN selected for project levelSTM32L476RGT3
2025-11-27 19:24:57,528 [INFO] CADModel:114 - Register for checkConnection events
2025-11-27 19:24:57,530 [INFO] RtosManager:728 - Active RTOS found at IOC load: FREERTOS [Cortex-M4NS]
2025-11-27 19:24:57,611 [INFO] OpenFileManager:386 - Restore cursor
2025-11-27 19:25:11,181 [ERROR] RtosPanel:558 - Can not restore the selected Tab for FREERTOS(A reason can be that the tab is no more available.)
2025-11-27 19:38:35,484 [INFO] MainUpdater:2872 - connection check result : 10
2025-11-27 19:38:35,484 [INFO] MainUpdater:2872 - connection check result : 10
2025-11-27 19:38:35,863 [INFO] MicroXplorer:468 - Change Database Path : 
2025-11-27 19:38:35,863 [INFO] MicroXplorer:498 - Change Database Version : DB.6.0.150
2025-11-27 19:38:35,913 [ERROR] ProjectManagerView:395 - 
java.lang.NullPointerException: Cannot invoke "javax.swing.JTextField.getText()" because the return value of "java.util.List.get(int)" is null
	at com.st.microxplorer.plugins.projectmanager.gui.ProjectChoiceTab$9.caretUpdate(ProjectChoiceTab.java:2706) ~[filemanager.jar:?]
	at javax.swing.text.JTextComponent.fireCaretUpdate(JTextComponent.java:408) ~[?:?]
	at javax.swing.text.JTextComponent$MutableCaretEvent.fire(JTextComponent.java:4484) ~[?:?]
	at javax.swing.text.JTextComponent$MutableCaretEvent.stateChanged(JTextComponent.java:4506) ~[?:?]
	at javax.swing.text.DefaultCaret.fireStateChanged(DefaultCaret.java:857) ~[?:?]
	at javax.swing.text.DefaultCaret.changeCaretPosition(DefaultCaret.java:1343) ~[?:?]
	at javax.swing.text.DefaultCaret.handleSetDot(DefaultCaret.java:1242) ~[?:?]
	at javax.swing.text.DefaultCaret.setDot(DefaultCaret.java:1223) ~[?:?]
	at javax.swing.text.DefaultCaret$Handler.insertUpdate(DefaultCaret.java:1819) ~[?:?]
	at javax.swing.text.AbstractDocument.fireInsertUpdate(AbstractDocument.java:227) ~[?:?]
	at javax.swing.text.AbstractDocument.handleInsertString(AbstractDocument.java:781) ~[?:?]
	at javax.swing.text.AbstractDocument.insertString(AbstractDocument.java:740) ~[?:?]
	at javax.swing.text.PlainDocument.insertString(PlainDocument.java:131) ~[?:?]
	at javax.swing.text.AbstractDocument.replace(AbstractDocument.java:699) ~[?:?]
	at javax.swing.text.JTextComponent.setText(JTextComponent.java:1725) ~[?:?]
	at com.st.microxplorer.plugins.projectmanager.gui.ProjectChoiceTab.createHeapStackFields(ProjectChoiceTab.java:993) ~[filemanager.jar:?]
	at com.st.microxplorer.plugins.projectmanager.gui.ProjectChoiceTab.buildLinkSettingsPanel(ProjectChoiceTab.java:3813) ~[filemanager.jar:?]
	at com.st.microxplorer.plugins.projectmanager.gui.ProjectChoiceTab.defineWindowsFields(ProjectChoiceTab.java:1987) ~[filemanager.jar:?]
	at com.st.microxplorer.plugins.projectmanager.gui.ProjectChoiceTab.updateSettings(ProjectChoiceTab.java:558) ~[filemanager.jar:?]
	at com.st.microxplorer.plugins.projectmanager.gui.ProjectSettingsPanel.UpdateDialog(ProjectSettingsPanel.java:247) ~[filemanager.jar:?]
	at com.st.microxplorer.plugins.projectmanager.ProjectManagerView.propertyChange(ProjectManagerView.java:392) ~[filemanager.jar:?]
	at java.beans.PropertyChangeSupport.fire(PropertyChangeSupport.java:343) ~[?:?]
	at java.beans.PropertyChangeSupport.firePropertyChange(PropertyChangeSupport.java:335) ~[?:?]
	at java.beans.PropertyChangeSupport.firePropertyChange(PropertyChangeSupport.java:268) ~[?:?]
	at com.st.microxplorer.util.MXPropertyChangeSupport.firePropertyChange(MXPropertyChangeSupport.java:54) ~[STM32CubeMX.jar:?]
	at com.st.microxplorer.mxsystem.MxSystem.closeConfig(MxSystem.java:899) ~[STM32CubeMX.jar:?]
	at com.st.microxplorer.maingui.MainPanel.closeConfig(MainPanel.java:792) ~[STM32CubeMX.jar:?]
	at com.st.microxplorer.plugins.filemanager.engine.OpenFileManager.loadConfigurationFile(OpenFileManager.java:288) ~[filemanager.jar:?]
	at com.st.microxplorer.plugins.filemanager.engine.MainFileManager.userLoadConfig(MainFileManager.java:364) ~[filemanager.jar:?]
	at com.st.microxplorer.plugins.filemanager.engine.MainFileManager.userLoadConfig(MainFileManager.java:342) ~[filemanager.jar:?]
	at com.st.microxplorer.plugins.filemanager.FileManagerView.getSpecificTask(FileManagerView.java:264) ~[filemanager.jar:?]
	at com.st.stm32cube.common.mx.editor.CubeMxEditor.getMxTabbedPaneInstance(CubeMxEditor.java:1198) ~[com.st.stm32cube.common.mx_6.15.0.202507011659/:?]
	at com.st.stm32cube.common.mx.editor.CubeMxEditor$12$1.createSwingComponent(CubeMxEditor.java:1068) ~[com.st.stm32cube.common.mx_6.15.0.202507011659/:?]
	at com.st.stm32cube.common.mx.oss.core.awtswtbridge.EmbeddedSwingComposite.doComponentCreation(EmbeddedSwingComposite.java:492) ~[com.st.stm32cube.common.mx.oss_6.15.0.202507011659/:?]
	at com.st.stm32cube.common.mx.oss.core.awtswtbridge.EmbeddedSwingComposite$4.run(EmbeddedSwingComposite.java:291) ~[com.st.stm32cube.common.mx.oss_6.15.0.202507011659/:?]
	at com.st.stm32cube.common.mx.oss.core.awtswtbridge.AwtEnvironment$2.run(AwtEnvironment.java:166) ~[com.st.stm32cube.common.mx.oss_6.15.0.202507011659/:?]
	at java.awt.event.InvocationEvent.dispatch(InvocationEvent.java:318) ~[?:?]
	at java.awt.EventQueue.dispatchEventImpl(EventQueue.java:773) ~[?:?]
	at java.awt.EventQueue$4.run(EventQueue.java:720) ~[?:?]
	at java.awt.EventQueue$4.run(EventQueue.java:714) ~[?:?]
	at java.security.AccessController.doPrivileged(AccessController.java:400) ~[?:?]
	at java.security.ProtectionDomain$JavaSecurityAccessImpl.doIntersectionPrivilege(ProtectionDomain.java:87) ~[?:?]
	at java.awt.EventQueue.dispatchEvent(EventQueue.java:742) ~[?:?]
	at java.awt.EventDispatchThread.pumpOneEventForFilters(EventDispatchThread.java:203) ~[?:?]
	at java.awt.EventDispatchThread.pumpEventsForFilter(EventDispatchThread.java:124) ~[?:?]
	at java.awt.EventDispatchThread.pumpEventsForHierarchy(EventDispatchThread.java:113) ~[?:?]
	at java.awt.EventDispatchThread.pumpEvents(EventDispatchThread.java:109) ~[?:?]
	at java.awt.EventDispatchThread.pumpEvents(EventDispatchThread.java:101) ~[?:?]
	at java.awt.EventDispatchThread.run(EventDispatchThread.java:90) ~[?:?]
2025-11-27 19:38:35,916 [WARN] ThirdParty:871 - waiting for thirdparty lock release [close project]
2025-11-27 19:38:35,916 [INFO] ThirdParty:873 - entering critical section [close project]
2025-11-27 19:38:35,916 [INFO] ThirdParty:883 - exiting critical section [close project]
2025-11-27 19:38:35,920 [INFO] PinOutPanel:1589 - setPackage(No Configuration,No Configuration)
2025-11-27 19:38:35,931 [INFO] UtilMem:75 - Begin LoadConfig() Used Memory: 957608152 Bytes (1073741824)
2025-11-27 19:38:35,932 [INFO] MicroXplorer:468 - Change Database Path : 
2025-11-27 19:38:35,933 [INFO] MicroXplorer:498 - Change Database Version : DB.6.0.150
2025-11-27 19:38:35,933 [INFO] OpenFileManager:355 - Change cursor
2025-11-27 19:38:35,970 [INFO] Mcu:2029 - Initializing MCU STM32L476R(C-E-G)Tx STM32L476RGTx STM32L476RGT3
2025-11-27 19:38:39,422 [INFO] Context:786 - Trying to add GPIOservice into a context  which must be forbidden
2025-11-27 19:38:40,531 [INFO] ImportTextPane:234 - (OptionalMessage_ERROR) Pin13 (VP_RIF_VS_RIF1) cannot be retrieved for this MCU
2025-11-27 19:38:40,858 [INFO] RtosManager:558 - Registered RTOS mode: class=CMSIS, group=RTOS, mode=CMSIS_V1, owner=FREERTOS
2025-11-27 19:38:40,859 [INFO] RtosManager:558 - Registered RTOS mode: class=CMSIS, group=RTOS2, mode=CMSIS_V2, owner=FREERTOS
2025-11-27 19:38:40,859 [INFO] RtosManager:558 - Registered RTOS mode: class=RTOS, group=Core, mode=CMSIS_V1, owner=FREERTOS
2025-11-27 19:38:40,859 [INFO] RtosManager:558 - Registered RTOS mode: class=RTOS, group=Core, mode=CMSIS_V2, owner=FREERTOS
2025-11-27 19:38:40,860 [WARN] ModelIntegratedComponent:184 - Missing modes for component STMicroelectronics:FreeRTOS:0.0.1:STMicroelectronics:RTOS:FreeRTOS:Core:::10.2.0:
2025-11-27 19:38:40,881 [WARN] ModelIntegratedComponent:63 - No mode defined for component null
2025-11-27 19:38:40,881 [WARN] ModelIntegratedComponent:63 - No mode defined for component null
2025-11-27 19:38:40,881 [WARN] ModelIntegratedComponent:63 - No mode defined for component null
2025-11-27 19:38:40,882 [WARN] ModelIntegratedComponent:63 - No mode defined for component null
2025-11-27 19:38:40,882 [WARN] ModelIntegratedComponent:63 - No mode defined for component null
2025-11-27 19:38:40,882 [WARN] ModelIntegratedComponent:63 - No mode defined for component null
2025-11-27 19:38:40,882 [WARN] ModelIntegratedComponent:63 - No mode defined for component null
2025-11-27 19:38:40,882 [WARN] ModelIntegratedComponent:63 - No mode defined for component null
2025-11-27 19:38:40,882 [WARN] ModelIntegratedComponent:63 - No mode defined for component null
2025-11-27 19:38:40,882 [WARN] ModelIntegratedComponent:63 - No mode defined for component null
2025-11-27 19:38:40,882 [WARN] ModelIntegratedComponent:63 - No mode defined for component null
2025-11-27 19:38:40,882 [WARN] ModelIntegratedComponent:63 - No mode defined for component null
2025-11-27 19:38:40,882 [WARN] ModelIntegratedComponent:63 - No mode defined for component null
2025-11-27 19:38:40,883 [WARN] ModelIntegratedComponent:63 - No mode defined for component null
2025-11-27 19:38:40,883 [WARN] ModelIntegratedComponent:63 - No mode defined for component null
2025-11-27 19:38:40,883 [WARN] ModelIntegratedComponent:63 - No mode defined for component null
2025-11-27 19:38:40,883 [WARN] ModelIntegratedComponent:63 - No mode defined for component null
2025-11-27 19:38:40,883 [WARN] ModelIntegratedComponent:63 - No mode defined for component null
2025-11-27 19:38:40,883 [WARN] ModelIntegratedComponent:63 - No mode defined for component null
2025-11-27 19:38:40,883 [WARN] ModelIntegratedComponent:63 - No mode defined for component null
2025-11-27 19:38:40,883 [WARN] ModelIntegratedComponent:63 - No mode defined for component null
2025-11-27 19:38:40,883 [WARN] ModelIntegratedComponent:63 - No mode defined for component null
2025-11-27 19:38:40,883 [WARN] ModelIntegratedComponent:63 - No mode defined for component null
2025-11-27 19:38:40,884 [WARN] ModelIntegratedComponent:63 - No mode defined for component null
2025-11-27 19:38:40,884 [WARN] ModelIntegratedComponent:63 - No mode defined for component null
2025-11-27 19:38:40,884 [WARN] ModelIntegratedComponent:63 - No mode defined for component null
2025-11-27 19:38:40,884 [WARN] ModelIntegratedComponent:63 - No mode defined for component null
2025-11-27 19:38:40,884 [WARN] ModelIntegratedComponent:63 - No mode defined for component null
2025-11-27 19:38:40,884 [WARN] ModelIntegratedComponent:63 - No mode defined for component null
2025-11-27 19:38:40,884 [WARN] ModelIntegratedComponent:63 - No mode defined for component null
2025-11-27 19:38:40,884 [WARN] ModelIntegratedComponent:63 - No mode defined for component null
2025-11-27 19:38:40,884 [WARN] ModelIntegratedComponent:63 - No mode defined for component null
2025-11-27 19:38:40,884 [WARN] ModelIntegratedComponent:63 - No mode defined for component null
2025-11-27 19:38:40,885 [WARN] ModelIntegratedComponent:63 - No mode defined for component null
2025-11-27 19:38:40,885 [WARN] ModelIntegratedComponent:63 - No mode defined for component null
2025-11-27 19:38:40,885 [WARN] ModelPack:524 - Component already loaded: STMicroelectronics:HAL Drivers:0.0.0:STMicroelectronics:Device:STMicro_Driver:XSPI:HAL::0.0.1:HAL_XSPI
2025-11-27 19:38:41,069 [INFO] ThirdPartyModel:298 - Start build external matchings
2025-11-27 19:38:42,224 [INFO] ThirdPartyModel:316 - End build external matchings
2025-11-27 19:38:42,251 [INFO] RtosManager:1018 - Current active RTOS is FREERTOS [Cortex-M4NS]
2025-11-27 19:38:42,265 [INFO] ImportTextPane:234 - (OptionalMessage_ERROR) IP (RCC) : Invalid parameter (FamilyName)
2025-11-27 19:38:42,267 [INFO] ImportTextPane:234 - (OptionalMessage_ERROR) IP (RCC) : Parameter (RNGFreq_Value) has invalid value (64000000)
2025-11-27 19:38:42,267 [INFO] ImportTextPane:234 - (OptionalMessage_ERROR) IP (RCC) : Parameter (SDMMCFreq_Value) has invalid value (64000000)
2025-11-27 19:38:42,267 [INFO] ImportTextPane:234 - (OptionalMessage_ERROR) IP (RCC) : Parameter (USBFreq_Value) has invalid value (64000000)
2025-11-27 19:38:42,788 [INFO] UtilMem:75 - End LoadConfig() Used Memory: 921233456 Bytes (1073741824)
2025-11-27 19:38:42,851 [WARN] ThirdParty:833 - waiting for thirdparty lock release [change project]
2025-11-27 19:38:42,851 [INFO] ThirdParty:835 - entering critical section [change project]
2025-11-27 19:38:42,851 [INFO] ThirdParty:1030 - CMSIS Pack Vendor :STMicroelectronics X-CUBE-PM33A1 1.0.0
2025-11-27 19:38:42,852 [INFO] ThirdParty:1030 - CMSIS Pack Vendor :STMicroelectronics USBPD 4.1
2025-11-27 19:38:42,852 [INFO] ThirdParty:1030 - CMSIS Pack Vendor :STMicroelectronics X-CUBE-NFC9 1.0.0
2025-11-27 19:38:42,852 [INFO] ThirdParty:1030 - CMSIS Pack Vendor :STMicroelectronics USB_HOST 2.0.0
2025-11-27 19:38:42,852 [INFO] ThirdParty:1030 - CMSIS Pack Vendor :STMicroelectronics FP-SNS-MOTENVWB1 1.4.0
2025-11-27 19:38:42,852 [INFO] ThirdParty:1030 - CMSIS Pack Vendor :STMicroelectronics X-CUBE-AZRTOS-F4 1.1.0
2025-11-27 19:38:42,852 [INFO] ThirdParty:1030 - CMSIS Pack Vendor :STMicroelectronics LIBJPEG 8.0.0
2025-11-27 19:38:42,852 [INFO] ThirdParty:1030 - CMSIS Pack Vendor :STMicroelectronics FP-ATR-ASTRA1 2.0.2
2025-11-27 19:38:42,852 [INFO] ThirdParty:1030 - CMSIS Pack Vendor :wolfSSL I-CUBE-wolfSSL 5.8.2
2025-11-27 19:38:42,852 [INFO] ThirdParty:1030 - CMSIS Pack Vendor :STMicroelectronics X-CUBE-BLE1 7.1.0
2025-11-27 19:38:42,852 [INFO] ThirdParty:1030 - CMSIS Pack Vendor :STMicroelectronics X-CUBE-SMBUS 2.1.0
2025-11-27 19:38:42,852 [INFO] ThirdParty:1030 - CMSIS Pack Vendor :wolfSSL I-CUBE-wolfMQTT 1.19.2
2025-11-27 19:38:42,852 [INFO] ThirdParty:1030 - CMSIS Pack Vendor :STMicroelectronics USB_DEVICE 3.0.0
2025-11-27 19:38:42,852 [INFO] ThirdParty:1030 - CMSIS Pack Vendor :STMicroelectronics X-CUBE-ISPU 2.1.0
2025-11-27 19:38:42,853 [INFO] ThirdParty:1030 - CMSIS Pack Vendor :STMicroelectronics X-CUBE-FREERTOS 1.4.0
2025-11-27 19:38:42,853 [INFO] ThirdParty:1030 - CMSIS Pack Vendor :STMicroelectronics X-CUBE-EEPRMA1 5.2.0
2025-11-27 19:38:42,853 [INFO] ThirdParty:1030 - CMSIS Pack Vendor :STMicroelectronics X-CUBE-IPS 3.2.0
2025-11-27 19:38:42,853 [INFO] ThirdParty:1030 - CMSIS Pack Vendor :STMicroelectronics X-CUBE-BLEMGR 4.1.0
2025-11-27 19:38:42,853 [INFO] ThirdParty:1030 - CMSIS Pack Vendor :STMicroelectronics X-CUBE-AZRTOS-WB 2.0.0
2025-11-27 19:38:42,853 [INFO] ThirdParty:1030 - CMSIS Pack Vendor :STMicroelectronics X-CUBE-NFC12 1.0.0
2025-11-27 19:38:42,853 [INFO] ThirdParty:1030 - CMSIS Pack Vendor :STMicroelectronics X-CUBE-AZRTOS-F7 1.1.0
2025-11-27 19:38:42,853 [INFO] ThirdParty:1030 - CMSIS Pack Vendor :STMicroelectronics X-CUBE-AZRTOS-L5 2.0.0
2025-11-27 19:38:42,853 [INFO] ThirdParty:1030 - CMSIS Pack Vendor :STMicroelectronics USB_DEVICE 2.0.0
2025-11-27 19:38:42,853 [INFO] ThirdParty:1030 - CMSIS Pack Vendor :STMicroelectronics X-CUBE-NFC6 3.1.0
2025-11-27 19:38:42,853 [INFO] ThirdParty:1030 - CMSIS Pack Vendor :STMicroelectronics X-CUBE-ST67W61 1.1.0
2025-11-27 19:38:42,853 [INFO] ThirdParty:1030 - CMSIS Pack Vendor :Cesanta I-CUBE-Mongoose 7.19.0
2025-11-27 19:38:42,853 [INFO] ThirdParty:1030 - CMSIS Pack Vendor :quantropi X-CUBE-qispace-sdk-base 2.1.0
2025-11-27 19:38:42,854 [INFO] ThirdParty:1030 - CMSIS Pack Vendor :STMicroelectronics X-CUBE-MEMS1 12.0.0
2025-11-27 19:38:42,854 [INFO] ThirdParty:1030 - CMSIS Pack Vendor :STMicroelectronics FP-SNS-MOTENV1 5.1.0
2025-11-27 19:38:42,854 [INFO] ThirdParty:1030 - CMSIS Pack Vendor :STMicroelectronics FreeRTOS 0.0.1
2025-11-27 19:38:42,854 [INFO] ThirdParty:1030 - CMSIS Pack Vendor :STMicroelectronics X-CUBE-AZRTOS-G0 1.1.0
2025-11-27 19:38:42,854 [INFO] ThirdParty:1030 - CMSIS Pack Vendor :STMicroelectronics X-CUBE-NFC4 3.0.0
2025-11-27 19:38:42,854 [INFO] ThirdParty:1030 - CMSIS Pack Vendor :STMicroelectronics X-CUBE-SUBG2 5.0.0
2025-11-27 19:38:42,854 [INFO] ThirdParty:1030 - CMSIS Pack Vendor :STMicroelectronics X-CUBE-AZRTOS-H7RS 1.1.0
2025-11-27 19:38:42,854 [INFO] ThirdParty:1030 - CMSIS Pack Vendor :STMicroelectronics STM32_WPAN 1.0.0
2025-11-27 19:38:42,854 [INFO] ThirdParty:1030 - CMSIS Pack Vendor :EmbeddedOffice I-CUBE-FS-RTOS 1.0.1
2025-11-27 19:38:42,854 [INFO] ThirdParty:1030 - CMSIS Pack Vendor :STMicroelectronics lwIP 2.0.3
2025-11-27 19:38:42,855 [INFO] ThirdParty:1030 - CMSIS Pack Vendor :WES I-CUBE-Cesium 1.4.0
2025-11-27 19:38:42,855 [INFO] ThirdParty:1030 - CMSIS Pack Vendor :STMicroelectronics USB_HOST 1.0.0
2025-11-27 19:38:42,855 [INFO] ThirdParty:1030 - CMSIS Pack Vendor :Infineon AIROC-Wi-Fi-Bluetooth-STM32 1.7.1
2025-11-27 19:38:42,855 [INFO] ThirdParty:1030 - CMSIS Pack Vendor :STMicroelectronics X-CUBE-AZRTOS-G4 2.0.0
2025-11-27 19:38:42,855 [INFO] ThirdParty:1030 - CMSIS Pack Vendor :STMicroelectronics X-CUBE-WB05N 2.0.0
2025-11-27 19:38:42,855 [INFO] ThirdParty:1030 - CMSIS Pack Vendor :STMicroelectronics PDM2PCM 3.1.0
2025-11-27 19:38:42,856 [INFO] ThirdParty:1030 - CMSIS Pack Vendor :STMicroelectronics PDM2PCM 3.3.0
2025-11-27 19:38:42,856 [INFO] ThirdParty:1030 - CMSIS Pack Vendor :wolfSSL I-CUBE-wolfTPM 3.8.0
2025-11-27 19:38:42,856 [INFO] ThirdParty:1030 - CMSIS Pack Vendor :STMicroelectronics X-CUBE-AZRTOS-H7 3.4.0
2025-11-27 19:38:42,856 [INFO] ThirdParty:1030 - CMSIS Pack Vendor :STMicroelectronics X-CUBE-DISPLAY 3.0.0
2025-11-27 19:38:42,859 [INFO] ThirdParty:1030 - CMSIS Pack Vendor :wolfSSL I-CUBE-wolfSSH 1.4.20
2025-11-27 19:38:42,859 [INFO] ThirdParty:1030 - CMSIS Pack Vendor :STMicroelectronics X-CUBE-NFC7 2.0.0
2025-11-27 19:38:42,859 [INFO] ThirdParty:1030 - CMSIS Pack Vendor :STMicroelectronics X-CUBE-TCPP 4.2.0
2025-11-27 19:38:42,860 [INFO] ThirdParty:1030 - CMSIS Pack Vendor :RealThread X-CUBE-RT-Thread_Nano 4.1.1
2025-11-27 19:38:42,860 [INFO] ThirdParty:1030 - CMSIS Pack Vendor :STMicroelectronics FP-ATR-SIGFOX1 3.2.0
2025-11-27 19:38:42,860 [INFO] ThirdParty:1030 - CMSIS Pack Vendor :STMicroelectronics X-CUBE-NFC10 1.0.0
2025-11-27 19:38:42,860 [INFO] ThirdParty:1030 - CMSIS Pack Vendor :STMicroelectronics X-CUBE-FREERTOS 1.3.1
2025-11-27 19:38:42,860 [INFO] ThirdParty:1030 - CMSIS Pack Vendor :STMicroelectronics HAL Drivers 0.0.0
2025-11-27 19:38:42,862 [INFO] ThirdParty:1030 - CMSIS Pack Vendor :STMicroelectronics MBEDTLS 2.16.2
2025-11-27 19:38:42,863 [INFO] ThirdParty:1030 - CMSIS Pack Vendor :STMicroelectronics X-CUBE-ST60 1.1.0
2025-11-27 19:38:42,863 [INFO] ThirdParty:1030 - CMSIS Pack Vendor :STMicroelectronics X-CUBE-ALS 1.0.2
2025-11-27 19:38:42,863 [INFO] ThirdParty:1030 - CMSIS Pack Vendor :emotas I-CUBE-CANOPEN 1.3.0
2025-11-27 19:38:42,863 [INFO] ThirdParty:1030 - CMSIS Pack Vendor :STMicroelectronics MBEDTLS 2.14.1
2025-11-27 19:38:42,863 [INFO] ThirdParty:1030 - CMSIS Pack Vendor :STMicroelectronics X-CUBE-GNSS1 7.1.0
2025-11-27 19:38:42,863 [INFO] ThirdParty:1030 - CMSIS Pack Vendor :ITTIA_DB I-CUBE-ITTIADB 8.9.0
2025-11-27 19:38:42,863 [INFO] ThirdParty:1030 - CMSIS Pack Vendor :STMicroelectronics X-CUBE-TOUCHGFX 4.26.0
2025-11-27 19:38:42,863 [INFO] ThirdParty:1030 - CMSIS Pack Vendor :STMicroelectronics X-CUBE-STSE01 1.0.0
2025-11-27 19:38:42,863 [INFO] ThirdParty:1030 - CMSIS Pack Vendor :STMicroelectronics FP-SNS-STBOX1 2.1.0
2025-11-27 19:38:42,863 [INFO] ThirdParty:1030 - CMSIS Pack Vendor :STMicroelectronics X-CUBE-AI 10.2.0
2025-11-27 19:38:42,863 [INFO] ThirdParty:1030 - CMSIS Pack Vendor :STMicroelectronics FP-SNS-STAIOTCFT 1.0.0
2025-11-27 19:38:42,863 [INFO] ThirdParty:1030 - CMSIS Pack Vendor :STMicroelectronics ThreadX 1.0.0
2025-11-27 19:38:42,863 [INFO] ThirdParty:1030 - CMSIS Pack Vendor :STMicroelectronics FP-SNS-SMARTAG2 1.2.0
2025-11-27 19:38:42,863 [INFO] ThirdParty:1030 - CMSIS Pack Vendor :STMicroelectronics FP-SNS-FLIGHT1 5.1.0
2025-11-27 19:38:42,864 [INFO] ThirdParty:1030 - CMSIS Pack Vendor :STMicroelectronics X-CUBE-AZRTOS-WL 2.0.0
2025-11-27 19:38:42,864 [INFO] ThirdParty:1030 - CMSIS Pack Vendor :SEGGER I-CUBE-embOS 1.3.1
2025-11-27 19:38:42,864 [INFO] ThirdParty:1030 - CMSIS Pack Vendor :STMicroelectronics X-CUBE-ALGOBUILD 1.4.0
2025-11-27 19:38:42,864 [INFO] ThirdParty:1030 - CMSIS Pack Vendor :STMicroelectronics X-CUBE-DPower 1.3.0
2025-11-27 19:38:42,864 [INFO] ThirdParty:1030 - CMSIS Pack Vendor :STMicroelectronics X-CUBE-MEMS1 11.3.0
2025-11-27 19:38:42,864 [INFO] ThirdParty:1030 - CMSIS Pack Vendor :STMicroelectronics USB_DEVICE 1.0.0
2025-11-27 19:38:42,864 [INFO] ThirdParty:1030 - CMSIS Pack Vendor :STMicroelectronics X-CUBE-AZRTOS-H7RS 1.2.0
2025-11-27 19:38:42,864 [INFO] ThirdParty:1030 - CMSIS Pack Vendor :STMicroelectronics X-CUBE-AZRTOS-L4 2.0.0
2025-11-27 19:38:42,864 [INFO] ThirdParty:1030 - CMSIS Pack Vendor :STMicroelectronics ThreadX 0.0.2
2025-11-27 19:38:42,864 [INFO] ThirdParty:1030 - CMSIS Pack Vendor :STMicroelectronics lwIP 2.1.2
2025-11-27 19:38:42,864 [INFO] ThirdParty:1030 - CMSIS Pack Vendor :STMicroelectronics X-CUBE-SFXS2LP1 4.0.0
2025-11-27 19:38:42,864 [INFO] ThirdParty:1030 - CMSIS Pack Vendor :STMicroelectronics X-CUBE-BLE2 3.3.0
2025-11-27 19:38:42,866 [INFO] ThirdParty:1030 - CMSIS Pack Vendor :Avnet-IOTCONNECT X-CUBE-iotc-st67-sdk 1.0.0
2025-11-27 19:38:42,866 [INFO] ThirdParty:1030 - CMSIS Pack Vendor :STMicroelectronics X-CUBE-TOF1 3.4.3
2025-11-27 19:38:42,866 [INFO] ThirdParty:1030 - CMSIS Pack Vendor :STMicroelectronics PDM2PCM 3.2.0
2025-11-27 19:38:42,866 [INFO] ThirdParty:841 - exiting critical section [change project]
2025-11-27 19:38:43,388 [INFO] PinOutPanel:1589 - setPackage(No Configuration,No Configuration)
2025-11-27 19:38:43,390 [INFO] PinOutPanel:1589 - setPackage(STM32L476RGTx,LQFP64)
2025-11-27 19:38:44,402 [INFO] UtilMem:75 - Before build in PCC Used Memory: 926412184 Bytes (1073741824)
2025-11-27 19:38:45,353 [INFO] UtilMem:75 - After build in PCC Used Memory: 764914408 Bytes (1073741824)
2025-11-27 19:38:45,364 [INFO] ApiDbMcu:532 - Load IP Config File for FREERTOS
2025-11-27 19:38:45,400 [INFO] IPUIPlugin:80 - create IPUIPlugin
2025-11-27 19:38:45,400 [INFO] IPUIPlugin:80 - create IPUIPlugin
2025-11-27 19:38:45,400 [INFO] IPUIPlugin:80 - create IPUIPlugin
2025-11-27 19:38:45,402 [INFO] IPUIPlugin:80 - create IPUIPlugin
2025-11-27 19:38:45,402 [INFO] IPUIPlugin:80 - create IPUIPlugin
2025-11-27 19:38:45,402 [INFO] IPUIPlugin:80 - create IPUIPlugin
2025-11-27 19:38:45,402 [INFO] IPUIPlugin:80 - create IPUIPlugin
2025-11-27 19:38:45,402 [INFO] IPUIPlugin:80 - create IPUIPlugin
2025-11-27 19:38:45,402 [INFO] IPUIPlugin:80 - create IPUIPlugin
2025-11-27 19:38:45,402 [INFO] IPUIPlugin:80 - create IPUIPlugin
2025-11-27 19:38:45,402 [INFO] IPUIPlugin:80 - create IPUIPlugin
2025-11-27 19:38:45,402 [INFO] IPUIPlugin:80 - create IPUIPlugin
2025-11-27 19:38:45,403 [INFO] IPUIPlugin:80 - create IPUIPlugin
2025-11-27 19:38:45,403 [INFO] IPUIPlugin:80 - create IPUIPlugin
2025-11-27 19:38:45,403 [INFO] IPUIPlugin:80 - create IPUIPlugin
2025-11-27 19:38:45,403 [INFO] IPUIPlugin:80 - create IPUIPlugin
2025-11-27 19:38:45,403 [INFO] IPUIPlugin:80 - create IPUIPlugin
2025-11-27 19:38:45,403 [INFO] IPUIPlugin:80 - create IPUIPlugin
2025-11-27 19:38:45,403 [INFO] IPUIPlugin:80 - create IPUIPlugin
2025-11-27 19:38:45,403 [INFO] IPUIPlugin:80 - create IPUIPlugin
2025-11-27 19:38:45,404 [INFO] IPUIPlugin:80 - create IPUIPlugin
2025-11-27 19:38:45,404 [INFO] IPUIPlugin:80 - create IPUIPlugin
2025-11-27 19:38:45,404 [INFO] IPUIPlugin:80 - create IPUIPlugin
2025-11-27 19:38:45,404 [INFO] IPUIPlugin:80 - create IPUIPlugin
2025-11-27 19:38:45,404 [INFO] IPUIPlugin:80 - create IPUIPlugin
2025-11-27 19:38:45,404 [INFO] IPUIPlugin:80 - create IPUIPlugin
2025-11-27 19:38:45,405 [INFO] IPUIPlugin:80 - create IPUIPlugin
2025-11-27 19:38:45,405 [INFO] IPUIPlugin:80 - create IPUIPlugin
2025-11-27 19:38:45,405 [INFO] IPUIPlugin:80 - create IPUIPlugin
2025-11-27 19:38:45,405 [INFO] IPUIPlugin:80 - create IPUIPlugin
2025-11-27 19:38:45,405 [INFO] IPUIPlugin:80 - create IPUIPlugin
2025-11-27 19:38:45,405 [INFO] IPUIPlugin:80 - create IPUIPlugin
2025-11-27 19:38:45,407 [INFO] IPUIPlugin:80 - create IPUIPlugin
2025-11-27 19:38:45,407 [INFO] IPUIPlugin:80 - create IPUIPlugin
2025-11-27 19:38:45,407 [INFO] IPUIPlugin:80 - create IPUIPlugin
2025-11-27 19:38:45,408 [INFO] IPUIPlugin:80 - create IPUIPlugin
2025-11-27 19:38:45,408 [INFO] IPUIPlugin:80 - create IPUIPlugin
2025-11-27 19:38:45,409 [INFO] IPUIPlugin:80 - create IPUIPlugin
2025-11-27 19:38:45,409 [INFO] IPUIPlugin:80 - create IPUIPlugin
2025-11-27 19:38:45,410 [INFO] IPUIPlugin:80 - create IPUIPlugin
2025-11-27 19:38:45,410 [INFO] IPUIPlugin:80 - create IPUIPlugin
2025-11-27 19:38:45,410 [INFO] IPUIPlugin:80 - create IPUIPlugin
2025-11-27 19:38:45,410 [INFO] IPUIPlugin:80 - create IPUIPlugin
2025-11-27 19:38:45,411 [INFO] IPUIPlugin:80 - create IPUIPlugin
2025-11-27 19:38:45,411 [INFO] IPUIPlugin:80 - create IPUIPlugin
2025-11-27 19:38:45,411 [INFO] IPUIPlugin:80 - create IPUIPlugin
2025-11-27 19:38:45,411 [INFO] IPUIPlugin:80 - create IPUIPlugin
2025-11-27 19:38:45,411 [INFO] IPUIPlugin:80 - create IPUIPlugin
2025-11-27 19:38:45,412 [INFO] IPUIPlugin:80 - create IPUIPlugin
2025-11-27 19:38:45,412 [INFO] IPUIPlugin:80 - create IPUIPlugin
2025-11-27 19:38:45,412 [INFO] IPUIPlugin:80 - create IPUIPlugin
2025-11-27 19:38:45,413 [INFO] IPUIPlugin:80 - create IPUIPlugin
2025-11-27 19:38:45,413 [INFO] IPUIPlugin:80 - create IPUIPlugin
2025-11-27 19:38:45,413 [INFO] IPUIPlugin:80 - create IPUIPlugin
2025-11-27 19:38:45,414 [INFO] IPUIPlugin:80 - create IPUIPlugin
2025-11-27 19:38:45,414 [INFO] IPUIPlugin:80 - create IPUIPlugin
2025-11-27 19:38:45,415 [INFO] IPUIPlugin:80 - create IPUIPlugin
2025-11-27 19:38:45,415 [INFO] IPUIPlugin:80 - create IPUIPlugin
2025-11-27 19:38:45,415 [INFO] IPUIPlugin:80 - create IPUIPlugin
2025-11-27 19:38:45,428 [WARN] FreeRTOS:1023 - Null or empty value: should not occur! (nothing added to the table)
2025-11-27 19:38:45,518 [INFO] CADModel:165 - CPN selected for project levelSTM32L476RGT3
2025-11-27 19:38:45,518 [INFO] CADModel:114 - Register for checkConnection events
2025-11-27 19:38:45,521 [INFO] RtosManager:728 - Active RTOS found at IOC load: FREERTOS [Cortex-M4NS]
2025-11-27 19:38:45,612 [INFO] OpenFileManager:386 - Restore cursor
2025-11-27 19:38:52,098 [ERROR] RtosPanel:558 - Can not restore the selected Tab for FREERTOS(A reason can be that the tab is no more available.)
2025-11-27 19:39:21,879 [INFO] UtilMem:75 - End SaveConfig() Used Memory: 743721432 Bytes (1073741824)
2025-11-27 19:39:23,690 [INFO] UtilMem:75 - End SaveConfig() Used Memory: 780920176 Bytes (1073741824)
2025-11-27 19:39:26,468 [INFO] UtilMem:75 - End SaveConfig() Used Memory: 910444200 Bytes (1073741824)
2025-11-27 19:39:28,780 [INFO] BlockDiagram:2775 - set Specific Code input for plugin: FREERTOS
2025-11-27 19:39:28,781 [INFO] BlockDiagram:2775 - set Specific Code input for plugin: SYS
2025-11-27 19:39:28,781 [INFO] BlockDiagram:2775 - set Specific Code input for plugin: RCC
2025-11-27 19:39:28,781 [INFO] BlockDiagram:2775 - set Specific Code input for plugin: NVIC
2025-11-27 19:39:28,781 [INFO] BlockDiagram:2775 - set Specific Code input for plugin: USART
2025-11-27 19:39:28,781 [INFO] BlockDiagram:2775 - set Specific Code input for plugin: GPIO
2025-11-27 19:39:28,783 [INFO] CodeGenerator:892 - code generatio: config db path: C:\ST\STM32CubeIDE_1.19.0\STM32CubeIDE\plugins\com.st.stm32cube.common.mx_6.15.0.202507011659\\db\
2025-11-27 19:39:28,949 [INFO] CodeEngine:265 - oldGeneratedFile, D:\BITSILICA_WORKSHEETS\STM32L476RG\50_Idle_Task_Hook_FreeRTOS\MXTmpFiles\license.tmp_save
2025-11-27 19:39:29,218 [INFO] CodeEngine:289 - Generated code: D:\BITSILICA_WORKSHEETS\STM32L476RG\50_Idle_Task_Hook_FreeRTOS\MXTmpFiles\license.tmp
2025-11-27 19:39:29,289 [INFO] CodeEngine:265 - oldGeneratedFile, D:\BITSILICA_WORKSHEETS\STM32L476RG\50_Idle_Task_Hook_FreeRTOS\MXTmpFiles\gpio.tmp_save
2025-11-27 19:39:29,410 [INFO] CodeEngine:289 - Generated code: D:\BITSILICA_WORKSHEETS\STM32L476RG\50_Idle_Task_Hook_FreeRTOS\MXTmpFiles\gpio.tmp
2025-11-27 19:39:29,575 [INFO] Middleware:1452 - No code input for Bsp Dependency
2025-11-27 19:39:29,594 [INFO] CodeEngine:265 - oldGeneratedFile, D:\BITSILICA_WORKSHEETS\STM32L476RG\50_Idle_Task_Hook_FreeRTOS\MXTmpFiles\rtos_inc.tmp_save
2025-11-27 19:39:29,676 [INFO] CodeEngine:289 - Generated code: D:\BITSILICA_WORKSHEETS\STM32L476RG\50_Idle_Task_Hook_FreeRTOS\MXTmpFiles\rtos_inc.tmp
2025-11-27 19:39:29,692 [INFO] CodeEngine:265 - oldGeneratedFile, D:\BITSILICA_WORKSHEETS\STM32L476RG\50_Idle_Task_Hook_FreeRTOS\MXTmpFiles\rtos_kernelInit.tmp_save
2025-11-27 19:39:29,779 [INFO] CodeEngine:289 - Generated code: D:\BITSILICA_WORKSHEETS\STM32L476RG\50_Idle_Task_Hook_FreeRTOS\MXTmpFiles\rtos_kernelInit.tmp
2025-11-27 19:39:29,798 [INFO] CodeEngine:265 - oldGeneratedFile, D:\BITSILICA_WORKSHEETS\STM32L476RG\50_Idle_Task_Hook_FreeRTOS\MXTmpFiles\rtos_kernelStart.tmp_save
2025-11-27 19:39:29,928 [INFO] CodeEngine:289 - Generated code: D:\BITSILICA_WORKSHEETS\STM32L476RG\50_Idle_Task_Hook_FreeRTOS\MXTmpFiles\rtos_kernelStart.tmp
2025-11-27 19:39:29,949 [INFO] CodeEngine:265 - oldGeneratedFile, D:\BITSILICA_WORKSHEETS\STM32L476RG\50_Idle_Task_Hook_FreeRTOS\MXTmpFiles\rtos_typedefs.tmp_save
2025-11-27 19:39:30,042 [INFO] CodeEngine:289 - Generated code: D:\BITSILICA_WORKSHEETS\STM32L476RG\50_Idle_Task_Hook_FreeRTOS\MXTmpFiles\rtos_typedefs.tmp
2025-11-27 19:39:30,060 [INFO] CodeEngine:265 - oldGeneratedFile, D:\BITSILICA_WORKSHEETS\STM32L476RG\50_Idle_Task_Hook_FreeRTOS\MXTmpFiles\rtos_vars.tmp_save
2025-11-27 19:39:30,142 [INFO] CodeEngine:289 - Generated code: D:\BITSILICA_WORKSHEETS\STM32L476RG\50_Idle_Task_Hook_FreeRTOS\MXTmpFiles\rtos_vars.tmp
2025-11-27 19:39:30,162 [INFO] CodeEngine:265 - oldGeneratedFile, D:\BITSILICA_WORKSHEETS\STM32L476RG\50_Idle_Task_Hook_FreeRTOS\MXTmpFiles\rtos_pfp.tmp_save
2025-11-27 19:39:30,240 [INFO] CodeEngine:289 - Generated code: D:\BITSILICA_WORKSHEETS\STM32L476RG\50_Idle_Task_Hook_FreeRTOS\MXTmpFiles\rtos_pfp.tmp
2025-11-27 19:39:30,258 [INFO] CodeEngine:265 - oldGeneratedFile, D:\BITSILICA_WORKSHEETS\STM32L476RG\50_Idle_Task_Hook_FreeRTOS\MXTmpFiles\rtos_obj_creat.tmp_save
2025-11-27 19:39:30,356 [INFO] CodeEngine:289 - Generated code: D:\BITSILICA_WORKSHEETS\STM32L476RG\50_Idle_Task_Hook_FreeRTOS\MXTmpFiles\rtos_obj_creat.tmp
2025-11-27 19:39:30,373 [INFO] CodeEngine:265 - oldGeneratedFile, D:\BITSILICA_WORKSHEETS\STM32L476RG\50_Idle_Task_Hook_FreeRTOS\MXTmpFiles\rtos_default_thread.tmp_save
2025-11-27 19:39:30,478 [INFO] CodeEngine:289 - Generated code: D:\BITSILICA_WORKSHEETS\STM32L476RG\50_Idle_Task_Hook_FreeRTOS\MXTmpFiles\rtos_default_thread.tmp
2025-11-27 19:39:30,497 [INFO] CodeEngine:265 - oldGeneratedFile, D:\BITSILICA_WORKSHEETS\STM32L476RG\50_Idle_Task_Hook_FreeRTOS\MXTmpFiles\rtos_threads.tmp_save
2025-11-27 19:39:30,570 [INFO] CodeEngine:289 - Generated code: D:\BITSILICA_WORKSHEETS\STM32L476RG\50_Idle_Task_Hook_FreeRTOS\MXTmpFiles\rtos_threads.tmp
2025-11-27 19:39:30,602 [INFO] Middleware:1452 - No code input for Bsp Dependency
2025-11-27 19:39:30,623 [INFO] CodeEngine:265 - oldGeneratedFile, D:\BITSILICA_WORKSHEETS\STM32L476RG\50_Idle_Task_Hook_FreeRTOS\MXTmpFiles\rtos_inc.tmp_save
2025-11-27 19:39:30,707 [INFO] CodeEngine:289 - Generated code: D:\BITSILICA_WORKSHEETS\STM32L476RG\50_Idle_Task_Hook_FreeRTOS\MXTmpFiles\rtos_inc.tmp
2025-11-27 19:39:30,729 [INFO] CodeEngine:265 - oldGeneratedFile, D:\BITSILICA_WORKSHEETS\STM32L476RG\50_Idle_Task_Hook_FreeRTOS\MXTmpFiles\rtos_kernelInit.tmp_save
2025-11-27 19:39:30,811 [INFO] CodeEngine:289 - Generated code: D:\BITSILICA_WORKSHEETS\STM32L476RG\50_Idle_Task_Hook_FreeRTOS\MXTmpFiles\rtos_kernelInit.tmp
2025-11-27 19:39:30,831 [INFO] CodeEngine:265 - oldGeneratedFile, D:\BITSILICA_WORKSHEETS\STM32L476RG\50_Idle_Task_Hook_FreeRTOS\MXTmpFiles\rtos_kernelStart.tmp_save
2025-11-27 19:39:30,907 [INFO] CodeEngine:289 - Generated code: D:\BITSILICA_WORKSHEETS\STM32L476RG\50_Idle_Task_Hook_FreeRTOS\MXTmpFiles\rtos_kernelStart.tmp
2025-11-27 19:39:30,930 [INFO] CodeEngine:265 - oldGeneratedFile, D:\BITSILICA_WORKSHEETS\STM32L476RG\50_Idle_Task_Hook_FreeRTOS\MXTmpFiles\rtos_typedefs.tmp_save
2025-11-27 19:39:31,036 [INFO] CodeEngine:289 - Generated code: D:\BITSILICA_WORKSHEETS\STM32L476RG\50_Idle_Task_Hook_FreeRTOS\MXTmpFiles\rtos_typedefs.tmp
2025-11-27 19:39:31,065 [INFO] CodeEngine:265 - oldGeneratedFile, D:\BITSILICA_WORKSHEETS\STM32L476RG\50_Idle_Task_Hook_FreeRTOS\MXTmpFiles\rtos_vars.tmp_save
2025-11-27 19:39:31,218 [INFO] CodeEngine:289 - Generated code: D:\BITSILICA_WORKSHEETS\STM32L476RG\50_Idle_Task_Hook_FreeRTOS\MXTmpFiles\rtos_vars.tmp
2025-11-27 19:39:31,242 [INFO] CodeEngine:265 - oldGeneratedFile, D:\BITSILICA_WORKSHEETS\STM32L476RG\50_Idle_Task_Hook_FreeRTOS\MXTmpFiles\rtos_pfp.tmp_save
2025-11-27 19:39:31,327 [INFO] CodeEngine:289 - Generated code: D:\BITSILICA_WORKSHEETS\STM32L476RG\50_Idle_Task_Hook_FreeRTOS\MXTmpFiles\rtos_pfp.tmp
2025-11-27 19:39:31,348 [INFO] CodeEngine:265 - oldGeneratedFile, D:\BITSILICA_WORKSHEETS\STM32L476RG\50_Idle_Task_Hook_FreeRTOS\MXTmpFiles\rtos_obj_creat.tmp_save
2025-11-27 19:39:31,426 [INFO] CodeEngine:289 - Generated code: D:\BITSILICA_WORKSHEETS\STM32L476RG\50_Idle_Task_Hook_FreeRTOS\MXTmpFiles\rtos_obj_creat.tmp
2025-11-27 19:39:31,447 [INFO] CodeEngine:265 - oldGeneratedFile, D:\BITSILICA_WORKSHEETS\STM32L476RG\50_Idle_Task_Hook_FreeRTOS\MXTmpFiles\rtos_default_thread.tmp_save
2025-11-27 19:39:31,524 [INFO] CodeEngine:289 - Generated code: D:\BITSILICA_WORKSHEETS\STM32L476RG\50_Idle_Task_Hook_FreeRTOS\MXTmpFiles\rtos_default_thread.tmp
2025-11-27 19:39:31,546 [INFO] CodeEngine:265 - oldGeneratedFile, D:\BITSILICA_WORKSHEETS\STM32L476RG\50_Idle_Task_Hook_FreeRTOS\MXTmpFiles\rtos_threads.tmp_save
2025-11-27 19:39:31,620 [INFO] CodeEngine:289 - Generated code: D:\BITSILICA_WORKSHEETS\STM32L476RG\50_Idle_Task_Hook_FreeRTOS\MXTmpFiles\rtos_threads.tmp
2025-11-27 19:39:31,639 [INFO] CodeEngine:265 - oldGeneratedFile, D:\BITSILICA_WORKSHEETS\STM32L476RG\50_Idle_Task_Hook_FreeRTOS\Core\Inc\FreeRTOSConfig.h_save
2025-11-27 19:39:31,763 [INFO] CodeEngine:289 - Generated code: D:\BITSILICA_WORKSHEETS\STM32L476RG\50_Idle_Task_Hook_FreeRTOS\Core\Inc\FreeRTOSConfig.h
2025-11-27 19:39:31,792 [INFO] CodeEngine:265 - oldGeneratedFile, D:\BITSILICA_WORKSHEETS\STM32L476RG\50_Idle_Task_Hook_FreeRTOS\Core\Src\freertos.c_save
2025-11-27 19:39:31,895 [INFO] CodeEngine:289 - Generated code: D:\BITSILICA_WORKSHEETS\STM32L476RG\50_Idle_Task_Hook_FreeRTOS\Core\Src\freertos.c
2025-11-27 19:39:31,932 [INFO] CodeEngine:265 - oldGeneratedFile, D:\BITSILICA_WORKSHEETS\STM32L476RG\50_Idle_Task_Hook_FreeRTOS\Core\Src\stm32l4xx_it.c_save
2025-11-27 19:39:32,180 [INFO] CodeEngine:289 - Generated code: D:\BITSILICA_WORKSHEETS\STM32L476RG\50_Idle_Task_Hook_FreeRTOS\Core\Src\stm32l4xx_it.c
2025-11-27 19:39:32,202 [INFO] CodeEngine:265 - oldGeneratedFile, D:\BITSILICA_WORKSHEETS\STM32L476RG\50_Idle_Task_Hook_FreeRTOS\Core\Inc\stm32l4xx_it.h_save
2025-11-27 19:39:32,326 [INFO] CodeEngine:289 - Generated code: D:\BITSILICA_WORKSHEETS\STM32L476RG\50_Idle_Task_Hook_FreeRTOS\Core\Inc\stm32l4xx_it.h
2025-11-27 19:39:32,379 [INFO] CodeEngine:265 - oldGeneratedFile, D:\BITSILICA_WORKSHEETS\STM32L476RG\50_Idle_Task_Hook_FreeRTOS\Core\Src\stm32l4xx_hal_msp.c_save
2025-11-27 19:39:32,541 [INFO] CodeEngine:289 - Generated code: D:\BITSILICA_WORKSHEETS\STM32L476RG\50_Idle_Task_Hook_FreeRTOS\Core\Src\stm32l4xx_hal_msp.c
2025-11-27 19:39:32,557 [INFO] CodeEngine:265 - oldGeneratedFile, D:\BITSILICA_WORKSHEETS\STM32L476RG\50_Idle_Task_Hook_FreeRTOS\MXTmpFiles\system.tmp_save
2025-11-27 19:39:32,627 [INFO] CodeEngine:289 - Generated code: D:\BITSILICA_WORKSHEETS\STM32L476RG\50_Idle_Task_Hook_FreeRTOS\MXTmpFiles\system.tmp
2025-11-27 19:39:32,660 [INFO] CodeEngine:321 - oldGeneratedFile, D:\BITSILICA_WORKSHEETS\STM32L476RG\50_Idle_Task_Hook_FreeRTOS\Core\Inc\stm32l4xx_hal_conf.h_save
2025-11-27 19:39:32,731 [INFO] CodeEngine:345 - Generated code: D:\BITSILICA_WORKSHEETS\STM32L476RG\50_Idle_Task_Hook_FreeRTOS\Core\Inc\stm32l4xx_hal_conf.h
2025-11-27 19:39:32,788 [INFO] ApiDbMcu:532 - Load IP Config File for USART2
2025-11-27 19:39:32,794 [INFO] ApiDbMcu:532 - Load IP Config File for RCC
2025-11-27 19:39:32,822 [INFO] CodeEngine:265 - oldGeneratedFile, D:\BITSILICA_WORKSHEETS\STM32L476RG\50_Idle_Task_Hook_FreeRTOS\Core\Inc\main.h_save
2025-11-27 19:39:32,922 [INFO] CodeEngine:289 - Generated code: D:\BITSILICA_WORKSHEETS\STM32L476RG\50_Idle_Task_Hook_FreeRTOS\Core\Inc\main.h
2025-11-27 19:39:32,943 [INFO] CodeEngine:265 - oldGeneratedFile, D:\BITSILICA_WORKSHEETS\STM32L476RG\50_Idle_Task_Hook_FreeRTOS\Core\Src\main.c_save
2025-11-27 19:39:33,100 [INFO] CodeEngine:289 - Generated code: D:\BITSILICA_WORKSHEETS\STM32L476RG\50_Idle_Task_Hook_FreeRTOS\Core\Src\main.c
2025-11-27 19:39:34,267 [INFO] ProjectBuilder:3606 - Time for Copy HAL[1] : 788mS.
2025-11-27 19:39:34,276 [INFO] ProjectBuilder:5216 - Project Generator version: 4.7.0-B52
2025-11-27 19:39:34,361 [INFO] ConfigFileManager:1595 - The Die is : DIE415
2025-11-27 19:39:34,366 [INFO] ApiDbMcu:532 - Load IP Config File for FATFS
2025-11-27 19:39:34,378 [INFO] ApiDbMcu:532 - Load IP Config File for TOUCHSENSING
2025-11-27 19:39:34,383 [INFO] ApiDbMcu:532 - Load IP Config File for USB_DEVICE
2025-11-27 19:39:34,388 [INFO] ApiDbMcu:532 - Load IP Config File for USB_HOST
2025-11-27 19:39:37,961 [INFO] ProjectBuilder:5496 - Time for Generating toolchain IDE Files: 3683mS.
2025-11-27 19:39:37,971 [INFO] ProjectBuilder:3463 - Time for Copy CMSIS : 10mS.
2025-11-27 19:39:38,036 [INFO] ProjectBuilder:3463 - Time for Copy CMSIS : 4mS.
2025-11-27 20:06:07,000 [INFO] MainUpdater:2872 - connection check result : 10
2025-11-27 20:06:07,103 [INFO] MainUpdater:2872 - connection check result : 10
2025-11-27 20:06:07,362 [INFO] MicroXplorer:468 - Change Database Path : 
2025-11-27 20:06:07,363 [INFO] MicroXplorer:498 - Change Database Version : DB.6.0.150
2025-11-27 20:06:07,447 [ERROR] ProjectManagerView:395 - 
java.lang.NullPointerException: Cannot invoke "javax.swing.JTextField.getText()" because the return value of "java.util.List.get(int)" is null
	at com.st.microxplorer.plugins.projectmanager.gui.ProjectChoiceTab$9.caretUpdate(ProjectChoiceTab.java:2706) ~[filemanager.jar:?]
	at javax.swing.text.JTextComponent.fireCaretUpdate(JTextComponent.java:408) ~[?:?]
	at javax.swing.text.JTextComponent$MutableCaretEvent.fire(JTextComponent.java:4484) ~[?:?]
	at javax.swing.text.JTextComponent$MutableCaretEvent.stateChanged(JTextComponent.java:4506) ~[?:?]
	at javax.swing.text.DefaultCaret.fireStateChanged(DefaultCaret.java:857) ~[?:?]
	at javax.swing.text.DefaultCaret.changeCaretPosition(DefaultCaret.java:1343) ~[?:?]
	at javax.swing.text.DefaultCaret.handleSetDot(DefaultCaret.java:1242) ~[?:?]
	at javax.swing.text.DefaultCaret.setDot(DefaultCaret.java:1223) ~[?:?]
	at javax.swing.text.DefaultCaret$Handler.insertUpdate(DefaultCaret.java:1819) ~[?:?]
	at javax.swing.text.AbstractDocument.fireInsertUpdate(AbstractDocument.java:227) ~[?:?]
	at javax.swing.text.AbstractDocument.handleInsertString(AbstractDocument.java:781) ~[?:?]
	at javax.swing.text.AbstractDocument.insertString(AbstractDocument.java:740) ~[?:?]
	at javax.swing.text.PlainDocument.insertString(PlainDocument.java:131) ~[?:?]
	at javax.swing.text.AbstractDocument.replace(AbstractDocument.java:699) ~[?:?]
	at javax.swing.text.JTextComponent.setText(JTextComponent.java:1725) ~[?:?]
	at com.st.microxplorer.plugins.projectmanager.gui.ProjectChoiceTab.createHeapStackFields(ProjectChoiceTab.java:993) ~[filemanager.jar:?]
	at com.st.microxplorer.plugins.projectmanager.gui.ProjectChoiceTab.buildLinkSettingsPanel(ProjectChoiceTab.java:3813) ~[filemanager.jar:?]
	at com.st.microxplorer.plugins.projectmanager.gui.ProjectChoiceTab.defineWindowsFields(ProjectChoiceTab.java:1987) ~[filemanager.jar:?]
	at com.st.microxplorer.plugins.projectmanager.gui.ProjectChoiceTab.updateSettings(ProjectChoiceTab.java:558) ~[filemanager.jar:?]
	at com.st.microxplorer.plugins.projectmanager.gui.ProjectSettingsPanel.UpdateDialog(ProjectSettingsPanel.java:247) ~[filemanager.jar:?]
	at com.st.microxplorer.plugins.projectmanager.ProjectManagerView.propertyChange(ProjectManagerView.java:392) ~[filemanager.jar:?]
	at java.beans.PropertyChangeSupport.fire(PropertyChangeSupport.java:343) ~[?:?]
	at java.beans.PropertyChangeSupport.firePropertyChange(PropertyChangeSupport.java:335) ~[?:?]
	at java.beans.PropertyChangeSupport.firePropertyChange(PropertyChangeSupport.java:268) ~[?:?]
	at com.st.microxplorer.util.MXPropertyChangeSupport.firePropertyChange(MXPropertyChangeSupport.java:54) ~[STM32CubeMX.jar:?]
	at com.st.microxplorer.mxsystem.MxSystem.closeConfig(MxSystem.java:899) ~[STM32CubeMX.jar:?]
	at com.st.microxplorer.maingui.MainPanel.closeConfig(MainPanel.java:792) ~[STM32CubeMX.jar:?]
	at com.st.microxplorer.plugins.filemanager.engine.OpenFileManager.loadConfigurationFile(OpenFileManager.java:288) ~[filemanager.jar:?]
	at com.st.microxplorer.plugins.filemanager.engine.MainFileManager.userLoadConfig(MainFileManager.java:364) ~[filemanager.jar:?]
	at com.st.microxplorer.plugins.filemanager.engine.MainFileManager.userLoadConfig(MainFileManager.java:342) ~[filemanager.jar:?]
	at com.st.microxplorer.plugins.filemanager.FileManagerView.getSpecificTask(FileManagerView.java:264) ~[filemanager.jar:?]
	at com.st.stm32cube.common.mx.editor.CubeMxEditor.getMxTabbedPaneInstance(CubeMxEditor.java:1198) ~[com.st.stm32cube.common.mx_6.15.0.202507011659/:?]
	at com.st.stm32cube.common.mx.editor.CubeMxEditor$12$1.createSwingComponent(CubeMxEditor.java:1068) ~[com.st.stm32cube.common.mx_6.15.0.202507011659/:?]
	at com.st.stm32cube.common.mx.oss.core.awtswtbridge.EmbeddedSwingComposite.doComponentCreation(EmbeddedSwingComposite.java:492) ~[com.st.stm32cube.common.mx.oss_6.15.0.202507011659/:?]
	at com.st.stm32cube.common.mx.oss.core.awtswtbridge.EmbeddedSwingComposite$4.run(EmbeddedSwingComposite.java:291) ~[com.st.stm32cube.common.mx.oss_6.15.0.202507011659/:?]
	at com.st.stm32cube.common.mx.oss.core.awtswtbridge.AwtEnvironment$2.run(AwtEnvironment.java:166) ~[com.st.stm32cube.common.mx.oss_6.15.0.202507011659/:?]
	at java.awt.event.InvocationEvent.dispatch(InvocationEvent.java:318) ~[?:?]
	at java.awt.EventQueue.dispatchEventImpl(EventQueue.java:773) ~[?:?]
	at java.awt.EventQueue$4.run(EventQueue.java:720) ~[?:?]
	at java.awt.EventQueue$4.run(EventQueue.java:714) ~[?:?]
	at java.security.AccessController.doPrivileged(AccessController.java:400) ~[?:?]
	at java.security.ProtectionDomain$JavaSecurityAccessImpl.doIntersectionPrivilege(ProtectionDomain.java:87) ~[?:?]
	at java.awt.EventQueue.dispatchEvent(EventQueue.java:742) ~[?:?]
	at java.awt.EventDispatchThread.pumpOneEventForFilters(EventDispatchThread.java:203) ~[?:?]
	at java.awt.EventDispatchThread.pumpEventsForFilter(EventDispatchThread.java:124) ~[?:?]
	at java.awt.EventDispatchThread.pumpEventsForHierarchy(EventDispatchThread.java:113) ~[?:?]
	at java.awt.EventDispatchThread.pumpEvents(EventDispatchThread.java:109) ~[?:?]
	at java.awt.EventDispatchThread.pumpEvents(EventDispatchThread.java:101) ~[?:?]
	at java.awt.EventDispatchThread.run(EventDispatchThread.java:90) ~[?:?]
2025-11-27 20:06:07,449 [WARN] ThirdParty:871 - waiting for thirdparty lock release [close project]
2025-11-27 20:06:07,450 [INFO] ThirdParty:873 - entering critical section [close project]
2025-11-27 20:06:07,450 [INFO] ThirdParty:883 - exiting critical section [close project]
2025-11-27 20:06:07,464 [INFO] PinOutPanel:1589 - setPackage(No Configuration,No Configuration)
2025-11-27 20:06:07,490 [INFO] UtilMem:75 - Begin LoadConfig() Used Memory: 926534584 Bytes (1073741824)
2025-11-27 20:06:07,495 [INFO] MicroXplorer:468 - Change Database Path : 
2025-11-27 20:06:07,495 [INFO] MicroXplorer:498 - Change Database Version : DB.6.0.150
2025-11-27 20:06:07,496 [INFO] OpenFileManager:355 - Change cursor
2025-11-27 20:06:07,571 [INFO] RulesReader:64 - Compatibility file has been processed (317 Rules)
2025-11-27 20:06:07,596 [INFO] Mcu:2029 - Initializing MCU STM32L476R(C-E-G)Tx STM32L476RGTx STM32L476RGT3
2025-11-27 20:06:11,380 [INFO] Context:786 - Trying to add GPIOservice into a context  which must be forbidden
2025-11-27 20:06:12,404 [INFO] ImportTextPane:234 - (OptionalMessage_ERROR) Pin13 (VP_RIF_VS_RIF1) cannot be retrieved for this MCU
2025-11-27 20:06:12,779 [INFO] RtosManager:558 - Registered RTOS mode: class=CMSIS, group=RTOS, mode=CMSIS_V1, owner=FREERTOS
2025-11-27 20:06:12,779 [INFO] RtosManager:558 - Registered RTOS mode: class=CMSIS, group=RTOS2, mode=CMSIS_V2, owner=FREERTOS
2025-11-27 20:06:12,779 [INFO] RtosManager:558 - Registered RTOS mode: class=RTOS, group=Core, mode=CMSIS_V1, owner=FREERTOS
2025-11-27 20:06:12,779 [INFO] RtosManager:558 - Registered RTOS mode: class=RTOS, group=Core, mode=CMSIS_V2, owner=FREERTOS
2025-11-27 20:06:12,780 [WARN] ModelIntegratedComponent:184 - Missing modes for component STMicroelectronics:FreeRTOS:0.0.1:STMicroelectronics:RTOS:FreeRTOS:Core:::10.2.0:
2025-11-27 20:06:12,798 [WARN] ModelIntegratedComponent:63 - No mode defined for component null
2025-11-27 20:06:12,798 [WARN] ModelIntegratedComponent:63 - No mode defined for component null
2025-11-27 20:06:12,798 [WARN] ModelIntegratedComponent:63 - No mode defined for component null
2025-11-27 20:06:12,798 [WARN] ModelIntegratedComponent:63 - No mode defined for component null
2025-11-27 20:06:12,798 [WARN] ModelIntegratedComponent:63 - No mode defined for component null
2025-11-27 20:06:12,798 [WARN] ModelIntegratedComponent:63 - No mode defined for component null
2025-11-27 20:06:12,798 [WARN] ModelIntegratedComponent:63 - No mode defined for component null
2025-11-27 20:06:12,798 [WARN] ModelIntegratedComponent:63 - No mode defined for component null
2025-11-27 20:06:12,799 [WARN] ModelIntegratedComponent:63 - No mode defined for component null
2025-11-27 20:06:12,799 [WARN] ModelIntegratedComponent:63 - No mode defined for component null
2025-11-27 20:06:12,799 [WARN] ModelIntegratedComponent:63 - No mode defined for component null
2025-11-27 20:06:12,799 [WARN] ModelIntegratedComponent:63 - No mode defined for component null
2025-11-27 20:06:12,799 [WARN] ModelIntegratedComponent:63 - No mode defined for component null
2025-11-27 20:06:12,799 [WARN] ModelIntegratedComponent:63 - No mode defined for component null
2025-11-27 20:06:12,799 [WARN] ModelIntegratedComponent:63 - No mode defined for component null
2025-11-27 20:06:12,799 [WARN] ModelIntegratedComponent:63 - No mode defined for component null
2025-11-27 20:06:12,799 [WARN] ModelIntegratedComponent:63 - No mode defined for component null
2025-11-27 20:06:12,799 [WARN] ModelIntegratedComponent:63 - No mode defined for component null
2025-11-27 20:06:12,799 [WARN] ModelIntegratedComponent:63 - No mode defined for component null
2025-11-27 20:06:12,799 [WARN] ModelIntegratedComponent:63 - No mode defined for component null
2025-11-27 20:06:12,799 [WARN] ModelIntegratedComponent:63 - No mode defined for component null
2025-11-27 20:06:12,799 [WARN] ModelIntegratedComponent:63 - No mode defined for component null
2025-11-27 20:06:12,799 [WARN] ModelIntegratedComponent:63 - No mode defined for component null
2025-11-27 20:06:12,799 [WARN] ModelIntegratedComponent:63 - No mode defined for component null
2025-11-27 20:06:12,799 [WARN] ModelIntegratedComponent:63 - No mode defined for component null
2025-11-27 20:06:12,799 [WARN] ModelIntegratedComponent:63 - No mode defined for component null
2025-11-27 20:06:12,799 [WARN] ModelIntegratedComponent:63 - No mode defined for component null
2025-11-27 20:06:12,799 [WARN] ModelIntegratedComponent:63 - No mode defined for component null
2025-11-27 20:06:12,799 [WARN] ModelIntegratedComponent:63 - No mode defined for component null
2025-11-27 20:06:12,799 [WARN] ModelIntegratedComponent:63 - No mode defined for component null
2025-11-27 20:06:12,799 [WARN] ModelIntegratedComponent:63 - No mode defined for component null
2025-11-27 20:06:12,801 [WARN] ModelIntegratedComponent:63 - No mode defined for component null
2025-11-27 20:06:12,801 [WARN] ModelIntegratedComponent:63 - No mode defined for component null
2025-11-27 20:06:12,801 [WARN] ModelIntegratedComponent:63 - No mode defined for component null
2025-11-27 20:06:12,801 [WARN] ModelIntegratedComponent:63 - No mode defined for component null
2025-11-27 20:06:12,801 [WARN] ModelPack:524 - Component already loaded: STMicroelectronics:HAL Drivers:0.0.0:STMicroelectronics:Device:STMicro_Driver:XSPI:HAL::0.0.1:HAL_XSPI
2025-11-27 20:06:13,029 [INFO] ThirdPartyModel:298 - Start build external matchings
2025-11-27 20:06:14,493 [INFO] ThirdPartyModel:316 - End build external matchings
2025-11-27 20:06:14,527 [INFO] RtosManager:1018 - Current active RTOS is FREERTOS [Cortex-M4NS]
2025-11-27 20:06:14,539 [INFO] ImportTextPane:234 - (OptionalMessage_ERROR) IP (RCC) : Invalid parameter (FamilyName)
2025-11-27 20:06:14,540 [INFO] ImportTextPane:234 - (OptionalMessage_ERROR) IP (RCC) : Parameter (RNGFreq_Value) has invalid value (64000000)
2025-11-27 20:06:14,540 [INFO] ImportTextPane:234 - (OptionalMessage_ERROR) IP (RCC) : Parameter (SDMMCFreq_Value) has invalid value (64000000)
2025-11-27 20:06:14,540 [INFO] ImportTextPane:234 - (OptionalMessage_ERROR) IP (RCC) : Parameter (USBFreq_Value) has invalid value (64000000)
2025-11-27 20:06:15,180 [INFO] UtilMem:75 - End LoadConfig() Used Memory: 803325104 Bytes (1073741824)
2025-11-27 20:06:15,251 [WARN] ThirdParty:833 - waiting for thirdparty lock release [change project]
2025-11-27 20:06:15,252 [INFO] ThirdParty:835 - entering critical section [change project]
2025-11-27 20:06:15,252 [INFO] ThirdParty:1030 - CMSIS Pack Vendor :STMicroelectronics X-CUBE-PM33A1 1.0.0
2025-11-27 20:06:15,252 [INFO] ThirdParty:1030 - CMSIS Pack Vendor :STMicroelectronics USBPD 4.1
2025-11-27 20:06:15,252 [INFO] ThirdParty:1030 - CMSIS Pack Vendor :STMicroelectronics X-CUBE-NFC9 1.0.0
2025-11-27 20:06:15,252 [INFO] ThirdParty:1030 - CMSIS Pack Vendor :STMicroelectronics USB_HOST 2.0.0
2025-11-27 20:06:15,252 [INFO] ThirdParty:1030 - CMSIS Pack Vendor :STMicroelectronics FP-SNS-MOTENVWB1 1.4.0
2025-11-27 20:06:15,252 [INFO] ThirdParty:1030 - CMSIS Pack Vendor :STMicroelectronics X-CUBE-AZRTOS-F4 1.1.0
2025-11-27 20:06:15,253 [INFO] ThirdParty:1030 - CMSIS Pack Vendor :STMicroelectronics LIBJPEG 8.0.0
2025-11-27 20:06:15,253 [INFO] ThirdParty:1030 - CMSIS Pack Vendor :STMicroelectronics FP-ATR-ASTRA1 2.0.2
2025-11-27 20:06:15,253 [INFO] ThirdParty:1030 - CMSIS Pack Vendor :wolfSSL I-CUBE-wolfSSL 5.8.2
2025-11-27 20:06:15,253 [INFO] ThirdParty:1030 - CMSIS Pack Vendor :STMicroelectronics X-CUBE-BLE1 7.1.0
2025-11-27 20:06:15,253 [INFO] ThirdParty:1030 - CMSIS Pack Vendor :STMicroelectronics X-CUBE-SMBUS 2.1.0
2025-11-27 20:06:15,253 [INFO] ThirdParty:1030 - CMSIS Pack Vendor :wolfSSL I-CUBE-wolfMQTT 1.19.2
2025-11-27 20:06:15,253 [INFO] ThirdParty:1030 - CMSIS Pack Vendor :STMicroelectronics USB_DEVICE 3.0.0
2025-11-27 20:06:15,253 [INFO] ThirdParty:1030 - CMSIS Pack Vendor :STMicroelectronics X-CUBE-ISPU 2.1.0
2025-11-27 20:06:15,253 [INFO] ThirdParty:1030 - CMSIS Pack Vendor :STMicroelectronics X-CUBE-FREERTOS 1.4.0
2025-11-27 20:06:15,253 [INFO] ThirdParty:1030 - CMSIS Pack Vendor :STMicroelectronics X-CUBE-EEPRMA1 5.2.0
2025-11-27 20:06:15,255 [INFO] ThirdParty:1030 - CMSIS Pack Vendor :STMicroelectronics X-CUBE-IPS 3.2.0
2025-11-27 20:06:15,255 [INFO] ThirdParty:1030 - CMSIS Pack Vendor :STMicroelectronics X-CUBE-BLEMGR 4.1.0
2025-11-27 20:06:15,255 [INFO] ThirdParty:1030 - CMSIS Pack Vendor :STMicroelectronics X-CUBE-AZRTOS-WB 2.0.0
2025-11-27 20:06:15,255 [INFO] ThirdParty:1030 - CMSIS Pack Vendor :STMicroelectronics X-CUBE-NFC12 1.0.0
2025-11-27 20:06:15,255 [INFO] ThirdParty:1030 - CMSIS Pack Vendor :STMicroelectronics X-CUBE-AZRTOS-F7 1.1.0
2025-11-27 20:06:15,255 [INFO] ThirdParty:1030 - CMSIS Pack Vendor :STMicroelectronics X-CUBE-AZRTOS-L5 2.0.0
2025-11-27 20:06:15,255 [INFO] ThirdParty:1030 - CMSIS Pack Vendor :STMicroelectronics USB_DEVICE 2.0.0
2025-11-27 20:06:15,255 [INFO] ThirdParty:1030 - CMSIS Pack Vendor :STMicroelectronics X-CUBE-NFC6 3.1.0
2025-11-27 20:06:15,255 [INFO] ThirdParty:1030 - CMSIS Pack Vendor :STMicroelectronics X-CUBE-ST67W61 1.1.0
2025-11-27 20:06:15,255 [INFO] ThirdParty:1030 - CMSIS Pack Vendor :Cesanta I-CUBE-Mongoose 7.19.0
2025-11-27 20:06:15,256 [INFO] ThirdParty:1030 - CMSIS Pack Vendor :quantropi X-CUBE-qispace-sdk-base 2.1.0
2025-11-27 20:06:15,256 [INFO] ThirdParty:1030 - CMSIS Pack Vendor :STMicroelectronics X-CUBE-MEMS1 12.0.0
2025-11-27 20:06:15,256 [INFO] ThirdParty:1030 - CMSIS Pack Vendor :STMicroelectronics FP-SNS-MOTENV1 5.1.0
2025-11-27 20:06:15,256 [INFO] ThirdParty:1030 - CMSIS Pack Vendor :STMicroelectronics FreeRTOS 0.0.1
2025-11-27 20:06:15,256 [INFO] ThirdParty:1030 - CMSIS Pack Vendor :STMicroelectronics X-CUBE-AZRTOS-G0 1.1.0
2025-11-27 20:06:15,256 [INFO] ThirdParty:1030 - CMSIS Pack Vendor :STMicroelectronics X-CUBE-NFC4 3.0.0
2025-11-27 20:06:15,256 [INFO] ThirdParty:1030 - CMSIS Pack Vendor :STMicroelectronics X-CUBE-SUBG2 5.0.0
2025-11-27 20:06:15,256 [INFO] ThirdParty:1030 - CMSIS Pack Vendor :STMicroelectronics X-CUBE-AZRTOS-H7RS 1.1.0
2025-11-27 20:06:15,256 [INFO] ThirdParty:1030 - CMSIS Pack Vendor :STMicroelectronics STM32_WPAN 1.0.0
2025-11-27 20:06:15,257 [INFO] ThirdParty:1030 - CMSIS Pack Vendor :EmbeddedOffice I-CUBE-FS-RTOS 1.0.1
2025-11-27 20:06:15,257 [INFO] ThirdParty:1030 - CMSIS Pack Vendor :STMicroelectronics lwIP 2.0.3
2025-11-27 20:06:15,257 [INFO] ThirdParty:1030 - CMSIS Pack Vendor :WES I-CUBE-Cesium 1.4.0
2025-11-27 20:06:15,257 [INFO] ThirdParty:1030 - CMSIS Pack Vendor :STMicroelectronics USB_HOST 1.0.0
2025-11-27 20:06:15,257 [INFO] ThirdParty:1030 - CMSIS Pack Vendor :Infineon AIROC-Wi-Fi-Bluetooth-STM32 1.7.1
2025-11-27 20:06:15,257 [INFO] ThirdParty:1030 - CMSIS Pack Vendor :STMicroelectronics X-CUBE-AZRTOS-G4 2.0.0
2025-11-27 20:06:15,257 [INFO] ThirdParty:1030 - CMSIS Pack Vendor :STMicroelectronics X-CUBE-WB05N 2.0.0
2025-11-27 20:06:15,257 [INFO] ThirdParty:1030 - CMSIS Pack Vendor :STMicroelectronics PDM2PCM 3.1.0
2025-11-27 20:06:15,257 [INFO] ThirdParty:1030 - CMSIS Pack Vendor :STMicroelectronics PDM2PCM 3.3.0
2025-11-27 20:06:15,257 [INFO] ThirdParty:1030 - CMSIS Pack Vendor :wolfSSL I-CUBE-wolfTPM 3.8.0
2025-11-27 20:06:15,257 [INFO] ThirdParty:1030 - CMSIS Pack Vendor :STMicroelectronics X-CUBE-AZRTOS-H7 3.4.0
2025-11-27 20:06:15,257 [INFO] ThirdParty:1030 - CMSIS Pack Vendor :STMicroelectronics X-CUBE-DISPLAY 3.0.0
2025-11-27 20:06:15,257 [INFO] ThirdParty:1030 - CMSIS Pack Vendor :wolfSSL I-CUBE-wolfSSH 1.4.20
2025-11-27 20:06:15,257 [INFO] ThirdParty:1030 - CMSIS Pack Vendor :STMicroelectronics X-CUBE-NFC7 2.0.0
2025-11-27 20:06:15,259 [INFO] ThirdParty:1030 - CMSIS Pack Vendor :STMicroelectronics X-CUBE-TCPP 4.2.0
2025-11-27 20:06:15,260 [INFO] ThirdParty:1030 - CMSIS Pack Vendor :RealThread X-CUBE-RT-Thread_Nano 4.1.1
2025-11-27 20:06:15,262 [INFO] ThirdParty:1030 - CMSIS Pack Vendor :STMicroelectronics FP-ATR-SIGFOX1 3.2.0
2025-11-27 20:06:15,264 [INFO] ThirdParty:1030 - CMSIS Pack Vendor :STMicroelectronics X-CUBE-NFC10 1.0.0
2025-11-27 20:06:15,264 [INFO] ThirdParty:1030 - CMSIS Pack Vendor :STMicroelectronics X-CUBE-FREERTOS 1.3.1
2025-11-27 20:06:15,264 [INFO] ThirdParty:1030 - CMSIS Pack Vendor :STMicroelectronics HAL Drivers 0.0.0
2025-11-27 20:06:15,265 [INFO] ThirdParty:1030 - CMSIS Pack Vendor :STMicroelectronics MBEDTLS 2.16.2
2025-11-27 20:06:15,265 [INFO] ThirdParty:1030 - CMSIS Pack Vendor :STMicroelectronics X-CUBE-ST60 1.1.0
2025-11-27 20:06:15,265 [INFO] ThirdParty:1030 - CMSIS Pack Vendor :STMicroelectronics X-CUBE-ALS 1.0.2
2025-11-27 20:06:15,265 [INFO] ThirdParty:1030 - CMSIS Pack Vendor :emotas I-CUBE-CANOPEN 1.3.0
2025-11-27 20:06:15,265 [INFO] ThirdParty:1030 - CMSIS Pack Vendor :STMicroelectronics MBEDTLS 2.14.1
2025-11-27 20:06:15,265 [INFO] ThirdParty:1030 - CMSIS Pack Vendor :STMicroelectronics X-CUBE-GNSS1 7.1.0
2025-11-27 20:06:15,265 [INFO] ThirdParty:1030 - CMSIS Pack Vendor :ITTIA_DB I-CUBE-ITTIADB 8.9.0
2025-11-27 20:06:15,265 [INFO] ThirdParty:1030 - CMSIS Pack Vendor :STMicroelectronics X-CUBE-TOUCHGFX 4.26.0
2025-11-27 20:06:15,266 [INFO] ThirdParty:1030 - CMSIS Pack Vendor :STMicroelectronics X-CUBE-STSE01 1.0.0
2025-11-27 20:06:15,266 [INFO] ThirdParty:1030 - CMSIS Pack Vendor :STMicroelectronics FP-SNS-STBOX1 2.1.0
2025-11-27 20:06:15,266 [INFO] ThirdParty:1030 - CMSIS Pack Vendor :STMicroelectronics X-CUBE-AI 10.2.0
2025-11-27 20:06:15,266 [INFO] ThirdParty:1030 - CMSIS Pack Vendor :STMicroelectronics FP-SNS-STAIOTCFT 1.0.0
2025-11-27 20:06:15,266 [INFO] ThirdParty:1030 - CMSIS Pack Vendor :STMicroelectronics ThreadX 1.0.0
2025-11-27 20:06:15,266 [INFO] ThirdParty:1030 - CMSIS Pack Vendor :STMicroelectronics FP-SNS-SMARTAG2 1.2.0
2025-11-27 20:06:15,266 [INFO] ThirdParty:1030 - CMSIS Pack Vendor :STMicroelectronics FP-SNS-FLIGHT1 5.1.0
2025-11-27 20:06:15,266 [INFO] ThirdParty:1030 - CMSIS Pack Vendor :STMicroelectronics X-CUBE-AZRTOS-WL 2.0.0
2025-11-27 20:06:15,266 [INFO] ThirdParty:1030 - CMSIS Pack Vendor :SEGGER I-CUBE-embOS 1.3.1
2025-11-27 20:06:15,266 [INFO] ThirdParty:1030 - CMSIS Pack Vendor :STMicroelectronics X-CUBE-ALGOBUILD 1.4.0
2025-11-27 20:06:15,267 [INFO] ThirdParty:1030 - CMSIS Pack Vendor :STMicroelectronics X-CUBE-DPower 1.3.0
2025-11-27 20:06:15,267 [INFO] ThirdParty:1030 - CMSIS Pack Vendor :STMicroelectronics X-CUBE-MEMS1 11.3.0
2025-11-27 20:06:15,267 [INFO] ThirdParty:1030 - CMSIS Pack Vendor :STMicroelectronics USB_DEVICE 1.0.0
2025-11-27 20:06:15,267 [INFO] ThirdParty:1030 - CMSIS Pack Vendor :STMicroelectronics X-CUBE-AZRTOS-H7RS 1.2.0
2025-11-27 20:06:15,267 [INFO] ThirdParty:1030 - CMSIS Pack Vendor :STMicroelectronics X-CUBE-AZRTOS-L4 2.0.0
2025-11-27 20:06:15,267 [INFO] ThirdParty:1030 - CMSIS Pack Vendor :STMicroelectronics ThreadX 0.0.2
2025-11-27 20:06:15,267 [INFO] ThirdParty:1030 - CMSIS Pack Vendor :STMicroelectronics lwIP 2.1.2
2025-11-27 20:06:15,267 [INFO] ThirdParty:1030 - CMSIS Pack Vendor :STMicroelectronics X-CUBE-SFXS2LP1 4.0.0
2025-11-27 20:06:15,267 [INFO] ThirdParty:1030 - CMSIS Pack Vendor :STMicroelectronics X-CUBE-BLE2 3.3.0
2025-11-27 20:06:15,267 [INFO] ThirdParty:1030 - CMSIS Pack Vendor :Avnet-IOTCONNECT X-CUBE-iotc-st67-sdk 1.0.0
2025-11-27 20:06:15,267 [INFO] ThirdParty:1030 - CMSIS Pack Vendor :STMicroelectronics X-CUBE-TOF1 3.4.3
2025-11-27 20:06:15,267 [INFO] ThirdParty:1030 - CMSIS Pack Vendor :STMicroelectronics PDM2PCM 3.2.0
2025-11-27 20:06:15,267 [INFO] ThirdParty:841 - exiting critical section [change project]
2025-11-27 20:06:15,913 [INFO] PinOutPanel:1589 - setPackage(No Configuration,No Configuration)
2025-11-27 20:06:15,914 [INFO] PinOutPanel:1589 - setPackage(STM32L476RGTx,LQFP64)
2025-11-27 20:06:17,122 [INFO] UtilMem:75 - Before build in PCC Used Memory: 965982032 Bytes (1073741824)
2025-11-27 20:06:17,816 [INFO] UtilMem:75 - After build in PCC Used Memory: 824906696 Bytes (1073741824)
2025-11-27 20:06:17,829 [INFO] ApiDbMcu:532 - Load IP Config File for FREERTOS
2025-11-27 20:06:17,858 [INFO] IPUIPlugin:80 - create IPUIPlugin
2025-11-27 20:06:17,859 [INFO] IPUIPlugin:80 - create IPUIPlugin
2025-11-27 20:06:17,859 [INFO] IPUIPlugin:80 - create IPUIPlugin
2025-11-27 20:06:17,859 [INFO] IPUIPlugin:80 - create IPUIPlugin
2025-11-27 20:06:17,859 [INFO] IPUIPlugin:80 - create IPUIPlugin
2025-11-27 20:06:17,859 [INFO] IPUIPlugin:80 - create IPUIPlugin
2025-11-27 20:06:17,861 [INFO] IPUIPlugin:80 - create IPUIPlugin
2025-11-27 20:06:17,861 [INFO] IPUIPlugin:80 - create IPUIPlugin
2025-11-27 20:06:17,861 [INFO] IPUIPlugin:80 - create IPUIPlugin
2025-11-27 20:06:17,861 [INFO] IPUIPlugin:80 - create IPUIPlugin
2025-11-27 20:06:17,861 [INFO] IPUIPlugin:80 - create IPUIPlugin
2025-11-27 20:06:17,862 [INFO] IPUIPlugin:80 - create IPUIPlugin
2025-11-27 20:06:17,862 [INFO] IPUIPlugin:80 - create IPUIPlugin
2025-11-27 20:06:17,862 [INFO] IPUIPlugin:80 - create IPUIPlugin
2025-11-27 20:06:17,862 [INFO] IPUIPlugin:80 - create IPUIPlugin
2025-11-27 20:06:17,862 [INFO] IPUIPlugin:80 - create IPUIPlugin
2025-11-27 20:06:17,862 [INFO] IPUIPlugin:80 - create IPUIPlugin
2025-11-27 20:06:17,863 [INFO] IPUIPlugin:80 - create IPUIPlugin
2025-11-27 20:06:17,863 [INFO] IPUIPlugin:80 - create IPUIPlugin
2025-11-27 20:06:17,863 [INFO] IPUIPlugin:80 - create IPUIPlugin
2025-11-27 20:06:17,863 [INFO] IPUIPlugin:80 - create IPUIPlugin
2025-11-27 20:06:17,863 [INFO] IPUIPlugin:80 - create IPUIPlugin
2025-11-27 20:06:17,864 [INFO] IPUIPlugin:80 - create IPUIPlugin
2025-11-27 20:06:17,864 [INFO] IPUIPlugin:80 - create IPUIPlugin
2025-11-27 20:06:17,864 [INFO] IPUIPlugin:80 - create IPUIPlugin
2025-11-27 20:06:17,864 [INFO] IPUIPlugin:80 - create IPUIPlugin
2025-11-27 20:06:17,864 [INFO] IPUIPlugin:80 - create IPUIPlugin
2025-11-27 20:06:17,865 [INFO] IPUIPlugin:80 - create IPUIPlugin
2025-11-27 20:06:17,865 [INFO] IPUIPlugin:80 - create IPUIPlugin
2025-11-27 20:06:17,865 [INFO] IPUIPlugin:80 - create IPUIPlugin
2025-11-27 20:06:17,865 [INFO] IPUIPlugin:80 - create IPUIPlugin
2025-11-27 20:06:17,865 [INFO] IPUIPlugin:80 - create IPUIPlugin
2025-11-27 20:06:17,866 [INFO] IPUIPlugin:80 - create IPUIPlugin
2025-11-27 20:06:17,866 [INFO] IPUIPlugin:80 - create IPUIPlugin
2025-11-27 20:06:17,866 [INFO] IPUIPlugin:80 - create IPUIPlugin
2025-11-27 20:06:17,866 [INFO] IPUIPlugin:80 - create IPUIPlugin
2025-11-27 20:06:17,866 [INFO] IPUIPlugin:80 - create IPUIPlugin
2025-11-27 20:06:17,867 [INFO] IPUIPlugin:80 - create IPUIPlugin
2025-11-27 20:06:17,867 [INFO] IPUIPlugin:80 - create IPUIPlugin
2025-11-27 20:06:17,867 [INFO] IPUIPlugin:80 - create IPUIPlugin
2025-11-27 20:06:17,867 [INFO] IPUIPlugin:80 - create IPUIPlugin
2025-11-27 20:06:17,867 [INFO] IPUIPlugin:80 - create IPUIPlugin
2025-11-27 20:06:17,868 [INFO] IPUIPlugin:80 - create IPUIPlugin
2025-11-27 20:06:17,868 [INFO] IPUIPlugin:80 - create IPUIPlugin
2025-11-27 20:06:17,868 [INFO] IPUIPlugin:80 - create IPUIPlugin
2025-11-27 20:06:17,868 [INFO] IPUIPlugin:80 - create IPUIPlugin
2025-11-27 20:06:17,868 [INFO] IPUIPlugin:80 - create IPUIPlugin
2025-11-27 20:06:17,869 [INFO] IPUIPlugin:80 - create IPUIPlugin
2025-11-27 20:06:17,869 [INFO] IPUIPlugin:80 - create IPUIPlugin
2025-11-27 20:06:17,869 [INFO] IPUIPlugin:80 - create IPUIPlugin
2025-11-27 20:06:17,870 [INFO] IPUIPlugin:80 - create IPUIPlugin
2025-11-27 20:06:17,870 [INFO] IPUIPlugin:80 - create IPUIPlugin
2025-11-27 20:06:17,870 [INFO] IPUIPlugin:80 - create IPUIPlugin
2025-11-27 20:06:17,872 [INFO] IPUIPlugin:80 - create IPUIPlugin
2025-11-27 20:06:17,872 [INFO] IPUIPlugin:80 - create IPUIPlugin
2025-11-27 20:06:17,873 [INFO] IPUIPlugin:80 - create IPUIPlugin
2025-11-27 20:06:17,873 [INFO] IPUIPlugin:80 - create IPUIPlugin
2025-11-27 20:06:17,873 [INFO] IPUIPlugin:80 - create IPUIPlugin
2025-11-27 20:06:17,876 [INFO] IPUIPlugin:80 - create IPUIPlugin
2025-11-27 20:06:17,894 [WARN] FreeRTOS:1023 - Null or empty value: should not occur! (nothing added to the table)
2025-11-27 20:06:18,005 [INFO] CADModel:165 - CPN selected for project levelSTM32L476RGT3
2025-11-27 20:06:18,006 [INFO] CADModel:114 - Register for checkConnection events
2025-11-27 20:06:18,011 [INFO] RtosManager:728 - Active RTOS found at IOC load: FREERTOS [Cortex-M4NS]
2025-11-27 20:06:18,103 [INFO] OpenFileManager:386 - Restore cursor
2025-11-27 20:06:22,872 [ERROR] RtosPanel:558 - Can not restore the selected Tab for FREERTOS(A reason can be that the tab is no more available.)
2025-11-27 20:06:37,387 [INFO] UtilMem:75 - End SaveConfig() Used Memory: 965136080 Bytes (1073741824)
2025-11-27 20:06:39,518 [INFO] UtilMem:75 - End SaveConfig() Used Memory: 768928528 Bytes (1073741824)
2025-11-27 20:06:42,124 [INFO] UtilMem:75 - End SaveConfig() Used Memory: 849668880 Bytes (1073741824)
2025-11-27 20:06:44,032 [INFO] BlockDiagram:2775 - set Specific Code input for plugin: FREERTOS
2025-11-27 20:06:44,032 [INFO] BlockDiagram:2775 - set Specific Code input for plugin: SYS
2025-11-27 20:06:44,032 [INFO] BlockDiagram:2775 - set Specific Code input for plugin: RCC
2025-11-27 20:06:44,033 [INFO] BlockDiagram:2775 - set Specific Code input for plugin: NVIC
2025-11-27 20:06:44,033 [INFO] BlockDiagram:2775 - set Specific Code input for plugin: USART
2025-11-27 20:06:44,033 [INFO] BlockDiagram:2775 - set Specific Code input for plugin: GPIO
2025-11-27 20:06:44,065 [INFO] CodeGenerator:892 - code generatio: config db path: C:\ST\STM32CubeIDE_1.19.0\STM32CubeIDE\plugins\com.st.stm32cube.common.mx_6.15.0.202507011659\\db\
2025-11-27 20:06:44,213 [INFO] CodeEngine:265 - oldGeneratedFile, D:\BITSILICA_WORKSHEETS\STM32L476RG\52_Binary_Semaphore_FreeRTOS\MXTmpFiles\license.tmp_save
2025-11-27 20:06:44,522 [INFO] CodeEngine:289 - Generated code: D:\BITSILICA_WORKSHEETS\STM32L476RG\52_Binary_Semaphore_FreeRTOS\MXTmpFiles\license.tmp
2025-11-27 20:06:44,608 [INFO] CodeEngine:265 - oldGeneratedFile, D:\BITSILICA_WORKSHEETS\STM32L476RG\52_Binary_Semaphore_FreeRTOS\MXTmpFiles\gpio.tmp_save
2025-11-27 20:06:44,790 [INFO] CodeEngine:289 - Generated code: D:\BITSILICA_WORKSHEETS\STM32L476RG\52_Binary_Semaphore_FreeRTOS\MXTmpFiles\gpio.tmp
2025-11-27 20:06:44,960 [INFO] Middleware:1452 - No code input for Bsp Dependency
2025-11-27 20:06:44,979 [INFO] CodeEngine:265 - oldGeneratedFile, D:\BITSILICA_WORKSHEETS\STM32L476RG\52_Binary_Semaphore_FreeRTOS\MXTmpFiles\rtos_inc.tmp_save
2025-11-27 20:06:45,087 [INFO] CodeEngine:289 - Generated code: D:\BITSILICA_WORKSHEETS\STM32L476RG\52_Binary_Semaphore_FreeRTOS\MXTmpFiles\rtos_inc.tmp
2025-11-27 20:06:45,107 [INFO] CodeEngine:265 - oldGeneratedFile, D:\BITSILICA_WORKSHEETS\STM32L476RG\52_Binary_Semaphore_FreeRTOS\MXTmpFiles\rtos_kernelInit.tmp_save
2025-11-27 20:06:45,284 [INFO] CodeEngine:289 - Generated code: D:\BITSILICA_WORKSHEETS\STM32L476RG\52_Binary_Semaphore_FreeRTOS\MXTmpFiles\rtos_kernelInit.tmp
2025-11-27 20:06:45,302 [INFO] CodeEngine:265 - oldGeneratedFile, D:\BITSILICA_WORKSHEETS\STM32L476RG\52_Binary_Semaphore_FreeRTOS\MXTmpFiles\rtos_kernelStart.tmp_save
2025-11-27 20:06:45,408 [INFO] CodeEngine:289 - Generated code: D:\BITSILICA_WORKSHEETS\STM32L476RG\52_Binary_Semaphore_FreeRTOS\MXTmpFiles\rtos_kernelStart.tmp
2025-11-27 20:06:45,424 [INFO] CodeEngine:265 - oldGeneratedFile, D:\BITSILICA_WORKSHEETS\STM32L476RG\52_Binary_Semaphore_FreeRTOS\MXTmpFiles\rtos_typedefs.tmp_save
2025-11-27 20:06:45,516 [INFO] CodeEngine:289 - Generated code: D:\BITSILICA_WORKSHEETS\STM32L476RG\52_Binary_Semaphore_FreeRTOS\MXTmpFiles\rtos_typedefs.tmp
2025-11-27 20:06:45,532 [INFO] CodeEngine:265 - oldGeneratedFile, D:\BITSILICA_WORKSHEETS\STM32L476RG\52_Binary_Semaphore_FreeRTOS\MXTmpFiles\rtos_vars.tmp_save
2025-11-27 20:06:45,612 [INFO] CodeEngine:289 - Generated code: D:\BITSILICA_WORKSHEETS\STM32L476RG\52_Binary_Semaphore_FreeRTOS\MXTmpFiles\rtos_vars.tmp
2025-11-27 20:06:45,628 [INFO] CodeEngine:265 - oldGeneratedFile, D:\BITSILICA_WORKSHEETS\STM32L476RG\52_Binary_Semaphore_FreeRTOS\MXTmpFiles\rtos_pfp.tmp_save
2025-11-27 20:06:45,702 [INFO] CodeEngine:289 - Generated code: D:\BITSILICA_WORKSHEETS\STM32L476RG\52_Binary_Semaphore_FreeRTOS\MXTmpFiles\rtos_pfp.tmp
2025-11-27 20:06:45,717 [INFO] CodeEngine:265 - oldGeneratedFile, D:\BITSILICA_WORKSHEETS\STM32L476RG\52_Binary_Semaphore_FreeRTOS\MXTmpFiles\rtos_obj_creat.tmp_save
2025-11-27 20:06:45,794 [INFO] CodeEngine:289 - Generated code: D:\BITSILICA_WORKSHEETS\STM32L476RG\52_Binary_Semaphore_FreeRTOS\MXTmpFiles\rtos_obj_creat.tmp
2025-11-27 20:06:45,812 [INFO] CodeEngine:265 - oldGeneratedFile, D:\BITSILICA_WORKSHEETS\STM32L476RG\52_Binary_Semaphore_FreeRTOS\MXTmpFiles\rtos_default_thread.tmp_save
2025-11-27 20:06:45,899 [INFO] CodeEngine:289 - Generated code: D:\BITSILICA_WORKSHEETS\STM32L476RG\52_Binary_Semaphore_FreeRTOS\MXTmpFiles\rtos_default_thread.tmp
2025-11-27 20:06:45,919 [INFO] CodeEngine:265 - oldGeneratedFile, D:\BITSILICA_WORKSHEETS\STM32L476RG\52_Binary_Semaphore_FreeRTOS\MXTmpFiles\rtos_threads.tmp_save
2025-11-27 20:06:46,023 [INFO] CodeEngine:289 - Generated code: D:\BITSILICA_WORKSHEETS\STM32L476RG\52_Binary_Semaphore_FreeRTOS\MXTmpFiles\rtos_threads.tmp
2025-11-27 20:06:46,058 [INFO] Middleware:1452 - No code input for Bsp Dependency
2025-11-27 20:06:46,084 [INFO] CodeEngine:265 - oldGeneratedFile, D:\BITSILICA_WORKSHEETS\STM32L476RG\52_Binary_Semaphore_FreeRTOS\MXTmpFiles\rtos_inc.tmp_save
2025-11-27 20:06:46,211 [INFO] CodeEngine:289 - Generated code: D:\BITSILICA_WORKSHEETS\STM32L476RG\52_Binary_Semaphore_FreeRTOS\MXTmpFiles\rtos_inc.tmp
2025-11-27 20:06:46,236 [INFO] CodeEngine:265 - oldGeneratedFile, D:\BITSILICA_WORKSHEETS\STM32L476RG\52_Binary_Semaphore_FreeRTOS\MXTmpFiles\rtos_kernelInit.tmp_save
2025-11-27 20:06:46,373 [INFO] CodeEngine:289 - Generated code: D:\BITSILICA_WORKSHEETS\STM32L476RG\52_Binary_Semaphore_FreeRTOS\MXTmpFiles\rtos_kernelInit.tmp
2025-11-27 20:06:46,401 [INFO] CodeEngine:265 - oldGeneratedFile, D:\BITSILICA_WORKSHEETS\STM32L476RG\52_Binary_Semaphore_FreeRTOS\MXTmpFiles\rtos_kernelStart.tmp_save
2025-11-27 20:06:46,519 [INFO] CodeEngine:289 - Generated code: D:\BITSILICA_WORKSHEETS\STM32L476RG\52_Binary_Semaphore_FreeRTOS\MXTmpFiles\rtos_kernelStart.tmp
2025-11-27 20:06:46,544 [INFO] CodeEngine:265 - oldGeneratedFile, D:\BITSILICA_WORKSHEETS\STM32L476RG\52_Binary_Semaphore_FreeRTOS\MXTmpFiles\rtos_typedefs.tmp_save
2025-11-27 20:06:46,663 [INFO] CodeEngine:289 - Generated code: D:\BITSILICA_WORKSHEETS\STM32L476RG\52_Binary_Semaphore_FreeRTOS\MXTmpFiles\rtos_typedefs.tmp
2025-11-27 20:06:46,686 [INFO] CodeEngine:265 - oldGeneratedFile, D:\BITSILICA_WORKSHEETS\STM32L476RG\52_Binary_Semaphore_FreeRTOS\MXTmpFiles\rtos_vars.tmp_save
2025-11-27 20:06:46,783 [INFO] CodeEngine:289 - Generated code: D:\BITSILICA_WORKSHEETS\STM32L476RG\52_Binary_Semaphore_FreeRTOS\MXTmpFiles\rtos_vars.tmp
2025-11-27 20:06:46,809 [INFO] CodeEngine:265 - oldGeneratedFile, D:\BITSILICA_WORKSHEETS\STM32L476RG\52_Binary_Semaphore_FreeRTOS\MXTmpFiles\rtos_pfp.tmp_save
2025-11-27 20:06:46,889 [INFO] CodeEngine:289 - Generated code: D:\BITSILICA_WORKSHEETS\STM32L476RG\52_Binary_Semaphore_FreeRTOS\MXTmpFiles\rtos_pfp.tmp
2025-11-27 20:06:46,907 [INFO] CodeEngine:265 - oldGeneratedFile, D:\BITSILICA_WORKSHEETS\STM32L476RG\52_Binary_Semaphore_FreeRTOS\MXTmpFiles\rtos_obj_creat.tmp_save
2025-11-27 20:06:46,979 [INFO] CodeEngine:289 - Generated code: D:\BITSILICA_WORKSHEETS\STM32L476RG\52_Binary_Semaphore_FreeRTOS\MXTmpFiles\rtos_obj_creat.tmp
2025-11-27 20:06:46,995 [INFO] CodeEngine:265 - oldGeneratedFile, D:\BITSILICA_WORKSHEETS\STM32L476RG\52_Binary_Semaphore_FreeRTOS\MXTmpFiles\rtos_default_thread.tmp_save
2025-11-27 20:06:47,063 [INFO] CodeEngine:289 - Generated code: D:\BITSILICA_WORKSHEETS\STM32L476RG\52_Binary_Semaphore_FreeRTOS\MXTmpFiles\rtos_default_thread.tmp
2025-11-27 20:06:47,082 [INFO] CodeEngine:265 - oldGeneratedFile, D:\BITSILICA_WORKSHEETS\STM32L476RG\52_Binary_Semaphore_FreeRTOS\MXTmpFiles\rtos_threads.tmp_save
2025-11-27 20:06:47,148 [INFO] CodeEngine:289 - Generated code: D:\BITSILICA_WORKSHEETS\STM32L476RG\52_Binary_Semaphore_FreeRTOS\MXTmpFiles\rtos_threads.tmp
2025-11-27 20:06:47,169 [INFO] CodeEngine:265 - oldGeneratedFile, D:\BITSILICA_WORKSHEETS\STM32L476RG\52_Binary_Semaphore_FreeRTOS\Core\Inc\FreeRTOSConfig.h_save
2025-11-27 20:06:47,291 [INFO] CodeEngine:289 - Generated code: D:\BITSILICA_WORKSHEETS\STM32L476RG\52_Binary_Semaphore_FreeRTOS\Core\Inc\FreeRTOSConfig.h
2025-11-27 20:06:47,326 [INFO] CodeEngine:265 - oldGeneratedFile, D:\BITSILICA_WORKSHEETS\STM32L476RG\52_Binary_Semaphore_FreeRTOS\Core\Src\freertos.c_save
2025-11-27 20:06:47,426 [INFO] CodeEngine:289 - Generated code: D:\BITSILICA_WORKSHEETS\STM32L476RG\52_Binary_Semaphore_FreeRTOS\Core\Src\freertos.c
2025-11-27 20:06:47,474 [INFO] CodeEngine:265 - oldGeneratedFile, D:\BITSILICA_WORKSHEETS\STM32L476RG\52_Binary_Semaphore_FreeRTOS\Core\Src\stm32l4xx_it.c_save
2025-11-27 20:06:47,649 [INFO] CodeEngine:289 - Generated code: D:\BITSILICA_WORKSHEETS\STM32L476RG\52_Binary_Semaphore_FreeRTOS\Core\Src\stm32l4xx_it.c
2025-11-27 20:06:47,681 [INFO] CodeEngine:265 - oldGeneratedFile, D:\BITSILICA_WORKSHEETS\STM32L476RG\52_Binary_Semaphore_FreeRTOS\Core\Inc\stm32l4xx_it.h_save
2025-11-27 20:06:47,772 [INFO] CodeEngine:289 - Generated code: D:\BITSILICA_WORKSHEETS\STM32L476RG\52_Binary_Semaphore_FreeRTOS\Core\Inc\stm32l4xx_it.h
2025-11-27 20:06:47,833 [INFO] CodeEngine:265 - oldGeneratedFile, D:\BITSILICA_WORKSHEETS\STM32L476RG\52_Binary_Semaphore_FreeRTOS\Core\Src\stm32l4xx_hal_msp.c_save
2025-11-27 20:06:47,966 [INFO] CodeEngine:289 - Generated code: D:\BITSILICA_WORKSHEETS\STM32L476RG\52_Binary_Semaphore_FreeRTOS\Core\Src\stm32l4xx_hal_msp.c
2025-11-27 20:06:47,994 [INFO] CodeEngine:265 - oldGeneratedFile, D:\BITSILICA_WORKSHEETS\STM32L476RG\52_Binary_Semaphore_FreeRTOS\MXTmpFiles\system.tmp_save
2025-11-27 20:06:48,079 [INFO] CodeEngine:289 - Generated code: D:\BITSILICA_WORKSHEETS\STM32L476RG\52_Binary_Semaphore_FreeRTOS\MXTmpFiles\system.tmp
2025-11-27 20:06:48,130 [INFO] CodeEngine:321 - oldGeneratedFile, D:\BITSILICA_WORKSHEETS\STM32L476RG\52_Binary_Semaphore_FreeRTOS\Core\Inc\stm32l4xx_hal_conf.h_save
2025-11-27 20:06:48,232 [INFO] CodeEngine:345 - Generated code: D:\BITSILICA_WORKSHEETS\STM32L476RG\52_Binary_Semaphore_FreeRTOS\Core\Inc\stm32l4xx_hal_conf.h
2025-11-27 20:06:48,323 [INFO] ApiDbMcu:532 - Load IP Config File for USART2
2025-11-27 20:06:48,330 [INFO] ApiDbMcu:532 - Load IP Config File for RCC
2025-11-27 20:06:48,370 [INFO] CodeEngine:265 - oldGeneratedFile, D:\BITSILICA_WORKSHEETS\STM32L476RG\52_Binary_Semaphore_FreeRTOS\Core\Inc\main.h_save
2025-11-27 20:06:48,528 [INFO] CodeEngine:289 - Generated code: D:\BITSILICA_WORKSHEETS\STM32L476RG\52_Binary_Semaphore_FreeRTOS\Core\Inc\main.h
2025-11-27 20:06:48,550 [INFO] CodeEngine:265 - oldGeneratedFile, D:\BITSILICA_WORKSHEETS\STM32L476RG\52_Binary_Semaphore_FreeRTOS\Core\Src\main.c_save
2025-11-27 20:06:48,728 [INFO] CodeEngine:289 - Generated code: D:\BITSILICA_WORKSHEETS\STM32L476RG\52_Binary_Semaphore_FreeRTOS\Core\Src\main.c
2025-11-27 20:06:49,828 [INFO] ProjectBuilder:3606 - Time for Copy HAL[1] : 886mS.
2025-11-27 20:06:49,836 [INFO] ProjectBuilder:5216 - Project Generator version: 4.7.0-B52
2025-11-27 20:06:49,919 [INFO] ConfigFileManager:1595 - The Die is : DIE415
2025-11-27 20:06:49,924 [INFO] ApiDbMcu:532 - Load IP Config File for FATFS
2025-11-27 20:06:49,934 [INFO] ApiDbMcu:532 - Load IP Config File for TOUCHSENSING
2025-11-27 20:06:49,942 [INFO] ApiDbMcu:532 - Load IP Config File for USB_DEVICE
2025-11-27 20:06:49,949 [INFO] ApiDbMcu:532 - Load IP Config File for USB_HOST
2025-11-27 20:06:52,715 [INFO] ProjectBuilder:5496 - Time for Generating toolchain IDE Files: 2879mS.
2025-11-27 20:06:52,719 [INFO] ProjectBuilder:3463 - Time for Copy CMSIS : 2mS.
2025-11-27 20:06:52,751 [INFO] ProjectBuilder:3463 - Time for Copy CMSIS : 0mS.
2025-11-27 20:11:47,674 [INFO] WebApp:194 - Connection lost
2025-11-27 20:11:48,701 [INFO] WebApp:191 - Connection restablished
2025-11-27 20:13:09,290 [ERROR] ConfigurationRetriever:142 - IOException on connection: Read timed out
2025-11-27 20:36:16,517 [INFO] WebApp:403 - JxBrowser engine has been closed 
